Table Name,Field Name,Field Description
_MDD_SR_MONITOR_LOG,Log ID,Identity key for each log event.
_MDD_SR_MONITOR_LOG,Log Date,Timestamp when the log event was written.
_MDD_SR_MONITOR_LOG,Log System,System label that emitted the log event.
_MDD_SR_MONITOR_LOG,Log Category,Top-level category for the log event.
_MDD_SR_MONITOR_LOG,Log Subcategory,Secondary category for the log event.
_MDD_SR_MONITOR_LOG,Log Line,Message text written to the log.
_MDD_SR_MONITOR_LOG,Log Value Float,Optional numeric float value associated with the log event.
_MDD_SR_MONITOR_LOG,Log Value Int,Optional numeric integer value associated with the log event.
_MDD_JCT_TABLE_STATS,Schema Name,Schema name of the profiled table.
_MDD_JCT_TABLE_STATS,Table Name,Name of the profiled table.
_MDD_JCT_TABLE_STATS,Field Count,Count of columns on the table.
_MDD_JCT_TABLE_STATS,Row Count,Approximate table row count from partitions metadata.
_MDD_JCT_TABLE_STATS,Datapoint Count,Calculated count of fields multiplied by rows.
_MDD_JCT_NUMBERS,Number,Sequential integer value starting at zero.
_MDD_JCT_NUMBERS,Suffix,Ordinal suffix text for the numeric value.
_MDD_JCT_DATES_FY_DAYS,Month Number,Calendar month number.
_MDD_JCT_DATES_FY_DAYS,Day Number,Calendar day-of-month number.
_MDD_JCT_DATES_FY_DAYS,Fiscal Year,Fiscal year offset used to derive fiscal year labels.
_MDD_JCT_DATES_FY_DAYS,Fiscal Month,Fiscal month number mapped from calendar month/day.
_MDD_JCT_DATES_FY_DAYS,Fiscal Quarter,Fiscal quarter number mapped from fiscal month.
_MDD_JCT_DATES,Date ID Fuzzy A0,Sequential row number over date order.
_MDD_JCT_DATES,Date ID,Integer day offset from 1900-01-01.
_MDD_JCT_DATES,Fiscal Year (YYYY),Fiscal year label represented as YYYY integer.
_MDD_JCT_DATES,Fiscal Month,Fiscal month number for the date.
_MDD_JCT_DATES,Fiscal Quarter,Fiscal quarter number for the date.
_MDD_JCT_DATES,Date,Calendar date value.
_MDD_JCT_DATES_MONTHS,Date,First day of the month represented by the row.
_MDD_JCT_DATES_MONTHS,Date Year (YYYY),Calendar year of the month row.
_MDD_JCT_DATES_MONTHS,Date Month (M),Calendar month number of the row.
_MDD_JCT_DATES_MONTHS,Date Month Name,Calendar month name of the row.
_MDD_JCT_MINUTES,date_time,Minute timestamp value.
_MDD_JCT_DATES_MINUTES,Date and Time,Minute timestamp aligned to calendar date attributes.
_MDD_JCT_DATES_MINUTES,Time,Time portion of the minute timestamp.
_MDD_JCT_DATES_MINUTES,Time 24 Hour,24-hour clock hour value.
_MDD_JCT_DATES_MINUTES,Time Minute,Minute component value.
_MDD_JCT_DATES_MINUTES,Time Is Business Hours,Business-hours flag based on agency-specific start/end hour settings.
_MDD_JCT_DATES_MINUTES,Time Is Business Hours (Weekends),Business-hours classification that forces weekends to outside-business-hours.
_MDD_JCT_DATES_DAY_MINUTES,Minute ID,Minute index from 0 to 1439.
_MDD_JCT_DATES_DAY_MINUTES,Hour,Hour number derived from minute index.
_MDD_JCT_DATES_DAY_MINUTES,Hour Start,Start time for the hour bucket.
_MDD_JCT_DATES_DAY_MINUTES,Hour End,End time for the hour bucket.
_MDD_JCT_DATES_DAY_MINUTES,Time,24-hour formatted time string.
_MDD_JCT_DATES_DAY_MINUTES,Time 12 AMPM,12-hour formatted time string.
_MDD_JCT_REPORT_DESIGN_MDD,hex_visual_color_pop_1,Primary bold visualization color 1 in hex format.
_MDD_JCT_REPORT_DESIGN_MDD,hex_visual_color_pop_2,Primary bold visualization color 2 in hex format.
_MDD_JCT_REPORT_DESIGN_MDD,hex_visual_color_muted_1,Muted visualization color 1 in hex format.
_MDD_JCT_REPORT_DESIGN_MDD,hex_visual_color_muted_2,Muted visualization color 2 in hex format.
_MDD_JCT_REPORT_DESIGN_MDD,hex_dashboard_background,Dashboard background color in hex format.
_MDD_JCT_REPORT_DESIGN_MDD,logo_mdd,URL to the Mission Driven Data logo asset.
_MDD_JCT_CREDIBLE_ACCOUNTS,Account Number,
_MDD_JCT_CREDIBLE_ACCOUNTS,A1,
_MDD_JCT_CREDIBLE_ACCOUNTS,A2,
_MDD_JCT_CREDIBLE_ACCOUNTS,A3,
_MDD_JCT_CREDIBLE_ADDRESSES,Object Category ID,Unique ID of the Object Category.
_MDD_JCT_CREDIBLE_ADDRESSES,Object ID,Unique ID of the Object.
_MDD_JCT_CREDIBLE_ADDRESSES,Address Type ID,Unique ID of the Address Type.
_MDD_JCT_CREDIBLE_ADDRESSES,Address ID Fuzzy A0,
_MDD_JCT_CREDIBLE_ADDRESSES,Address ID,Unique ID of the Address.
_MDD_JCT_CREDIBLE_ADDRESSES,Object Category,
_MDD_JCT_CREDIBLE_ADDRESSES,Address Type,
_MDD_JCT_CREDIBLE_ADDRESSES,Address 1,
_MDD_JCT_CREDIBLE_ADDRESSES,Address 2,
_MDD_JCT_CREDIBLE_ADDRESSES,Address City,
_MDD_JCT_CREDIBLE_ADDRESSES,Address State,
_MDD_JCT_CREDIBLE_ADDRESSES,Address Zip,
_MDD_JCT_CREDIBLE_ADDRESSES,Address County,
_MDD_JCT_CREDIBLE_ADDRESSES,Address Country,
_MDD_JCT_CREDIBLE_ADDRESSES,Address NPI Number,The National Provider Identifier ID of the individual.
_MDD_JCT_CREDIBLE_ADDRESSES_CLIENT_BILLING,Client ID,Unique ID of the Client.
_MDD_JCT_CREDIBLE_ADDRESSES_CLIENT_BILLING,Client Address Primary ID Fuzzy A0,
_MDD_JCT_CREDIBLE_ADDRESSES_CLIENT_BILLING,Client Address Billing 1,
_MDD_JCT_CREDIBLE_ADDRESSES_CLIENT_BILLING,Client Address Billing 2,
_MDD_JCT_CREDIBLE_ADDRESSES_CLIENT_BILLING,Client Address Billing City,
_MDD_JCT_CREDIBLE_ADDRESSES_CLIENT_BILLING,Client Address Billing State,
_MDD_JCT_CREDIBLE_ADDRESSES_CLIENT_BILLING,Client Address Billing Zip,
_MDD_JCT_CREDIBLE_ADDRESSES_CLIENT_BILLING,Client Address Billing County,
_MDD_JCT_CREDIBLE_ADDRESSES_CLIENT_BILLING,Client Address Billing Country,
_MDD_JCT_CREDIBLE_ADDRESSES_CLIENT_PRIMARY,Client ID,Unique ID of the Client.
_MDD_JCT_CREDIBLE_ADDRESSES_CLIENT_PRIMARY,Client Address Primary ID Fuzzy A0,
_MDD_JCT_CREDIBLE_ADDRESSES_CLIENT_PRIMARY,Client Address Primary 1,
_MDD_JCT_CREDIBLE_ADDRESSES_CLIENT_PRIMARY,Client Address Primary 2,
_MDD_JCT_CREDIBLE_ADDRESSES_CLIENT_PRIMARY,Client Address Primary City,
_MDD_JCT_CREDIBLE_ADDRESSES_CLIENT_PRIMARY,Client Address Primary State,
_MDD_JCT_CREDIBLE_ADDRESSES_CLIENT_PRIMARY,Client Address Primary Zip,
_MDD_JCT_CREDIBLE_ADDRESSES_CLIENT_PRIMARY,Client Address Primary County,
_MDD_JCT_CREDIBLE_ADDRESSES_CLIENT_PRIMARY,Client Address Primary Country,
_MDD_JCT_CREDIBLE_AGENCY,Agency Domain,
_MDD_JCT_CREDIBLE_AGENCY,Agency ID,Unique ID of the Agency.
_MDD_JCT_CREDIBLE_AGENCY,Tab Label For Clients,
_MDD_JCT_CREDIBLE_AGENCY,Tab Label For Planner,
_MDD_JCT_CREDIBLE_AGENCY,Tab Label For Employee,
_MDD_JCT_CREDIBLE_AGENCY,Feature OnCall,
_MDD_JCT_CREDIBLE_AGENCY,Agency Name,
_MDD_JCT_CREDIBLE_AGENCY,Agency Name Label,
_MDD_JCT_CREDIBLE_AGE_GROUPS,Age,
_MDD_JCT_CREDIBLE_AGE_GROUPS,Age Group,A set of predefined age ranges used to group individuals into reporting categories.
_MDD_JCT_CREDIBLE_AGE_GROUPS,Age Group Sort Order,The order by which age groups are sorted in visualizations.
_MDD_JCT_CREDIBLE_AGE_GROUPS_CUSTOM,Floor,
_MDD_JCT_CREDIBLE_AGE_GROUPS_CUSTOM,Ceiling,
_MDD_JCT_CREDIBLE_AGE_GROUPS_CUSTOM,GroupName,
_MDD_JCT_CREDIBLE_AGE_GROUPS_CUSTOM,SortOrder,
_MDD_JCT_CREDIBLE_ANONYMOUS_CX,ID,"Source identifier key value used as the crosswalk input across client, appointment, and employee ID domains."
_MDD_JCT_CREDIBLE_ANONYMOUS_CX,Prox ID,Randomized anonymous identifier assigned to [ID] for de-identification.
_MDD_JCT_CREDIBLE_APPOINTMENTS,Appointment ID Universal,"The ID number guaranteed to be unique within its dataset, even when the expected ID based on field namne is repeated because the dataset intentionally unionizes multiple similar objects."
_MDD_JCT_CREDIBLE_APPOINTMENTS,Appointment Tense ID,Unique ID of the Appointment Tense.
_MDD_JCT_CREDIBLE_APPOINTMENTS,Appointment ID,Unique ID of the Appointment.
_MDD_JCT_CREDIBLE_APPOINTMENTS,Appointment Tense,"Describes a category of services: employee visit, scheduled and completed, incomplete, scheduled and not started, and scheduled future appointment."
_MDD_JCT_CREDIBLE_APPOINTMENTS,Planner ID,Unique ID of the Planner.
_MDD_JCT_CREDIBLE_APPOINTMENTS,Appointment Draft ID,Unique ID of the Appointment Draft.
_MDD_JCT_CREDIBLE_APPOINTMENTS,Appointment Start,"The start of the time span, as a date or datetime value."
_MDD_JCT_CREDIBLE_APPOINTMENTS,Appointment End,"The end of the time span, as a date or datetime value."
_MDD_JCT_CREDIBLE_APPOINTMENTS,Appointment Start Fiscal Year (YYYY),
_MDD_JCT_CREDIBLE_APPOINTMENTS,Appointment Start Fiscal Year (FY YYYY),
_MDD_JCT_CREDIBLE_APPOINTMENTS,Appointment Billable,"Indicates whether or not a time span is billable, typically a service."
_MDD_JCT_CREDIBLE_APPOINTMENTS,Appointment Duration (Minutes),The duration of the time span in minutes.
_MDD_JCT_CREDIBLE_APPOINTMENTS,Appointment Duration (Hours),The duration of the time span in hours.
_MDD_JCT_CREDIBLE_APPOINTMENTS,POS ID,Unique ID of the POS.
_MDD_JCT_CREDIBLE_APPOINTMENTS,Appointment Created Date,The date the Appointment record was created.
_MDD_JCT_CREDIBLE_APPOINTMENTS,Appointment Updated Date,The date the Appointment record was last updated.
_MDD_JCT_CREDIBLE_APPOINTMENTS,Appointment Submitted Date,DO NOT USE.
_MDD_JCT_CREDIBLE_APPOINTMENTS,Appointment Signed Date,The date which the given time span was signed.
_MDD_JCT_CREDIBLE_APPOINTMENTS,Appointment Recipient ID,Unique ID of the Appointment Recipient.
_MDD_JCT_CREDIBLE_APPOINTMENTS,Appointment Rate (Contract),The rate associated with the time span which has been contracted with a specific payer via an insurance plan.
_MDD_JCT_CREDIBLE_APPOINTMENTS,Appointment Rate (Rate),The usual customary rate associated with the time span which has been contracted with a specific payer via an insurance plan.
_MDD_JCT_CREDIBLE_APPOINTMENTS,Appointment Rate (Combined Rate),The combined rate associated with the time span which has been contracted with a specific payer via an insurance plan.
_MDD_JCT_CREDIBLE_APPOINTMENTS,Appointment Rate (Cascaded),
_MDD_JCT_CREDIBLE_APPOINTMENTS,Appointment Approved,"The approval status of the time span, typically by a supervisor."
_MDD_JCT_CREDIBLE_APPOINTMENTS,Appointment Approved Date,The date of the approval.
_MDD_JCT_CREDIBLE_APPOINTMENTS,Appointment Status,"The individual's status in the system, typically ""active"", ""inactive"", or ""pending"". The client status value as recorded."
_MDD_JCT_CREDIBLE_APPOINTMENTS,User ID,Unique ID of the User.
_MDD_JCT_CREDIBLE_APPOINTMENTS,Appointment Entered Date,The date-time value when a record about the time span was enter into the system or created.
_MDD_JCT_CREDIBLE_APPOINTMENTS,Appointment Created Fiscal Year,The organization's fiscal year that the entity was created.
_MDD_JCT_CREDIBLE_APPOINTMENTS,Appointment Dx1,"The first diagnosis associated with the time span as determined by billing rules. If associated with a claim, this Dx is submitted to a Payer / Insurance."
_MDD_JCT_CREDIBLE_APPOINTMENTS,Appointment Dx2,"The second diagnosis associated with the time span as determined by billing rules. If associated with a claim, this Dx is submitted to a Payer / Insurance."
_MDD_JCT_CREDIBLE_APPOINTMENTS,Appointment Dx3,"The third diagnosis associated with the time span as determined by billing rules. If associated with a claim, this Dx is submitted to a Payer / Insurance."
_MDD_JCT_CREDIBLE_APPOINTMENTS,Appointment Dx4,"The fourth diagnosis associated with the time span as determined by billing rules. If associated with a claim, this Dx is submitted to a Payer / Insurance."
_MDD_JCT_CREDIBLE_APPOINTMENTS,Appointment Dx5,"The fifth diagnosis associated with the time span as determined by billing rules. If associated with a claim, this Dx is submitted to a Payer / Insurance."
_MDD_JCT_CREDIBLE_APPOINTMENTS,Appointment Procedure Code,Either the Procedure Code CPT or Procedure Code HCPCS if only one or the other is provided.
_MDD_JCT_CREDIBLE_APPOINTMENTS,Appointment Procedure Code HCPCS,The procedure code associated with the time span from the Center for Medicare and Medicaid Services's procedure code registry.
_MDD_JCT_CREDIBLE_APPOINTMENTS,Appointment Procedure Code CPT,The procedure code associated with the time span from the American Medical Association's procedure code registry.
_MDD_JCT_CREDIBLE_APPOINTMENTS,Appointment Procedure Code CPT Modifier 1,The first modifier for Procedure Code CPT.
_MDD_JCT_CREDIBLE_APPOINTMENTS,Appointment Procedure Code CPT Modifier 2,The second modifier for Procedure Code CPT.
_MDD_JCT_CREDIBLE_APPOINTMENTS,Appointment Procedure Code CPT Modifier 3,The third modifier for Procedure Code CPT.
_MDD_JCT_CREDIBLE_APPOINTMENTS,Appointment Procedure Code CPT Modifier 4,The fourth modifier for Procedure Code CPT.
_MDD_JCT_CREDIBLE_APPOINTMENTS,Appointment Is Recurrence,Indicates whether the time span is associated with a recurrence.
_MDD_JCT_CREDIBLE_APPOINTMENTS,User Hire Date,
_MDD_JCT_CREDIBLE_APPOINTMENTS,Client ID,Unique ID of the Client.
_MDD_JCT_CREDIBLE_APPOINTMENTS,Client ID Anonymous,
_MDD_JCT_CREDIBLE_APPOINTMENTS,Enrollment ID,Unique ID of the Enrollment.
_MDD_JCT_CREDIBLE_APPOINTMENTS,Tx Plan ID,Unique ID of the Tx Plan.
_MDD_JCT_CREDIBLE_APPOINTMENTS,Bx ID,Unique ID of the Bx.
_MDD_JCT_CREDIBLE_APPOINTMENTS,Appointment Sequence Client ASC,
_MDD_JCT_CREDIBLE_APPOINTMENTS,Appointment Sequence Client DESC,
_MDD_JCT_CREDIBLE_APPOINTMENTS,Appointment Sequence Client-Enrollment-Type-ASC,
_MDD_JCT_CREDIBLE_APPOINTMENTS,Appointment Sequence Client-Enrollment-Type-DESC,
_MDD_JCT_CREDIBLE_APPOINTMENTS,Appointment Sequence Client-Type-ASC,
_MDD_JCT_CREDIBLE_APPOINTMENTS,Appointment Sequence Client-Type-DESC,
_MDD_JCT_CREDIBLE_APPOINTMENTS,Appointment Sequence Client-Enrollment-ASC,
_MDD_JCT_CREDIBLE_APPOINTMENTS,Appointment Sequence Client-Enrollment-DESC,
_MDD_JCT_CREDIBLE_APPOINTMENTS,Appointment Link,The URL that will take the user directly to the entity described in the record.
_MDD_JCT_CREDIBLE_APPOINTMENTS,Appointment Link Billing,A link directly to the billing screen in Credible for this service.
_MDD_JCT_CREDIBLE_APPOINTMENTS,Form Version ID,Unique ID of the Form Version.
_MDD_JCT_CREDIBLE_APPOINTMENTS,Appointment Family Split Primary ID,Unique ID of the Appointment Family Split Primary.
_MDD_JCT_CREDIBLE_APPOINTMENTS,Appointment Type ID,Unique ID of the Appointment Type.
_MDD_JCT_CREDIBLE_APPOINTMENTS,Appointment Type,"The name of the service type. This is how the agency refers to this service. Synonyms include visit type, visit description, service type, service description."
_MDD_JCT_CREDIBLE_APPOINTMENTS,Appointment Type Name,
_MDD_JCT_CREDIBLE_APPOINTMENTS,Appointment Type Paperwork Form ID,Unique ID of the Appointment Type Paperwork Form.
_MDD_JCT_CREDIBLE_APPOINTMENTS,Form ID,Unique ID of the Form.
_MDD_JCT_CREDIBLE_APPOINTMENTS,Appointment Type Exclude From Reminders,
_MDD_JCT_CREDIBLE_APPOINTMENTS,Appointment Type Is Tx Plan,
_MDD_JCT_CREDIBLE_APPOINTMENTS,Appointment Type Tx Setting,
_MDD_JCT_CREDIBLE_APPOINTMENTS,Appointment Type Count Last 30 Days,
_MDD_JCT_CREDIBLE_APPOINTMENTS,Program ID,Unique ID of the Program.
_MDD_JCT_CREDIBLE_APPOINTMENTS,Program ID External,
_MDD_JCT_CREDIBLE_APPOINTMENTS,Program Name,The name of the program in which the service took place.
_MDD_JCT_CREDIBLE_APPOINTMENTS,Program Code,
_MDD_JCT_CREDIBLE_APPOINTMENTS,Program Group Without Nulls,
_MDD_JCT_CREDIBLE_APPOINTMENTS,Program Group,
_MDD_JCT_CREDIBLE_APPOINTMENTS,Program Group > Name,"If the service's program is part of a program group, this is the name of the program group followed by the name of the program, separated with "">""."
_MDD_JCT_CREDIBLE_APPOINTMENTS,Program Is Residential,
_MDD_JCT_CREDIBLE_APPOINTMENTS,Program Tx Setting,
_MDD_JCT_CREDIBLE_APPOINTMENTS,Program Revenue Code,
_MDD_JCT_CREDIBLE_APPOINTMENTS,Program Created Date,The date the Program record was created.
_MDD_JCT_CREDIBLE_APPOINTMENTS,Program Created Date Fiscal Year,
_MDD_JCT_CREDIBLE_APPOINTMENTS,Program Created By Employee ID,Unique ID of the Program Created By Employee.
_MDD_JCT_CREDIBLE_APPOINTMENTS,Program Updated Date,The date the Program record was last updated.
_MDD_JCT_CREDIBLE_APPOINTMENTS,Program Updated Date Fiscal Year,
_MDD_JCT_CREDIBLE_APPOINTMENTS,Program Updated By Employee ID,Unique ID of the Program Updated By Employee.
_MDD_JCT_CREDIBLE_APPOINTMENTS,Program Active Episode Count,"Count of active program episodes associated with the program context carried on the appointment row. This can support service-delivery-oriented census analysis, especially when the user is interested in census through documented or billable encounters rather than enrollment paperwork."
_MDD_JCT_CREDIBLE_APPOINTMENTS,Program Active Client Assignment Count,
_MDD_JCT_CREDIBLE_APPOINTMENTS,Program Active Client Assignment Primary Count,
_MDD_JCT_CREDIBLE_APPOINTMENTS,Appointment Start Date,The start of the end of the time span.
_MDD_JCT_CREDIBLE_APPOINTMENTS,Appointment End Date,The date of the end of the time span.
_MDD_JCT_CREDIBLE_APPOINTMENTS,Appointment Start Date ID,Unique ID of the Appointment Start Date.
_MDD_JCT_CREDIBLE_APPOINTMENTS,Appointment End Date ID,Unique ID of the Appointment End Date.
_MDD_JCT_CREDIBLE_APPOINTMENTS,Appointment Start Hour,
_MDD_JCT_CREDIBLE_APPOINTMENTS,Appointment End Hour,The hour the time span ends. Will be a range of 0-23.
_MDD_JCT_CREDIBLE_APPOINTMENTS,Appointment Start Weekday,
_MDD_JCT_CREDIBLE_APPOINTMENTS,Appointment End Weekday,"The weekday the time span ends. Will be a range of 1-7, where 1 = Sunday."
_MDD_JCT_CREDIBLE_APPOINTMENTS,Appointment Time From Appointment Start To Today (Days),
_MDD_JCT_CREDIBLE_APPOINTMENTS,Appointment Time Appointment End To Approval (Hours),
_MDD_JCT_CREDIBLE_APPOINTMENTS,Appointment Time Appointment End To Approval (Days),
_MDD_JCT_CREDIBLE_APPOINTMENTS,Appointment Time Appointment Submitted To Approval (Hours),
_MDD_JCT_CREDIBLE_APPOINTMENTS,Appointment Time Appointment Submitted To Approval (Days),
_MDD_JCT_CREDIBLE_APPOINTMENTS,Appointment Time Appointment Signed To Approval (Hours),
_MDD_JCT_CREDIBLE_APPOINTMENTS,Appointment Time Appointment Signed To Approval (Days),
_MDD_JCT_CREDIBLE_APPOINTMENTS,Appointment Time Appointment Entered To Approval (Days),
_MDD_JCT_CREDIBLE_APPOINTMENTS,Appointment Time Appointment End To Entered (Days),
_MDD_JCT_CREDIBLE_APPOINTMENTS,Appointment Client Age In Years Old,
_MDD_JCT_CREDIBLE_APPOINTMENTS,Appointment Time From Enrollment to Service Start Days,"The time from the start of the enrollment to the start of a given service, in days."
_MDD_JCT_CREDIBLE_APPOINTMENTS,Appointment Time From Enrollment to Service Start Hours,"The time from the start of the enrollment to the start of a given service, in hours."
_MDD_JCT_CREDIBLE_APPOINTMENTS,Appointment Time From Enrollment to Service Start Minutes,"The time from the start of the enrollment to the start of a given service, in minutes."
_MDD_JCT_CREDIBLE_APPOINTMENTS,Appointment Sequence Client-Enrollment-Type-ASC-ENG,
_MDD_JCT_CREDIBLE_APPOINTMENTS,Appointment Sequence Client-Enrollment-Type-DESC-ENG,
_MDD_JCT_CREDIBLE_APPOINTMENTS,Appointment Sequence Client-Type-ASC-ENG,
_MDD_JCT_CREDIBLE_APPOINTMENTS,Appointment Sequence Client-Type-DESC-ENG,
_MDD_JCT_CREDIBLE_APPOINTMENTS,Payer Primary ID,Unique ID of the Payer Primary.
_MDD_JCT_CREDIBLE_APPOINTMENTS,Payer Primary Name,"The name of a payer or insurer that is primarily associated with the time span, typically associated with billing."
_MDD_JCT_CREDIBLE_APPOINTMENTS,Payer Primary Type,"The type of a payer or insurer that is primarily associated with the time span, typically associated with billing."
_MDD_JCT_CREDIBLE_APPOINTMENTS,Payer Current ID,Unique ID of the Payer Current.
_MDD_JCT_CREDIBLE_APPOINTMENTS,Payer Current Name,"The name of a payer or insurer that is currently associated with the time span, typically associated with billing."
_MDD_JCT_CREDIBLE_APPOINTMENTS,Payer Current Type,"The type of a payer or insurer that is currently associated with the time span, typically associated with billing."
_MDD_JCT_CREDIBLE_APPOINTMENTS,Appointment Balance,"The current monetary amount due for the time span, typically a billable service."
_MDD_JCT_CREDIBLE_APPOINTMENTS,Appointment Client Age Group In Years Old,
_MDD_JCT_CREDIBLE_APPOINTMENTS,Appointment Client Age Group In Years Old Sort Order,
_MDD_JCT_CREDIBLE_APPOINTMENTS,Client ID External,
_MDD_JCT_CREDIBLE_APPOINTMENTS,Client ID Social Security Number,
_MDD_JCT_CREDIBLE_APPOINTMENTS,Client ID Fuzzy A2,
_MDD_JCT_CREDIBLE_APPOINTMENTS,Client ID JCT Fuzzy A0,
_MDD_JCT_CREDIBLE_APPOINTMENTS,Client ID JCT Fuzzy A1,
_MDD_JCT_CREDIBLE_APPOINTMENTS,Client Name First & Last,The client's name formatted as first and last.
_MDD_JCT_CREDIBLE_APPOINTMENTS,Client Name Last & First,"The client's name formatted as last, first."
_MDD_JCT_CREDIBLE_APPOINTMENTS,Client Name First & Last w/Initial,
_MDD_JCT_CREDIBLE_APPOINTMENTS,Client Name First & Last w/Initial & Client ID,Unique ID of the Client Name First & Last w/Initial & Client.
_MDD_JCT_CREDIBLE_APPOINTMENTS,Client Name Last & First w/Initial,
_MDD_JCT_CREDIBLE_APPOINTMENTS,Client Name Last & First w/Initial & Client ID,Unique ID of the Client Name Last & First w/Initial & Client.
_MDD_JCT_CREDIBLE_APPOINTMENTS,Client Name Middle,
_MDD_JCT_CREDIBLE_APPOINTMENTS,Client Name First,The client's first name.
_MDD_JCT_CREDIBLE_APPOINTMENTS,Client Name Last,The client's last name.
_MDD_JCT_CREDIBLE_APPOINTMENTS,Client Date of Birth,The client's date of birth.
_MDD_JCT_CREDIBLE_APPOINTMENTS,Client Date of Death,
_MDD_JCT_CREDIBLE_APPOINTMENTS,Client Admission Date,The date the client was admitted.
_MDD_JCT_CREDIBLE_APPOINTMENTS,Client Admission Date Fiscal Year,The fiscal year of the client admission date.
_MDD_JCT_CREDIBLE_APPOINTMENTS,Client Discharge Date,The date the client was discharged.
_MDD_JCT_CREDIBLE_APPOINTMENTS,Client Discharge Date Fiscal Year,The fiscal year of the client discharge date.
_MDD_JCT_CREDIBLE_APPOINTMENTS,Client Age in Hours,
_MDD_JCT_CREDIBLE_APPOINTMENTS,Client Age in Days,The client's age expressed in days based on date of birth.
_MDD_JCT_CREDIBLE_APPOINTMENTS,Client Age in Months,The client's age expressed in months based on date of birth.
_MDD_JCT_CREDIBLE_APPOINTMENTS,Client Age in Years,The client's age expressed in years based on date of birth.
_MDD_JCT_CREDIBLE_APPOINTMENTS,Client Age In Years Old Difference,
_MDD_JCT_CREDIBLE_APPOINTMENTS,Client Status,The client status value as recorded.
_MDD_JCT_CREDIBLE_APPOINTMENTS,Client Status ID,Unique ID of the Client Status.
_MDD_JCT_CREDIBLE_APPOINTMENTS,Client Is Active,Indicates whether the client is active.
_MDD_JCT_CREDIBLE_APPOINTMENTS,Client Is Inactive,Indicates whether the client is inactive.
_MDD_JCT_CREDIBLE_APPOINTMENTS,Client Is Pending,
_MDD_JCT_CREDIBLE_APPOINTMENTS,Client Visibility,
_MDD_JCT_CREDIBLE_APPOINTMENTS,Client Ethnicity 1,
_MDD_JCT_CREDIBLE_APPOINTMENTS,Client Ethnicity 1 ID,Unique ID of the Client Ethnicity 1.
_MDD_JCT_CREDIBLE_APPOINTMENTS,Client Ethnicity 1 Granular,
_MDD_JCT_CREDIBLE_APPOINTMENTS,Client Ethnicity 1 Granular ID,Unique ID of the Client Ethnicity 1 Granular.
_MDD_JCT_CREDIBLE_APPOINTMENTS,Client Race 1,
_MDD_JCT_CREDIBLE_APPOINTMENTS,Client Race 2,
_MDD_JCT_CREDIBLE_APPOINTMENTS,Client Race 3,
_MDD_JCT_CREDIBLE_APPOINTMENTS,Client Race 1 ID,Unique ID of the Client Race 1.
_MDD_JCT_CREDIBLE_APPOINTMENTS,Client Race 2 ID,Unique ID of the Client Race 2.
_MDD_JCT_CREDIBLE_APPOINTMENTS,Client Race 3 ID,Unique ID of the Client Race 3.
_MDD_JCT_CREDIBLE_APPOINTMENTS,Client Race Granular,
_MDD_JCT_CREDIBLE_APPOINTMENTS,Client Race Granular ID,Unique ID of the Client Race Granular.
_MDD_JCT_CREDIBLE_APPOINTMENTS,Client Preferred Language,
_MDD_JCT_CREDIBLE_APPOINTMENTS,Client Preferred Language ID,Unique ID of the Client Preferred Language.
_MDD_JCT_CREDIBLE_APPOINTMENTS,Client Sex,"The client's sex as recorded. QuickMAR does not provide separate source fields for sex and gender, so this value is sourced from the same underlying field as [Client Gender]."
_MDD_JCT_CREDIBLE_APPOINTMENTS,Client Sex ID,Unique ID of the Client Sex.
_MDD_JCT_CREDIBLE_APPOINTMENTS,Client Employment Status,
_MDD_JCT_CREDIBLE_APPOINTMENTS,Client Employment Status ID,Unique ID of the Client Employment Status.
_MDD_JCT_CREDIBLE_APPOINTMENTS,Client Gender Identity,
_MDD_JCT_CREDIBLE_APPOINTMENTS,Client Gender Identity ID,Unique ID of the Client Gender Identity.
_MDD_JCT_CREDIBLE_APPOINTMENTS,Client Marital Status,
_MDD_JCT_CREDIBLE_APPOINTMENTS,Client Marital Status ID,Unique ID of the Client Marital Status.
_MDD_JCT_CREDIBLE_APPOINTMENTS,Client Sexual Orientation,
_MDD_JCT_CREDIBLE_APPOINTMENTS,Client Sexual Orientation ID,Unique ID of the Client Sexual Orientation.
_MDD_JCT_CREDIBLE_APPOINTMENTS,Client Military Status,
_MDD_JCT_CREDIBLE_APPOINTMENTS,Client Military Status ID,Unique ID of the Client Military Status.
_MDD_JCT_CREDIBLE_APPOINTMENTS,Client Created Date,The date the Client record was created.
_MDD_JCT_CREDIBLE_APPOINTMENTS,Client Updated Date,The date the Client record was last updated.
_MDD_JCT_CREDIBLE_APPOINTMENTS,Client Programs,
_MDD_JCT_CREDIBLE_APPOINTMENTS,Client Teams,
_MDD_JCT_CREDIBLE_APPOINTMENTS,Client Referral NPI,
_MDD_JCT_CREDIBLE_APPOINTMENTS,Client Referral NPI Link,
_MDD_JCT_CREDIBLE_APPOINTMENTS,Client Age Group,
_MDD_JCT_CREDIBLE_APPOINTMENTS,Client Age Group Sort Order,
_MDD_JCT_CREDIBLE_APPOINTMENTS,Client Age In Years Old,
_MDD_JCT_CREDIBLE_APPOINTMENTS,Client ID FA0,
_MDD_JCT_CREDIBLE_APPOINTMENTS,Client ID FA1,
_MDD_JCT_CREDIBLE_APPOINTMENTS,Client Link,
_MDD_JCT_CREDIBLE_APPOINTMENTS,Client Link Schedule (1st Available),
_MDD_JCT_CREDIBLE_APPOINTMENTS,Client Link Add Service,
_MDD_JCT_CREDIBLE_APPOINTMENTS,Client Link Allergies,
_MDD_JCT_CREDIBLE_APPOINTMENTS,Client Link Amendments,
_MDD_JCT_CREDIBLE_APPOINTMENTS,Client Link Attachments,
_MDD_JCT_CREDIBLE_APPOINTMENTS,Client Link Authorizations,
_MDD_JCT_CREDIBLE_APPOINTMENTS,Client Link Bed Assignments,
_MDD_JCT_CREDIBLE_APPOINTMENTS,Client Link Client Profile Extended,
_MDD_JCT_CREDIBLE_APPOINTMENTS,Client Link Contacts,
_MDD_JCT_CREDIBLE_APPOINTMENTS,Client Link Claims,
_MDD_JCT_CREDIBLE_APPOINTMENTS,Client Link Links,
_MDD_JCT_CREDIBLE_APPOINTMENTS,Client Link Clinical Support,
_MDD_JCT_CREDIBLE_APPOINTMENTS,Client Link Tx Plan (Credible Plan),
_MDD_JCT_CREDIBLE_APPOINTMENTS,Client Link Dashboard,
_MDD_JCT_CREDIBLE_APPOINTMENTS,Client Link Diagnosis,
_MDD_JCT_CREDIBLE_APPOINTMENTS,Client Link eMAR Group,
_MDD_JCT_CREDIBLE_APPOINTMENTS,Client Link eMAR,
_MDD_JCT_CREDIBLE_APPOINTMENTS,Client Link Employee Assignments,
_MDD_JCT_CREDIBLE_APPOINTMENTS,Client Link Episodes,
_MDD_JCT_CREDIBLE_APPOINTMENTS,Client Link External Providers,
_MDD_JCT_CREDIBLE_APPOINTMENTS,Client Link Family,
_MDD_JCT_CREDIBLE_APPOINTMENTS,Client Link Form Groups,
_MDD_JCT_CREDIBLE_APPOINTMENTS,Client Link GeoAreeas,
_MDD_JCT_CREDIBLE_APPOINTMENTS,Client Link Implantable Devices,
_MDD_JCT_CREDIBLE_APPOINTMENTS,Client Link Insurance,
_MDD_JCT_CREDIBLE_APPOINTMENTS,Client Link Ledger,
_MDD_JCT_CREDIBLE_APPOINTMENTS,Client Link Liability,
_MDD_JCT_CREDIBLE_APPOINTMENTS,Client Link Log,
_MDD_JCT_CREDIBLE_APPOINTMENTS,Client Link Medical Profile,
_MDD_JCT_CREDIBLE_APPOINTMENTS,Client Link Medications,
_MDD_JCT_CREDIBLE_APPOINTMENTS,Client Link Notes,
_MDD_JCT_CREDIBLE_APPOINTMENTS,Client Link Notification,
_MDD_JCT_CREDIBLE_APPOINTMENTS,Client Link Orders,
_MDD_JCT_CREDIBLE_APPOINTMENTS,Client Link Overview,
_MDD_JCT_CREDIBLE_APPOINTMENTS,Client Link Payments,
_MDD_JCT_CREDIBLE_APPOINTMENTS,Client Link Payment Plans,
_MDD_JCT_CREDIBLE_APPOINTMENTS,Client Link Program,
_MDD_JCT_CREDIBLE_APPOINTMENTS,Client Link Profile,
_MDD_JCT_CREDIBLE_APPOINTMENTS,Client Link Schedule,
_MDD_JCT_CREDIBLE_APPOINTMENTS,Client Link Service List,
_MDD_JCT_CREDIBLE_APPOINTMENTS,Client Link Schedule Grp,
_MDD_JCT_CREDIBLE_APPOINTMENTS,Client Link Team,
_MDD_JCT_CREDIBLE_APPOINTMENTS,Client Link Users,
_MDD_JCT_CREDIBLE_APPOINTMENTS,Client Link Warnings,
_MDD_JCT_CREDIBLE_APPOINTMENTS,Client Assigned Users Active Primary Count,
_MDD_JCT_CREDIBLE_APPOINTMENTS,Client Assigned Users Primary Count,
_MDD_JCT_CREDIBLE_APPOINTMENTS,Client Assigned Employees Primary,
_MDD_JCT_CREDIBLE_APPOINTMENTS,Client Assigned Users Primary,
_MDD_JCT_CREDIBLE_APPOINTMENTS,Client Assigned Users Active Primary,
_MDD_JCT_CREDIBLE_APPOINTMENTS,Client Address Primary ID Fuzzy A0,
_MDD_JCT_CREDIBLE_APPOINTMENTS,Client Address Primary 1,
_MDD_JCT_CREDIBLE_APPOINTMENTS,Client Address Primary 2,
_MDD_JCT_CREDIBLE_APPOINTMENTS,Client Address Primary City,
_MDD_JCT_CREDIBLE_APPOINTMENTS,Client Address Primary State,
_MDD_JCT_CREDIBLE_APPOINTMENTS,Client Address Primary Zip,
_MDD_JCT_CREDIBLE_APPOINTMENTS,Client Address Primary County,
_MDD_JCT_CREDIBLE_APPOINTMENTS,Client Address Primary Country,
_MDD_JCT_CREDIBLE_APPOINTMENTS,Client Address Billing 1,
_MDD_JCT_CREDIBLE_APPOINTMENTS,Client Address Billing 2,
_MDD_JCT_CREDIBLE_APPOINTMENTS,Client Address Billing City,
_MDD_JCT_CREDIBLE_APPOINTMENTS,Client Address Billing State,
_MDD_JCT_CREDIBLE_APPOINTMENTS,Client Address Billing Zip,
_MDD_JCT_CREDIBLE_APPOINTMENTS,Client Address Billing County,
_MDD_JCT_CREDIBLE_APPOINTMENTS,Client Address Billing Country,
_MDD_JCT_CREDIBLE_APPOINTMENTS,Client Phone Home Fuzzy A0,
_MDD_JCT_CREDIBLE_APPOINTMENTS,Client Phone Home,
_MDD_JCT_CREDIBLE_APPOINTMENTS,Client Phone Mobile Fuzzy A0,
_MDD_JCT_CREDIBLE_APPOINTMENTS,Client Phone Mobile,
_MDD_JCT_CREDIBLE_APPOINTMENTS,User ID External,
_MDD_JCT_CREDIBLE_APPOINTMENTS,User Status,
_MDD_JCT_CREDIBLE_APPOINTMENTS,User Status ID,Unique ID of the User Status.
_MDD_JCT_CREDIBLE_APPOINTMENTS,User Employment Status,
_MDD_JCT_CREDIBLE_APPOINTMENTS,User Account Enabled,
_MDD_JCT_CREDIBLE_APPOINTMENTS,User Name First & Last,
_MDD_JCT_CREDIBLE_APPOINTMENTS,User Name Last & First,The user's first and last name. Example: John James.
_MDD_JCT_CREDIBLE_APPOINTMENTS,Employee Name First & Last & Employee ID,Unique ID of the Employee Name First & Last & Employee.
_MDD_JCT_CREDIBLE_APPOINTMENTS,User Name First & Last & User ID,Unique ID of the User Name First & Last & User.
_MDD_JCT_CREDIBLE_APPOINTMENTS,User Name First & Last w/Initial,The user's first and last name with an initial. Example: John J James.
_MDD_JCT_CREDIBLE_APPOINTMENTS,User Name Last & First w/Initial,
_MDD_JCT_CREDIBLE_APPOINTMENTS,User Name Initials,
_MDD_JCT_CREDIBLE_APPOINTMENTS,User Name Middle,
_MDD_JCT_CREDIBLE_APPOINTMENTS,User Name First,The user's first name.
_MDD_JCT_CREDIBLE_APPOINTMENTS,User Name Last,The user's last name.
_MDD_JCT_CREDIBLE_APPOINTMENTS,User Job Title,
_MDD_JCT_CREDIBLE_APPOINTMENTS,User Job Title ID,Unique ID of the User Job Title.
_MDD_JCT_CREDIBLE_APPOINTMENTS,User Email Primary,
_MDD_JCT_CREDIBLE_APPOINTMENTS,User Email Secondary,
_MDD_JCT_CREDIBLE_APPOINTMENTS,User Username,
_MDD_JCT_CREDIBLE_APPOINTMENTS,User Username SSO,
_MDD_JCT_CREDIBLE_APPOINTMENTS,User Username SSO PIN Set,
_MDD_JCT_CREDIBLE_APPOINTMENTS,User DOB,
_MDD_JCT_CREDIBLE_APPOINTMENTS,User Age in Hours,
_MDD_JCT_CREDIBLE_APPOINTMENTS,User Age in Days,
_MDD_JCT_CREDIBLE_APPOINTMENTS,User Age in Months,
_MDD_JCT_CREDIBLE_APPOINTMENTS,User Age in Years,
_MDD_JCT_CREDIBLE_APPOINTMENTS,User Age In Years Old,
_MDD_JCT_CREDIBLE_APPOINTMENTS,User Hire Date Fiscal Year,
_MDD_JCT_CREDIBLE_APPOINTMENTS,User Termination Date,
_MDD_JCT_CREDIBLE_APPOINTMENTS,User Termination Date Fiscal Year,
_MDD_JCT_CREDIBLE_APPOINTMENTS,User Termination Status,
_MDD_JCT_CREDIBLE_APPOINTMENTS,User Tenure Today Days,
_MDD_JCT_CREDIBLE_APPOINTMENTS,User Tenure Today Years,
_MDD_JCT_CREDIBLE_APPOINTMENTS,User Role,
_MDD_JCT_CREDIBLE_APPOINTMENTS,User Last Login,
_MDD_JCT_CREDIBLE_APPOINTMENTS,User Next Lockout Date,
_MDD_JCT_CREDIBLE_APPOINTMENTS,User Next Lockout Days Away,
_MDD_JCT_CREDIBLE_APPOINTMENTS,User Last Login Days Ago,
_MDD_JCT_CREDIBLE_APPOINTMENTS,User Is Vendor User,
_MDD_JCT_CREDIBLE_APPOINTMENTS,User Is External User,
_MDD_JCT_CREDIBLE_APPOINTMENTS,User Is Vendor,
_MDD_JCT_CREDIBLE_APPOINTMENTS,User Is External,
_MDD_JCT_CREDIBLE_APPOINTMENTS,User Address 1,
_MDD_JCT_CREDIBLE_APPOINTMENTS,User Address 2,
_MDD_JCT_CREDIBLE_APPOINTMENTS,User Address City,
_MDD_JCT_CREDIBLE_APPOINTMENTS,User Address State,
_MDD_JCT_CREDIBLE_APPOINTMENTS,User Address Zip,
_MDD_JCT_CREDIBLE_APPOINTMENTS,User Address Country,
_MDD_JCT_CREDIBLE_APPOINTMENTS,User Phone Home,
_MDD_JCT_CREDIBLE_APPOINTMENTS,User Phone Work,
_MDD_JCT_CREDIBLE_APPOINTMENTS,User Phone Cell,
_MDD_JCT_CREDIBLE_APPOINTMENTS,User Phone Emergency,
_MDD_JCT_CREDIBLE_APPOINTMENTS,User Phone Fax,
_MDD_JCT_CREDIBLE_APPOINTMENTS,User Notes,
_MDD_JCT_CREDIBLE_APPOINTMENTS,User Gender,
_MDD_JCT_CREDIBLE_APPOINTMENTS,User Gender ID,Unique ID of the User Gender.
_MDD_JCT_CREDIBLE_APPOINTMENTS,User Gender Identity,
_MDD_JCT_CREDIBLE_APPOINTMENTS,User Gender Identity ID,Unique ID of the User Gender Identity.
_MDD_JCT_CREDIBLE_APPOINTMENTS,User Created Date,The date the User record was created.
_MDD_JCT_CREDIBLE_APPOINTMENTS,User Created By User ID,Unique ID of the User Created By User.
_MDD_JCT_CREDIBLE_APPOINTMENTS,User Updated Date,The date the User record was last updated.
_MDD_JCT_CREDIBLE_APPOINTMENTS,User Department,
_MDD_JCT_CREDIBLE_APPOINTMENTS,User Company,
_MDD_JCT_CREDIBLE_APPOINTMENTS,User Employment Type,
_MDD_JCT_CREDIBLE_APPOINTMENTS,User Client Assignment Active Primary Count,
_MDD_JCT_CREDIBLE_APPOINTMENTS,User ID Provider Number,
_MDD_JCT_CREDIBLE_APPOINTMENTS,User NPI Number,
_MDD_JCT_CREDIBLE_APPOINTMENTS,User Role Client Care,
_MDD_JCT_CREDIBLE_APPOINTMENTS,User NPI Number Link,
_MDD_JCT_CREDIBLE_APPOINTMENTS,User Link Add Service,
_MDD_JCT_CREDIBLE_APPOINTMENTS,User Link Admin Time,
_MDD_JCT_CREDIBLE_APPOINTMENTS,User Link Attachments,
_MDD_JCT_CREDIBLE_APPOINTMENTS,User Link Billing Groups,
_MDD_JCT_CREDIBLE_APPOINTMENTS,User Link Client Note Log,
_MDD_JCT_CREDIBLE_APPOINTMENTS,User Link Client,
_MDD_JCT_CREDIBLE_APPOINTMENTS,User Link Config,
_MDD_JCT_CREDIBLE_APPOINTMENTS,User Link Credentials,
_MDD_JCT_CREDIBLE_APPOINTMENTS,User Link Dashboard,
_MDD_JCT_CREDIBLE_APPOINTMENTS,User Link eMAR,
_MDD_JCT_CREDIBLE_APPOINTMENTS,User Link eMAR Group,
_MDD_JCT_CREDIBLE_APPOINTMENTS,User Link Forms,
_MDD_JCT_CREDIBLE_APPOINTMENTS,User Link GeoAreas,
_MDD_JCT_CREDIBLE_APPOINTMENTS,User Link Log,
_MDD_JCT_CREDIBLE_APPOINTMENTS,User Link Login,
_MDD_JCT_CREDIBLE_APPOINTMENTS,User Link Medications,
_MDD_JCT_CREDIBLE_APPOINTMENTS,User Link Message Log,
_MDD_JCT_CREDIBLE_APPOINTMENTS,User Link MessagingHub,
_MDD_JCT_CREDIBLE_APPOINTMENTS,User Link Notes,
_MDD_JCT_CREDIBLE_APPOINTMENTS,User Link Notification,
_MDD_JCT_CREDIBLE_APPOINTMENTS,User Link Overview,
_MDD_JCT_CREDIBLE_APPOINTMENTS,User Link Password,
_MDD_JCT_CREDIBLE_APPOINTMENTS,User Link Provider Profile,
_MDD_JCT_CREDIBLE_APPOINTMENTS,User Link Profile,
_MDD_JCT_CREDIBLE_APPOINTMENTS,User Link Program,
_MDD_JCT_CREDIBLE_APPOINTMENTS,User Link Schedule,
_MDD_JCT_CREDIBLE_APPOINTMENTS,User Link Service List,
_MDD_JCT_CREDIBLE_APPOINTMENTS,User Link Supervisor,
_MDD_JCT_CREDIBLE_APPOINTMENTS,User Link Team,
_MDD_JCT_CREDIBLE_APPOINTMENTS,User Link To Do List,
_MDD_JCT_CREDIBLE_APPOINTMENTS,User Link Work Hours,
_MDD_JCT_CREDIBLE_APPOINTMENTS,User Link Work Sched,
_MDD_JCT_CREDIBLE_APPOINTMENTS,POS ID CMS,
_MDD_JCT_CREDIBLE_APPOINTMENTS,POS Name,
_MDD_JCT_CREDIBLE_APPOINTMENTS,POS Is Telehealth,
_MDD_JCT_CREDIBLE_APPOINTMENTS,Enrollment Start,
_MDD_JCT_CREDIBLE_APPOINTMENTS,Enrollment End,
_MDD_JCT_CREDIBLE_APPOINTMENTS,Enrollment Discharge Date,
_MDD_JCT_CREDIBLE_APPOINTMENTS,Enrollment Admission Date,
_MDD_JCT_CREDIBLE_APPOINTMENTS,Enrollment Status,
_MDD_JCT_CREDIBLE_APPOINTMENTS,Enrollment Outcome,
_MDD_JCT_CREDIBLE_APPOINTMENTS,Enrollment Outcome ID,Unique ID of the Enrollment Outcome.
_MDD_JCT_CREDIBLE_APPOINTMENTS,Enrollment Updated Date,The date the Enrollment record was last updated.
_MDD_JCT_CREDIBLE_APPOINTMENTS,Enrollment Created Date,The date the Enrollment record was created.
_MDD_JCT_CREDIBLE_APPOINTMENTS,Enrollment Updated By User ID,Unique ID of the Enrollment Updated By User.
_MDD_JCT_CREDIBLE_APPOINTMENTS,Enrollment Date First Billable,
_MDD_JCT_CREDIBLE_APPOINTMENTS,Enrollment Date Last Billable,
_MDD_JCT_CREDIBLE_APPOINTMENTS,Enrollment Appointment Completed Count,
_MDD_JCT_CREDIBLE_APPOINTMENTS,Enrollment Admission Type,
_MDD_JCT_CREDIBLE_APPOINTMENTS,Enrollment Admission Source,
_MDD_JCT_CREDIBLE_APPOINTMENTS,Enrollment Admission Dx,
_MDD_JCT_CREDIBLE_APPOINTMENTS,Enrollment Referral Date,
_MDD_JCT_CREDIBLE_APPOINTMENTS,Enrollment Referral Source,
_MDD_JCT_CREDIBLE_APPOINTMENTS,Enrollment Referral By,
_MDD_JCT_CREDIBLE_APPOINTMENTS,Enrollment Referral Provider NPI,
_MDD_JCT_CREDIBLE_APPOINTMENTS,Enrollment Referral Provider NPI Link,
_MDD_JCT_CREDIBLE_APPOINTMENTS,Enrollment Referral Provider Name First,The enrollment referral provider's first name.
_MDD_JCT_CREDIBLE_APPOINTMENTS,Enrollment Referral Provider Name Last,The enrollment referral provider's last name.
_MDD_JCT_CREDIBLE_APPOINTMENTS,Enrollment Referral Provider Name First & Last,
_MDD_JCT_CREDIBLE_APPOINTMENTS,Enrollment Referral Provider Name Last & First,
_MDD_JCT_CREDIBLE_APPOINTMENTS,Enrollment Open-Closed,
_MDD_JCT_CREDIBLE_APPOINTMENTS,Enrollment Since Open Hours,
_MDD_JCT_CREDIBLE_APPOINTMENTS,Enrollment Since Open Days,
_MDD_JCT_CREDIBLE_APPOINTMENTS,Enrollment Since Open Weeks,
_MDD_JCT_CREDIBLE_APPOINTMENTS,Enrollment Since Open Months,
_MDD_JCT_CREDIBLE_APPOINTMENTS,Enrollment Since Open Years,
_MDD_JCT_CREDIBLE_APPOINTMENTS,Enrollment Since Close Hours,
_MDD_JCT_CREDIBLE_APPOINTMENTS,Enrollment Since Close Days,
_MDD_JCT_CREDIBLE_APPOINTMENTS,Enrollment Since Close Weeks,
_MDD_JCT_CREDIBLE_APPOINTMENTS,Enrollment Since Close Months,
_MDD_JCT_CREDIBLE_APPOINTMENTS,Enrollment Since Close Years,
_MDD_JCT_CREDIBLE_APPOINTMENTS,Enrollment Start Fiscal Year,
_MDD_JCT_CREDIBLE_APPOINTMENTS,Enrollment End Fiscal Year,
_MDD_JCT_CREDIBLE_APPOINTMENTS,Enrollment LoS Hours,
_MDD_JCT_CREDIBLE_APPOINTMENTS,Enrollment LoS Days,
_MDD_JCT_CREDIBLE_APPOINTMENTS,Enrollment LoS Weeks,
_MDD_JCT_CREDIBLE_APPOINTMENTS,Enrollment LoS Months,
_MDD_JCT_CREDIBLE_APPOINTMENTS,Enrollment LoS Years,
_MDD_JCT_CREDIBLE_APPOINTMENTS,Enrollment Sequence ASC,
_MDD_JCT_CREDIBLE_APPOINTMENTS,Enrollment Sequence DESC,
_MDD_JCT_CREDIBLE_APPOINTMENTS,Enrollment Link,
_MDD_JCT_CREDIBLE_APPOINTMENTS,Enrollment Likely Error,
_MDD_JCT_CREDIBLE_APPOINTMENTS,Recipient ID,Unique ID of the Recipient.
_MDD_JCT_CREDIBLE_APPOINTMENTS,Recipient Code,
_MDD_JCT_CREDIBLE_APPOINTMENTS,Recipient Name,
_MDD_JCT_CREDIBLE_APPOINTMENTS_COMPLETED,Appointment ID,Unique ID of the Appointment.
_MDD_JCT_CREDIBLE_APPOINTMENTS_COMPLETED,Appointment Tense,"Describes a category of services: employee visit, scheduled and completed, incomplete, scheduled and not started, and scheduled future appointment."
_MDD_JCT_CREDIBLE_APPOINTMENTS_COMPLETED,Appointment Tense ID,Unique ID of the Appointment Tense.
_MDD_JCT_CREDIBLE_APPOINTMENTS_COMPLETED,Appointment ID Universal,"The ID number guaranteed to be unique within its dataset, even when the expected ID based on field namne is repeated because the dataset intentionally unionizes multiple similar objects."
_MDD_JCT_CREDIBLE_APPOINTMENTS_COMPLETED,Planner ID,Unique ID of the Planner.
_MDD_JCT_CREDIBLE_APPOINTMENTS_COMPLETED,Appointment Draft ID,Unique ID of the Appointment Draft.
_MDD_JCT_CREDIBLE_APPOINTMENTS_COMPLETED,Appointment Start,"The start of the time span, as a date or datetime value."
_MDD_JCT_CREDIBLE_APPOINTMENTS_COMPLETED,Appointment End,"The end of the time span, as a date or datetime value."
_MDD_JCT_CREDIBLE_APPOINTMENTS_COMPLETED,Appointment Start Fiscal Year (YYYY),
_MDD_JCT_CREDIBLE_APPOINTMENTS_COMPLETED,Appointment Start Fiscal Year (FY YYYY),
_MDD_JCT_CREDIBLE_APPOINTMENTS_COMPLETED,Appointment Billable,"Indicates whether or not a time span is billable, typically a service."
_MDD_JCT_CREDIBLE_APPOINTMENTS_COMPLETED,Appointment Duration (Minutes),The duration of the time span in minutes.
_MDD_JCT_CREDIBLE_APPOINTMENTS_COMPLETED,Appointment Duration (Hours),The duration of the time span in hours.
_MDD_JCT_CREDIBLE_APPOINTMENTS_COMPLETED,POS ID,Unique ID of the POS.
_MDD_JCT_CREDIBLE_APPOINTMENTS_COMPLETED,Appointment Created Date,The date the Appointment record was created.
_MDD_JCT_CREDIBLE_APPOINTMENTS_COMPLETED,Appointment Updated Date,The date the Appointment record was last updated.
_MDD_JCT_CREDIBLE_APPOINTMENTS_COMPLETED,Appointment Submitted Date,DO NOT USE.
_MDD_JCT_CREDIBLE_APPOINTMENTS_COMPLETED,Appointment Signed Date,The date which the given time span was signed.
_MDD_JCT_CREDIBLE_APPOINTMENTS_COMPLETED,Appointment Recipient ID,Unique ID of the Appointment Recipient.
_MDD_JCT_CREDIBLE_APPOINTMENTS_COMPLETED,Appointment Rate (Contract),The rate associated with the time span which has been contracted with a specific payer via an insurance plan.
_MDD_JCT_CREDIBLE_APPOINTMENTS_COMPLETED,Appointment Rate (Rate),The usual customary rate associated with the time span which has been contracted with a specific payer via an insurance plan.
_MDD_JCT_CREDIBLE_APPOINTMENTS_COMPLETED,Appointment Rate (Combined Rate),The combined rate associated with the time span which has been contracted with a specific payer via an insurance plan.
_MDD_JCT_CREDIBLE_APPOINTMENTS_COMPLETED,Appointment Rate (Cascaded),
_MDD_JCT_CREDIBLE_APPOINTMENTS_COMPLETED,Appointment Approved,"The approval status of the time span, typically by a supervisor."
_MDD_JCT_CREDIBLE_APPOINTMENTS_COMPLETED,Appointment Approved Date,The date of the approval.
_MDD_JCT_CREDIBLE_APPOINTMENTS_COMPLETED,Appointment Status,"The individual's status in the system, typically ""active"", ""inactive"", or ""pending"". The client status value as recorded."
_MDD_JCT_CREDIBLE_APPOINTMENTS_COMPLETED,User ID,Unique ID of the User.
_MDD_JCT_CREDIBLE_APPOINTMENTS_COMPLETED,Appointment Entered Date,The date-time value when a record about the time span was enter into the system or created.
_MDD_JCT_CREDIBLE_APPOINTMENTS_COMPLETED,Appointment Created Fiscal Year,The organization's fiscal year that the entity was created.
_MDD_JCT_CREDIBLE_APPOINTMENTS_COMPLETED,Appointment Dx1,"The first diagnosis associated with the time span as determined by billing rules. If associated with a claim, this Dx is submitted to a Payer / Insurance."
_MDD_JCT_CREDIBLE_APPOINTMENTS_COMPLETED,Appointment Dx2,"The second diagnosis associated with the time span as determined by billing rules. If associated with a claim, this Dx is submitted to a Payer / Insurance."
_MDD_JCT_CREDIBLE_APPOINTMENTS_COMPLETED,Appointment Dx3,"The third diagnosis associated with the time span as determined by billing rules. If associated with a claim, this Dx is submitted to a Payer / Insurance."
_MDD_JCT_CREDIBLE_APPOINTMENTS_COMPLETED,Appointment Dx4,"The fourth diagnosis associated with the time span as determined by billing rules. If associated with a claim, this Dx is submitted to a Payer / Insurance."
_MDD_JCT_CREDIBLE_APPOINTMENTS_COMPLETED,Appointment Dx5,"The fifth diagnosis associated with the time span as determined by billing rules. If associated with a claim, this Dx is submitted to a Payer / Insurance."
_MDD_JCT_CREDIBLE_APPOINTMENTS_COMPLETED,Appointment Procedure Code,Either the Procedure Code CPT or Procedure Code HCPCS if only one or the other is provided.
_MDD_JCT_CREDIBLE_APPOINTMENTS_COMPLETED,Appointment Procedure Code HCPCS,The procedure code associated with the time span from the Center for Medicare and Medicaid Services's procedure code registry.
_MDD_JCT_CREDIBLE_APPOINTMENTS_COMPLETED,Appointment Procedure Code CPT,The procedure code associated with the time span from the American Medical Association's procedure code registry.
_MDD_JCT_CREDIBLE_APPOINTMENTS_COMPLETED,Appointment Procedure Code CPT Modifier 1,The first modifier for Procedure Code CPT.
_MDD_JCT_CREDIBLE_APPOINTMENTS_COMPLETED,Appointment Procedure Code CPT Modifier 2,The second modifier for Procedure Code CPT.
_MDD_JCT_CREDIBLE_APPOINTMENTS_COMPLETED,Appointment Procedure Code CPT Modifier 3,The third modifier for Procedure Code CPT.
_MDD_JCT_CREDIBLE_APPOINTMENTS_COMPLETED,Appointment Procedure Code CPT Modifier 4,The fourth modifier for Procedure Code CPT.
_MDD_JCT_CREDIBLE_APPOINTMENTS_COMPLETED,Appointment Is Recurrence,Indicates whether the time span is associated with a recurrence.
_MDD_JCT_CREDIBLE_APPOINTMENTS_COMPLETED,User Hire Date,
_MDD_JCT_CREDIBLE_APPOINTMENTS_COMPLETED,Client ID,Unique ID of the Client.
_MDD_JCT_CREDIBLE_APPOINTMENTS_COMPLETED,Enrollment ID,Unique ID of the Enrollment.
_MDD_JCT_CREDIBLE_APPOINTMENTS_COMPLETED,Tx Plan ID,Unique ID of the Tx Plan.
_MDD_JCT_CREDIBLE_APPOINTMENTS_COMPLETED,Bx ID,Unique ID of the Bx.
_MDD_JCT_CREDIBLE_APPOINTMENTS_COMPLETED,Appointment Sequence Client ASC,
_MDD_JCT_CREDIBLE_APPOINTMENTS_COMPLETED,Appointment Sequence Client DESC,
_MDD_JCT_CREDIBLE_APPOINTMENTS_COMPLETED,Appointment Sequence Client-Enrollment-Type-ASC,
_MDD_JCT_CREDIBLE_APPOINTMENTS_COMPLETED,Appointment Sequence Client-Enrollment-Type-DESC,
_MDD_JCT_CREDIBLE_APPOINTMENTS_COMPLETED,Appointment Sequence Client-Type-ASC,
_MDD_JCT_CREDIBLE_APPOINTMENTS_COMPLETED,Appointment Sequence Client-Type-DESC,
_MDD_JCT_CREDIBLE_APPOINTMENTS_COMPLETED,Appointment Sequence Client-Enrollment-ASC,
_MDD_JCT_CREDIBLE_APPOINTMENTS_COMPLETED,Appointment Sequence Client-Enrollment-DESC,
_MDD_JCT_CREDIBLE_APPOINTMENTS_COMPLETED,Appointment Link,The URL that will take the user directly to the entity described in the record.
_MDD_JCT_CREDIBLE_APPOINTMENTS_COMPLETED,Appointment Link Billing,
_MDD_JCT_CREDIBLE_APPOINTMENTS_COMPLETED,Form Version ID,Unique ID of the Form Version.
_MDD_JCT_CREDIBLE_APPOINTMENTS_COMPLETED,Appointment Family Split Primary ID,Unique ID of the Appointment Family Split Primary.
_MDD_JCT_CREDIBLE_APPOINTMENTS_COMPLETED,Appointment Type ID,Unique ID of the Appointment Type.
_MDD_JCT_CREDIBLE_APPOINTMENTS_COMPLETED,Appointment Type,
_MDD_JCT_CREDIBLE_APPOINTMENTS_COMPLETED,Appointment Type Name,
_MDD_JCT_CREDIBLE_APPOINTMENTS_COMPLETED,Appointment Type Paperwork Form ID,Unique ID of the Appointment Type Paperwork Form.
_MDD_JCT_CREDIBLE_APPOINTMENTS_COMPLETED,Form ID,Unique ID of the Form.
_MDD_JCT_CREDIBLE_APPOINTMENTS_COMPLETED,Appointment Type Exclude From Reminders,
_MDD_JCT_CREDIBLE_APPOINTMENTS_COMPLETED,Appointment Type Is Tx Plan,
_MDD_JCT_CREDIBLE_APPOINTMENTS_COMPLETED,Appointment Type Tx Setting,
_MDD_JCT_CREDIBLE_APPOINTMENTS_COMPLETED,Appointment Type Count Last 30 Days,
_MDD_JCT_CREDIBLE_APPOINTMENTS_COMPLETED,Program ID,Unique ID of the Program.
_MDD_JCT_CREDIBLE_APPOINTMENTS_COMPLETED,Program ID External,
_MDD_JCT_CREDIBLE_APPOINTMENTS_COMPLETED,Program Name,
_MDD_JCT_CREDIBLE_APPOINTMENTS_COMPLETED,Program Code,
_MDD_JCT_CREDIBLE_APPOINTMENTS_COMPLETED,Program Group Without Nulls,
_MDD_JCT_CREDIBLE_APPOINTMENTS_COMPLETED,Program Group,
_MDD_JCT_CREDIBLE_APPOINTMENTS_COMPLETED,Program Group > Name,
_MDD_JCT_CREDIBLE_APPOINTMENTS_COMPLETED,Program Is Residential,
_MDD_JCT_CREDIBLE_APPOINTMENTS_COMPLETED,Program Tx Setting,
_MDD_JCT_CREDIBLE_APPOINTMENTS_COMPLETED,Program Revenue Code,
_MDD_JCT_CREDIBLE_APPOINTMENTS_COMPLETED,Program Created Date,The date the Program record was created.
_MDD_JCT_CREDIBLE_APPOINTMENTS_COMPLETED,Program Created Date Fiscal Year,
_MDD_JCT_CREDIBLE_APPOINTMENTS_COMPLETED,Program Created By Employee ID,Unique ID of the Program Created By Employee.
_MDD_JCT_CREDIBLE_APPOINTMENTS_COMPLETED,Program Updated Date,The date the Program record was last updated.
_MDD_JCT_CREDIBLE_APPOINTMENTS_COMPLETED,Program Updated Date Fiscal Year,
_MDD_JCT_CREDIBLE_APPOINTMENTS_COMPLETED,Program Updated By Employee ID,Unique ID of the Program Updated By Employee.
_MDD_JCT_CREDIBLE_APPOINTMENTS_COMPLETED,Program Active Episode Count,
_MDD_JCT_CREDIBLE_APPOINTMENTS_COMPLETED,Program Active Client Assignment Count,
_MDD_JCT_CREDIBLE_APPOINTMENTS_COMPLETED,Program Active Client Assignment Primary Count,
_MDD_JCT_CREDIBLE_APPOINTMENTS_FAMILIES,Appointment ID,Unique ID of the Appointment.
_MDD_JCT_CREDIBLE_APPOINTMENTS_FAMILIES,Roll Up Parent ID,Unique ID of the Roll Up Parent.
_MDD_JCT_CREDIBLE_APPOINTMENTS_FAMILIES,Split Primary Appointment ID,Unique ID of the Split Primary Appointment.
_MDD_JCT_CREDIBLE_APPOINTMENTS_FAMILIES,Split Secondary Appointment ID,Unique ID of the Split Secondary Appointment.
_MDD_JCT_CREDIBLE_APPOINTMENTS_INCOMPLETE,Appointment Draft ID,Unique ID of the Appointment Draft.
_MDD_JCT_CREDIBLE_APPOINTMENTS_INCOMPLETE,Appointment ID,Unique ID of the Appointment.
_MDD_JCT_CREDIBLE_APPOINTMENTS_INCOMPLETE,Appointment Tense,"Describes a category of services: employee visit, scheduled and completed, incomplete, scheduled and not started, and scheduled future appointment."
_MDD_JCT_CREDIBLE_APPOINTMENTS_INCOMPLETE,Appointment Tense ID,Unique ID of the Appointment Tense.
_MDD_JCT_CREDIBLE_APPOINTMENTS_INCOMPLETE,Appointment ID Universal,"The ID number guaranteed to be unique within its dataset, even when the expected ID based on field namne is repeated because the dataset intentionally unionizes multiple similar objects."
_MDD_JCT_CREDIBLE_APPOINTMENTS_INCOMPLETE,Planner ID,Unique ID of the Planner.
_MDD_JCT_CREDIBLE_APPOINTMENTS_INCOMPLETE,Appointment Start,"The start of the time span, as a date or datetime value."
_MDD_JCT_CREDIBLE_APPOINTMENTS_INCOMPLETE,Appointment End,"The end of the time span, as a date or datetime value."
_MDD_JCT_CREDIBLE_APPOINTMENTS_INCOMPLETE,Appointment Start Fiscal Year,
_MDD_JCT_CREDIBLE_APPOINTMENTS_INCOMPLETE,Appointment Start Fiscal Year (FY YYYY),
_MDD_JCT_CREDIBLE_APPOINTMENTS_INCOMPLETE,Appointment Billable,"Indicates whether or not a time span is billable, typically a service."
_MDD_JCT_CREDIBLE_APPOINTMENTS_INCOMPLETE,Appointment Duration (Minutes),The duration of the time span in minutes.
_MDD_JCT_CREDIBLE_APPOINTMENTS_INCOMPLETE,Appointment Duration (Hours),The duration of the time span in hours.
_MDD_JCT_CREDIBLE_APPOINTMENTS_INCOMPLETE,POS ID,Unique ID of the POS.
_MDD_JCT_CREDIBLE_APPOINTMENTS_INCOMPLETE,Appointment Created Date,The date the Appointment record was created.
_MDD_JCT_CREDIBLE_APPOINTMENTS_INCOMPLETE,Appointment Updated Date,The date the Appointment record was last updated.
_MDD_JCT_CREDIBLE_APPOINTMENTS_INCOMPLETE,Appointment Submitted Date,DO NOT USE.
_MDD_JCT_CREDIBLE_APPOINTMENTS_INCOMPLETE,Appointment Signed Date,The date which the given time span was signed.
_MDD_JCT_CREDIBLE_APPOINTMENTS_INCOMPLETE,Appointment Recipient ID,Unique ID of the Appointment Recipient.
_MDD_JCT_CREDIBLE_APPOINTMENTS_INCOMPLETE,Appointment Rate (Contract),The rate associated with the time span which has been contracted with a specific payer via an insurance plan.
_MDD_JCT_CREDIBLE_APPOINTMENTS_INCOMPLETE,Appointment Rate (Rate),The usual customary rate associated with the time span which has been contracted with a specific payer via an insurance plan.
_MDD_JCT_CREDIBLE_APPOINTMENTS_INCOMPLETE,Appointment Rate (Combined Rate),The combined rate associated with the time span which has been contracted with a specific payer via an insurance plan.
_MDD_JCT_CREDIBLE_APPOINTMENTS_INCOMPLETE,Appointment Rate (Cascaded),
_MDD_JCT_CREDIBLE_APPOINTMENTS_INCOMPLETE,Appointment Approved,"The approval status of the time span, typically by a supervisor."
_MDD_JCT_CREDIBLE_APPOINTMENTS_INCOMPLETE,Appointment Approved Date,The date of the approval.
_MDD_JCT_CREDIBLE_APPOINTMENTS_INCOMPLETE,Appointment Status,"The individual's status in the system, typically ""active"", ""inactive"", or ""pending"". The client status value as recorded."
_MDD_JCT_CREDIBLE_APPOINTMENTS_INCOMPLETE,User ID,Unique ID of the User.
_MDD_JCT_CREDIBLE_APPOINTMENTS_INCOMPLETE,Appointment Entered Date,The date-time value when a record about the time span was enter into the system or created.
_MDD_JCT_CREDIBLE_APPOINTMENTS_INCOMPLETE,Appointment Created Fiscal Year,The organization's fiscal year that the entity was created.
_MDD_JCT_CREDIBLE_APPOINTMENTS_INCOMPLETE,Appointment Dx1,"The first diagnosis associated with the time span as determined by billing rules. If associated with a claim, this Dx is submitted to a Payer / Insurance."
_MDD_JCT_CREDIBLE_APPOINTMENTS_INCOMPLETE,Appointment Dx2,"The second diagnosis associated with the time span as determined by billing rules. If associated with a claim, this Dx is submitted to a Payer / Insurance."
_MDD_JCT_CREDIBLE_APPOINTMENTS_INCOMPLETE,Appointment Dx3,"The third diagnosis associated with the time span as determined by billing rules. If associated with a claim, this Dx is submitted to a Payer / Insurance."
_MDD_JCT_CREDIBLE_APPOINTMENTS_INCOMPLETE,Appointment Dx4,"The fourth diagnosis associated with the time span as determined by billing rules. If associated with a claim, this Dx is submitted to a Payer / Insurance."
_MDD_JCT_CREDIBLE_APPOINTMENTS_INCOMPLETE,Appointment Dx5,"The fifth diagnosis associated with the time span as determined by billing rules. If associated with a claim, this Dx is submitted to a Payer / Insurance."
_MDD_JCT_CREDIBLE_APPOINTMENTS_INCOMPLETE,Appointment Procedure Code,Either the Procedure Code CPT or Procedure Code HCPCS if only one or the other is provided.
_MDD_JCT_CREDIBLE_APPOINTMENTS_INCOMPLETE,Appointment Procedure Code HCPCS,The procedure code associated with the time span from the Center for Medicare and Medicaid Services's procedure code registry.
_MDD_JCT_CREDIBLE_APPOINTMENTS_INCOMPLETE,Appointment Procedure Code CPT,The procedure code associated with the time span from the American Medical Association's procedure code registry.
_MDD_JCT_CREDIBLE_APPOINTMENTS_INCOMPLETE,Appointment Procedure Code CPT Modifier 1,The first modifier for Procedure Code CPT.
_MDD_JCT_CREDIBLE_APPOINTMENTS_INCOMPLETE,Appointment Procedure Code CPT Modifier 2,The second modifier for Procedure Code CPT.
_MDD_JCT_CREDIBLE_APPOINTMENTS_INCOMPLETE,Appointment Procedure Code CPT Modifier 3,The third modifier for Procedure Code CPT.
_MDD_JCT_CREDIBLE_APPOINTMENTS_INCOMPLETE,Appointment Procedure Code CPT Modifier 4,The fourth modifier for Procedure Code CPT.
_MDD_JCT_CREDIBLE_APPOINTMENTS_INCOMPLETE,Appointment Is Recurrence,Indicates whether the time span is associated with a recurrence.
_MDD_JCT_CREDIBLE_APPOINTMENTS_INCOMPLETE,User Hire Date,
_MDD_JCT_CREDIBLE_APPOINTMENTS_INCOMPLETE,Client ID,Unique ID of the Client.
_MDD_JCT_CREDIBLE_APPOINTMENTS_INCOMPLETE,Enrollment ID,Unique ID of the Enrollment.
_MDD_JCT_CREDIBLE_APPOINTMENTS_INCOMPLETE,Tx Plan ID,Unique ID of the Tx Plan.
_MDD_JCT_CREDIBLE_APPOINTMENTS_INCOMPLETE,Bx ID,Unique ID of the Bx.
_MDD_JCT_CREDIBLE_APPOINTMENTS_INCOMPLETE,Appointment Sequence Client ASC,
_MDD_JCT_CREDIBLE_APPOINTMENTS_INCOMPLETE,Appointment Sequence Client DESC,
_MDD_JCT_CREDIBLE_APPOINTMENTS_INCOMPLETE,Appointment Sequence Client-Enrollment-Type-ASC,
_MDD_JCT_CREDIBLE_APPOINTMENTS_INCOMPLETE,Appointment Sequence Client-Enrollment-Type-DESC,
_MDD_JCT_CREDIBLE_APPOINTMENTS_INCOMPLETE,Appointment Sequence Client-Type-ASC,
_MDD_JCT_CREDIBLE_APPOINTMENTS_INCOMPLETE,Appointment Sequence Client-Type-DESC,
_MDD_JCT_CREDIBLE_APPOINTMENTS_INCOMPLETE,Appointment Sequence Client-Enrollment-ASC,
_MDD_JCT_CREDIBLE_APPOINTMENTS_INCOMPLETE,Appointment Sequence Client-Enrollment-DESC,
_MDD_JCT_CREDIBLE_APPOINTMENTS_INCOMPLETE,Appointment Link,The URL that will take the user directly to the entity described in the record.
_MDD_JCT_CREDIBLE_APPOINTMENTS_INCOMPLETE,Appointment Link Billing,
_MDD_JCT_CREDIBLE_APPOINTMENTS_INCOMPLETE,Form Version ID,Unique ID of the Form Version.
_MDD_JCT_CREDIBLE_APPOINTMENTS_INCOMPLETE,Appointment Family Split Primary ID,Unique ID of the Appointment Family Split Primary.
_MDD_JCT_CREDIBLE_APPOINTMENTS_INCOMPLETE,Appointment Type ID,Unique ID of the Appointment Type.
_MDD_JCT_CREDIBLE_APPOINTMENTS_INCOMPLETE,Appointment Type,
_MDD_JCT_CREDIBLE_APPOINTMENTS_INCOMPLETE,Appointment Type Name,
_MDD_JCT_CREDIBLE_APPOINTMENTS_INCOMPLETE,Appointment Type Paperwork Form ID,Unique ID of the Appointment Type Paperwork Form.
_MDD_JCT_CREDIBLE_APPOINTMENTS_INCOMPLETE,Form ID,Unique ID of the Form.
_MDD_JCT_CREDIBLE_APPOINTMENTS_INCOMPLETE,Appointment Type Exclude From Reminders,
_MDD_JCT_CREDIBLE_APPOINTMENTS_INCOMPLETE,Appointment Type Is Tx Plan,
_MDD_JCT_CREDIBLE_APPOINTMENTS_INCOMPLETE,Appointment Type Tx Setting,
_MDD_JCT_CREDIBLE_APPOINTMENTS_INCOMPLETE,Appointment Type Count Last 30 Days,
_MDD_JCT_CREDIBLE_APPOINTMENTS_INCOMPLETE,Program ID,Unique ID of the Program.
_MDD_JCT_CREDIBLE_APPOINTMENTS_INCOMPLETE,Program ID External,
_MDD_JCT_CREDIBLE_APPOINTMENTS_INCOMPLETE,Program Name,
_MDD_JCT_CREDIBLE_APPOINTMENTS_INCOMPLETE,Program Code,
_MDD_JCT_CREDIBLE_APPOINTMENTS_INCOMPLETE,Program Group Without Nulls,
_MDD_JCT_CREDIBLE_APPOINTMENTS_INCOMPLETE,Program Group,
_MDD_JCT_CREDIBLE_APPOINTMENTS_INCOMPLETE,Program Group > Name,
_MDD_JCT_CREDIBLE_APPOINTMENTS_INCOMPLETE,Program Is Residential,
_MDD_JCT_CREDIBLE_APPOINTMENTS_INCOMPLETE,Program Tx Setting,
_MDD_JCT_CREDIBLE_APPOINTMENTS_INCOMPLETE,Program Revenue Code,
_MDD_JCT_CREDIBLE_APPOINTMENTS_INCOMPLETE,Program Created Date,The date the Program record was created.
_MDD_JCT_CREDIBLE_APPOINTMENTS_INCOMPLETE,Program Created Date Fiscal Year,
_MDD_JCT_CREDIBLE_APPOINTMENTS_INCOMPLETE,Program Created By Employee ID,Unique ID of the Program Created By Employee.
_MDD_JCT_CREDIBLE_APPOINTMENTS_INCOMPLETE,Program Updated Date,The date the Program record was last updated.
_MDD_JCT_CREDIBLE_APPOINTMENTS_INCOMPLETE,Program Updated Date Fiscal Year,
_MDD_JCT_CREDIBLE_APPOINTMENTS_INCOMPLETE,Program Updated By Employee ID,Unique ID of the Program Updated By Employee.
_MDD_JCT_CREDIBLE_APPOINTMENTS_INCOMPLETE,Program Active Episode Count,
_MDD_JCT_CREDIBLE_APPOINTMENTS_INCOMPLETE,Program Active Client Assignment Count,
_MDD_JCT_CREDIBLE_APPOINTMENTS_INCOMPLETE,Program Active Client Assignment Primary Count,
_MDD_JCT_CREDIBLE_APPOINTMENTS_PLANNER,Planner ID,Unique ID of the Planner.
_MDD_JCT_CREDIBLE_APPOINTMENTS_PLANNER,Appointment ID,Unique ID of the Appointment.
_MDD_JCT_CREDIBLE_APPOINTMENTS_PLANNER,Appointment Tense,"Describes a category of services: employee visit, scheduled and completed, incomplete, scheduled and not started, and scheduled future appointment."
_MDD_JCT_CREDIBLE_APPOINTMENTS_PLANNER,Appointment Tense ID,Unique ID of the Appointment Tense.
_MDD_JCT_CREDIBLE_APPOINTMENTS_PLANNER,Appointment ID Universal,"The ID number guaranteed to be unique within its dataset, even when the expected ID based on field namne is repeated because the dataset intentionally unionizes multiple similar objects."
_MDD_JCT_CREDIBLE_APPOINTMENTS_PLANNER,Appointment Draft ID,Unique ID of the Appointment Draft.
_MDD_JCT_CREDIBLE_APPOINTMENTS_PLANNER,Appointment Start,"The start of the time span, as a date or datetime value."
_MDD_JCT_CREDIBLE_APPOINTMENTS_PLANNER,Appointment End,"The end of the time span, as a date or datetime value."
_MDD_JCT_CREDIBLE_APPOINTMENTS_PLANNER,Appointment Start Fiscal Year,
_MDD_JCT_CREDIBLE_APPOINTMENTS_PLANNER,Appointment Start Fiscal Year (FY YYYY),
_MDD_JCT_CREDIBLE_APPOINTMENTS_PLANNER,Appointment Billable,"Indicates whether or not a time span is billable, typically a service."
_MDD_JCT_CREDIBLE_APPOINTMENTS_PLANNER,Appointment Duration (Minutes),The duration of the time span in minutes.
_MDD_JCT_CREDIBLE_APPOINTMENTS_PLANNER,Appointment Duration (Hours),The duration of the time span in hours.
_MDD_JCT_CREDIBLE_APPOINTMENTS_PLANNER,POS ID,Unique ID of the POS.
_MDD_JCT_CREDIBLE_APPOINTMENTS_PLANNER,Appointment Created Date,The date the Appointment record was created.
_MDD_JCT_CREDIBLE_APPOINTMENTS_PLANNER,Appointment Updated Date,The date the Appointment record was last updated.
_MDD_JCT_CREDIBLE_APPOINTMENTS_PLANNER,Appointment Submitted Date,DO NOT USE.
_MDD_JCT_CREDIBLE_APPOINTMENTS_PLANNER,Appointment Signed Date,The date which the given time span was signed.
_MDD_JCT_CREDIBLE_APPOINTMENTS_PLANNER,Appointment Recipient ID,Unique ID of the Appointment Recipient.
_MDD_JCT_CREDIBLE_APPOINTMENTS_PLANNER,Appointment Rate (Contract),The rate associated with the time span which has been contracted with a specific payer via an insurance plan.
_MDD_JCT_CREDIBLE_APPOINTMENTS_PLANNER,Appointment Rate (Rate),The usual customary rate associated with the time span which has been contracted with a specific payer via an insurance plan.
_MDD_JCT_CREDIBLE_APPOINTMENTS_PLANNER,Appointment Rate (Combined Rate),The combined rate associated with the time span which has been contracted with a specific payer via an insurance plan.
_MDD_JCT_CREDIBLE_APPOINTMENTS_PLANNER,Appointment Rate (Cascaded),
_MDD_JCT_CREDIBLE_APPOINTMENTS_PLANNER,Appointment Approved,"The approval status of the time span, typically by a supervisor."
_MDD_JCT_CREDIBLE_APPOINTMENTS_PLANNER,Appointment Approved Date,The date of the approval.
_MDD_JCT_CREDIBLE_APPOINTMENTS_PLANNER,Appointment Status,"The individual's status in the system, typically ""active"", ""inactive"", or ""pending"". The client status value as recorded."
_MDD_JCT_CREDIBLE_APPOINTMENTS_PLANNER,User ID,Unique ID of the User.
_MDD_JCT_CREDIBLE_APPOINTMENTS_PLANNER,Appointment Entered Date,The date-time value when a record about the time span was enter into the system or created.
_MDD_JCT_CREDIBLE_APPOINTMENTS_PLANNER,Appointment Created Fiscal Year,The organization's fiscal year that the entity was created.
_MDD_JCT_CREDIBLE_APPOINTMENTS_PLANNER,Appointment Dx1,"The first diagnosis associated with the time span as determined by billing rules. If associated with a claim, this Dx is submitted to a Payer / Insurance."
_MDD_JCT_CREDIBLE_APPOINTMENTS_PLANNER,Appointment Dx2,"The second diagnosis associated with the time span as determined by billing rules. If associated with a claim, this Dx is submitted to a Payer / Insurance."
_MDD_JCT_CREDIBLE_APPOINTMENTS_PLANNER,Appointment Dx3,"The third diagnosis associated with the time span as determined by billing rules. If associated with a claim, this Dx is submitted to a Payer / Insurance."
_MDD_JCT_CREDIBLE_APPOINTMENTS_PLANNER,Appointment Dx4,"The fourth diagnosis associated with the time span as determined by billing rules. If associated with a claim, this Dx is submitted to a Payer / Insurance."
_MDD_JCT_CREDIBLE_APPOINTMENTS_PLANNER,Appointment Dx5,"The fifth diagnosis associated with the time span as determined by billing rules. If associated with a claim, this Dx is submitted to a Payer / Insurance."
_MDD_JCT_CREDIBLE_APPOINTMENTS_PLANNER,Appointment Procedure Code,Either the Procedure Code CPT or Procedure Code HCPCS if only one or the other is provided.
_MDD_JCT_CREDIBLE_APPOINTMENTS_PLANNER,Appointment Procedure Code HCPCS,The procedure code associated with the time span from the Center for Medicare and Medicaid Services's procedure code registry.
_MDD_JCT_CREDIBLE_APPOINTMENTS_PLANNER,Appointment Procedure Code CPT,The procedure code associated with the time span from the American Medical Association's procedure code registry.
_MDD_JCT_CREDIBLE_APPOINTMENTS_PLANNER,Appointment Procedure Code CPT Modifier 1,The first modifier for Procedure Code CPT.
_MDD_JCT_CREDIBLE_APPOINTMENTS_PLANNER,Appointment Procedure Code CPT Modifier 2,The second modifier for Procedure Code CPT.
_MDD_JCT_CREDIBLE_APPOINTMENTS_PLANNER,Appointment Procedure Code CPT Modifier 3,The third modifier for Procedure Code CPT.
_MDD_JCT_CREDIBLE_APPOINTMENTS_PLANNER,Appointment Procedure Code CPT Modifier 4,The fourth modifier for Procedure Code CPT.
_MDD_JCT_CREDIBLE_APPOINTMENTS_PLANNER,Appointment Is Recurrence,Indicates whether the time span is associated with a recurrence.
_MDD_JCT_CREDIBLE_APPOINTMENTS_PLANNER,User Hire Date,
_MDD_JCT_CREDIBLE_APPOINTMENTS_PLANNER,Client ID,Unique ID of the Client.
_MDD_JCT_CREDIBLE_APPOINTMENTS_PLANNER,Enrollment ID,Unique ID of the Enrollment.
_MDD_JCT_CREDIBLE_APPOINTMENTS_PLANNER,Tx Plan ID,Unique ID of the Tx Plan.
_MDD_JCT_CREDIBLE_APPOINTMENTS_PLANNER,Bx ID,Unique ID of the Bx.
_MDD_JCT_CREDIBLE_APPOINTMENTS_PLANNER,Appointment Sequence Client ASC,
_MDD_JCT_CREDIBLE_APPOINTMENTS_PLANNER,Appointment Sequence Client DESC,
_MDD_JCT_CREDIBLE_APPOINTMENTS_PLANNER,Appointment Sequence Client-Enrollment-Type-ASC,
_MDD_JCT_CREDIBLE_APPOINTMENTS_PLANNER,Appointment Sequence Client-Enrollment-Type-DESC,
_MDD_JCT_CREDIBLE_APPOINTMENTS_PLANNER,Appointment Sequence Client-Type-ASC,
_MDD_JCT_CREDIBLE_APPOINTMENTS_PLANNER,Appointment Sequence Client-Type-DESC,
_MDD_JCT_CREDIBLE_APPOINTMENTS_PLANNER,Appointment Sequence Client-Enrollment-ASC,
_MDD_JCT_CREDIBLE_APPOINTMENTS_PLANNER,Appointment Sequence Client-Enrollment-DESC,
_MDD_JCT_CREDIBLE_APPOINTMENTS_PLANNER,Appointment Link,The URL that will take the user directly to the entity described in the record.
_MDD_JCT_CREDIBLE_APPOINTMENTS_PLANNER,Appointment Link Billing,
_MDD_JCT_CREDIBLE_APPOINTMENTS_PLANNER,Form Version ID,Unique ID of the Form Version.
_MDD_JCT_CREDIBLE_APPOINTMENTS_PLANNER,Appointment Family Split Primary ID,Unique ID of the Appointment Family Split Primary.
_MDD_JCT_CREDIBLE_APPOINTMENTS_PLANNER,Appointment Type ID,Unique ID of the Appointment Type.
_MDD_JCT_CREDIBLE_APPOINTMENTS_PLANNER,Appointment Type,
_MDD_JCT_CREDIBLE_APPOINTMENTS_PLANNER,Appointment Type Name,
_MDD_JCT_CREDIBLE_APPOINTMENTS_PLANNER,Appointment Type Paperwork Form ID,Unique ID of the Appointment Type Paperwork Form.
_MDD_JCT_CREDIBLE_APPOINTMENTS_PLANNER,Form ID,Unique ID of the Form.
_MDD_JCT_CREDIBLE_APPOINTMENTS_PLANNER,Appointment Type Exclude From Reminders,
_MDD_JCT_CREDIBLE_APPOINTMENTS_PLANNER,Appointment Type Is Tx Plan,
_MDD_JCT_CREDIBLE_APPOINTMENTS_PLANNER,Appointment Type Tx Setting,
_MDD_JCT_CREDIBLE_APPOINTMENTS_PLANNER,Appointment Type Count Last 30 Days,
_MDD_JCT_CREDIBLE_APPOINTMENTS_PLANNER,Program ID,Unique ID of the Program.
_MDD_JCT_CREDIBLE_APPOINTMENTS_PLANNER,Program ID External,
_MDD_JCT_CREDIBLE_APPOINTMENTS_PLANNER,Program Name,
_MDD_JCT_CREDIBLE_APPOINTMENTS_PLANNER,Program Code,
_MDD_JCT_CREDIBLE_APPOINTMENTS_PLANNER,Program Group Without Nulls,
_MDD_JCT_CREDIBLE_APPOINTMENTS_PLANNER,Program Group,
_MDD_JCT_CREDIBLE_APPOINTMENTS_PLANNER,Program Group > Name,
_MDD_JCT_CREDIBLE_APPOINTMENTS_PLANNER,Program Is Residential,
_MDD_JCT_CREDIBLE_APPOINTMENTS_PLANNER,Program Tx Setting,
_MDD_JCT_CREDIBLE_APPOINTMENTS_PLANNER,Program Revenue Code,
_MDD_JCT_CREDIBLE_APPOINTMENTS_PLANNER,Program Created Date,The date the Program record was created.
_MDD_JCT_CREDIBLE_APPOINTMENTS_PLANNER,Program Created Date Fiscal Year,
_MDD_JCT_CREDIBLE_APPOINTMENTS_PLANNER,Program Created By Employee ID,Unique ID of the Program Created By Employee.
_MDD_JCT_CREDIBLE_APPOINTMENTS_PLANNER,Program Updated Date,The date the Program record was last updated.
_MDD_JCT_CREDIBLE_APPOINTMENTS_PLANNER,Program Updated Date Fiscal Year,
_MDD_JCT_CREDIBLE_APPOINTMENTS_PLANNER,Program Updated By Employee ID,Unique ID of the Program Updated By Employee.
_MDD_JCT_CREDIBLE_APPOINTMENTS_PLANNER,Program Active Episode Count,
_MDD_JCT_CREDIBLE_APPOINTMENTS_PLANNER,Program Active Client Assignment Count,
_MDD_JCT_CREDIBLE_APPOINTMENTS_PLANNER,Program Active Client Assignment Primary Count,
_MDD_JCT_CREDIBLE_APPOINTMENTS_PROCEDURE_CODES_MODIFIERS_UNIQUE,CPT Code,
_MDD_JCT_CREDIBLE_APPOINTMENTS_PROCEDURE_CODES_MODIFIERS_UNIQUE,CPT Modifier 1,
_MDD_JCT_CREDIBLE_APPOINTMENTS_PROCEDURE_CODES_MODIFIERS_UNIQUE,CPT Modifier 2,
_MDD_JCT_CREDIBLE_APPOINTMENTS_PROCEDURE_CODES_MODIFIERS_UNIQUE,CPT Modifier 3,
_MDD_JCT_CREDIBLE_APPOINTMENTS_PROCEDURE_CODES_MODIFIERS_UNIQUE,CPT Modifier 4,
_MDD_JCT_CREDIBLE_APPOINTMENTS_PROCEDURE_CODES_UNIQUE,CPT Code,
_MDD_JCT_CREDIBLE_APPOINTMENTS_PROCEDURE_MODIFIERS,Appointment ID,Unique ID of the Appointment.
_MDD_JCT_CREDIBLE_APPOINTMENTS_PROCEDURE_MODIFIERS,Modifier,
_MDD_JCT_CREDIBLE_APPOINTMENTS_PROCEDURE_MODIFIERS,Modifier Is CPT,
_MDD_JCT_CREDIBLE_APPOINTMENTS_PROCEDURE_MODIFIERS,Modifier Is HCPCS,
_MDD_JCT_CREDIBLE_APPOINTMENTS_PROCEDURE_MODIFIERS_UNIQUE,Modifier,
_MDD_JCT_CREDIBLE_APPOINTMENTS_USERS,Appointment ID,Unique ID of the Appointment.
_MDD_JCT_CREDIBLE_APPOINTMENTS_USERS,Appointment Tense,"Describes a category of services: employee visit, scheduled and completed, incomplete, scheduled and not started, and scheduled future appointment."
_MDD_JCT_CREDIBLE_APPOINTMENTS_USERS,Planner ID,Unique ID of the Planner.
_MDD_JCT_CREDIBLE_APPOINTMENTS_USERS,Appointment Draft ID,Unique ID of the Appointment Draft.
_MDD_JCT_CREDIBLE_APPOINTMENTS_USERS,Appointment Start,"The start of the time span, as a date or datetime value."
_MDD_JCT_CREDIBLE_APPOINTMENTS_USERS,Appointment End,"The end of the time span, as a date or datetime value."
_MDD_JCT_CREDIBLE_APPOINTMENTS_USERS,Appointment Start Fiscal Year,
_MDD_JCT_CREDIBLE_APPOINTMENTS_USERS,Appointment Start Fiscal Year (FY YYYY),
_MDD_JCT_CREDIBLE_APPOINTMENTS_USERS,Appointment Billable,"Indicates whether or not a time span is billable, typically a service."
_MDD_JCT_CREDIBLE_APPOINTMENTS_USERS,Appointment Duration (Minutes),The duration of the time span in minutes.
_MDD_JCT_CREDIBLE_APPOINTMENTS_USERS,Appointment Duration (Hours),The duration of the time span in hours.
_MDD_JCT_CREDIBLE_APPOINTMENTS_USERS,Appointment Approved,"The approval status of the time span, typically by a supervisor."
_MDD_JCT_CREDIBLE_APPOINTMENTS_USERS,User ID (By),
_MDD_JCT_CREDIBLE_APPOINTMENTS_USERS,Appointment Entered Date,The date-time value when a record about the time span was enter into the system or created.
_MDD_JCT_CREDIBLE_APPOINTMENTS_USERS,Appointment Created Fiscal Year,The organization's fiscal year that the entity was created.
_MDD_JCT_CREDIBLE_APPOINTMENTS_USERS,Appointment Is Recurrence,Indicates whether the time span is associated with a recurrence.
_MDD_JCT_CREDIBLE_APPOINTMENTS_USERS,User (For) Hire Date,
_MDD_JCT_CREDIBLE_APPOINTMENTS_USERS,User (By) Hire Date,
_MDD_JCT_CREDIBLE_APPOINTMENTS_USERS,User ID (For),
_MDD_JCT_CREDIBLE_APPOINTMENTS_USERS,Appointment Sequence User (For) ASC,
_MDD_JCT_CREDIBLE_APPOINTMENTS_USERS,Appointment Sequence User (For) DESC,
_MDD_JCT_CREDIBLE_APPOINTMENTS_USERS,Appointment Sequence User(For)-Type-ASC,
_MDD_JCT_CREDIBLE_APPOINTMENTS_USERS,Appointment Sequence User(For)-Type-DESC,
_MDD_JCT_CREDIBLE_APPOINTMENTS_USERS,Appointment Type ID,Unique ID of the Appointment Type.
_MDD_JCT_CREDIBLE_APPOINTMENTS_USERS,Appointment Type,
_MDD_JCT_CREDIBLE_APPOINTMENTS_USERS,Appointment Type Name,
_MDD_JCT_CREDIBLE_APPOINTMENTS_USERS,Appointment Type Paperwork Form ID,Unique ID of the Appointment Type Paperwork Form.
_MDD_JCT_CREDIBLE_APPOINTMENTS_USERS,Form ID,Unique ID of the Form.
_MDD_JCT_CREDIBLE_APPOINTMENTS_USERS,Appointment Type Is HR,
_MDD_JCT_CREDIBLE_APPOINTMENTS_USERS,Appointment Type Is Multi-Stage Approval,
_MDD_JCT_CREDIBLE_APPOINTMENTS_USERS,Appointment Type Is Shift Note,
_MDD_JCT_CREDIBLE_APPOINTMENTS_USERS,Appointment Type Is Private,
_MDD_JCT_CREDIBLE_APPOINTMENT_DX,Appointment ID,Unique ID of the Appointment.
_MDD_JCT_CREDIBLE_APPOINTMENT_DX,Appointment Dx Order,Andrew will think about how to handle the Dx Order field.
_MDD_JCT_CREDIBLE_APPOINTMENT_DX,Dx Code,
_MDD_JCT_CREDIBLE_APPOINTMENT_DX,Appointment Dx Sequence ASC,"An integer, starting at 1, in the sequence of events in chronological order associated with the time span."
_MDD_JCT_CREDIBLE_APPOINTMENT_DX,Appointment Dx Sequence DESC,"An integer, ending at 1, in the sequence of events in chronological order associated with the time span."
_MDD_JCT_CREDIBLE_APPOINTMENT_SIGNATURES,Signature ID,Unique ID of the Signature.
_MDD_JCT_CREDIBLE_APPOINTMENT_SIGNATURES,Appointment ID,Unique ID of the Appointment.
_MDD_JCT_CREDIBLE_APPOINTMENT_SIGNATURES,Signature Signatory,
_MDD_JCT_CREDIBLE_APPOINTMENT_SIGNATURES,Signature Date,When a time span is just one day.
_MDD_JCT_CREDIBLE_APPOINTMENT_SIGNATURES,Signature From Saved Signature,
_MDD_JCT_CREDIBLE_APPOINTMENT_SIGNATURES,User ID,Unique ID of the User.
_MDD_JCT_CREDIBLE_APPOINTMENT_SIGNATURES,Signature Box ID,Unique ID of the Signature Box.
_MDD_JCT_CREDIBLE_APPOINTMENT_SIGNATURES,Signature Signatory Name,
_MDD_JCT_CREDIBLE_APPOINTMENT_SIGNATURES,User Job Title At Signature,
_MDD_JCT_CREDIBLE_APPOINTMENT_SIGNATURES,User Credentials At Signature,
_MDD_JCT_CREDIBLE_APPOINTMENT_SIGNATURES,User Name First & Last w/Initial,
_MDD_JCT_CREDIBLE_APPOINTMENT_SIGNATURES,Client ID,Unique ID of the Client.
_MDD_JCT_CREDIBLE_APPOINTMENT_SIGNATURES,Appointment Approved Date,
_MDD_JCT_CREDIBLE_APPOINTMENT_SIGNATURES,Appointment Start,
_MDD_JCT_CREDIBLE_APPOINTMENT_SIGNATURES,Appointment End,
_MDD_JCT_CREDIBLE_APPOINTMENT_SIGNATURES,Signature Time Appointment End To Signature (Hours),
_MDD_JCT_CREDIBLE_APPOINTMENT_SIGNATURES,Signature Time Approval To Signature (Hours),
_MDD_JCT_CREDIBLE_APPOINTMENT_SIGNATURES,Signature Version Sequence DESC,
_MDD_JCT_CREDIBLE_APPOINTMENT_SIGNATURES,Signature Sequence ASC,"An integer, starting at 1, in the sequence of events in chronological order associated with the time span."
_MDD_JCT_CREDIBLE_APPOINTMENT_SIGNATURES,Signature Sequence DESC,"An integer, ending at 1, in the sequence of events in chronological order associated with the time span."
_MDD_JCT_CREDIBLE_APPOINTMENT_SIGNATURES,Signature Time Last Signature To Signature (Hours),
_MDD_JCT_CREDIBLE_APPOINTMENT_SIGNATURES,Previous Signature Signatory,
_MDD_JCT_CREDIBLE_APPOINTMENT_SIGNATURES,Previous Signature ID,Unique ID of the Previous Signature.
_MDD_JCT_CREDIBLE_APPOINTMENT_SIGNATURES_BOX_1,Appointment ID,Unique ID of the Appointment.
_MDD_JCT_CREDIBLE_APPOINTMENT_SIGNATURES_BOX_1,Signature ID,Unique ID of the Signature.
_MDD_JCT_CREDIBLE_APPOINTMENT_SIGNATURES_BOX_1,Signature Signatory,
_MDD_JCT_CREDIBLE_APPOINTMENT_SIGNATURES_BOX_1,Signature Date,When a time span is just one day.
_MDD_JCT_CREDIBLE_APPOINTMENT_SIGNATURES_BOX_1,Signature From Saved Signature,
_MDD_JCT_CREDIBLE_APPOINTMENT_SIGNATURES_BOX_1,User ID,Unique ID of the User.
_MDD_JCT_CREDIBLE_APPOINTMENT_SIGNATURES_BOX_1,Signature Box ID,Unique ID of the Signature Box.
_MDD_JCT_CREDIBLE_APPOINTMENT_SIGNATURES_BOX_1,User Job Title,
_MDD_JCT_CREDIBLE_APPOINTMENT_SIGNATURES_BOX_1,User Credentials,
_MDD_JCT_CREDIBLE_APPOINTMENT_SIGNATURES_BOX_1,User Name First & Last w/Initial,
_MDD_JCT_CREDIBLE_APPOINTMENT_SIGNATURES_BOX_1,Client ID,Unique ID of the Client.
_MDD_JCT_CREDIBLE_APPOINTMENT_SIGNATURES_BOX_1,Appointment Approved Date,
_MDD_JCT_CREDIBLE_APPOINTMENT_SIGNATURES_BOX_1,Appointment End,
_MDD_JCT_CREDIBLE_APPOINTMENT_SIGNATURES_BOX_1,Signature Time Appointment End To Signature (Hours),
_MDD_JCT_CREDIBLE_APPOINTMENT_SIGNATURES_BOX_1,Signature Time Approval To Signature (Hours),
_MDD_JCT_CREDIBLE_APPOINTMENT_SIGNATURES_BOX_1,Signature Sequence ASC,"An integer, starting at 1, in the sequence of events in chronological order associated with the time span."
_MDD_JCT_CREDIBLE_APPOINTMENT_SIGNATURES_BOX_1,Signature Sequence DESC,"An integer, ending at 1, in the sequence of events in chronological order associated with the time span."
_MDD_JCT_CREDIBLE_APPOINTMENT_SIGNATURES_BOX_1,Signature Signatory Name,
_MDD_JCT_CREDIBLE_APPOINTMENT_SIGNATURES_BOX_1,Signature Time Last Signature To Signature (Hours),
_MDD_JCT_CREDIBLE_APPOINTMENT_SIGNATURES_BOX_1,Previous Signature Signatory,
_MDD_JCT_CREDIBLE_APPOINTMENT_SIGNATURES_BOX_1,Previous Signature ID,Unique ID of the Previous Signature.
_MDD_JCT_CREDIBLE_APPOINTMENT_SIGNATURES_BOX_2,Appointment ID,Unique ID of the Appointment.
_MDD_JCT_CREDIBLE_APPOINTMENT_SIGNATURES_BOX_2,Signature ID,Unique ID of the Signature.
_MDD_JCT_CREDIBLE_APPOINTMENT_SIGNATURES_BOX_2,Signature Signatory,
_MDD_JCT_CREDIBLE_APPOINTMENT_SIGNATURES_BOX_2,Signature Date,When a time span is just one day.
_MDD_JCT_CREDIBLE_APPOINTMENT_SIGNATURES_BOX_2,Signature From Saved Signature,
_MDD_JCT_CREDIBLE_APPOINTMENT_SIGNATURES_BOX_2,User ID,Unique ID of the User.
_MDD_JCT_CREDIBLE_APPOINTMENT_SIGNATURES_BOX_2,Signature Box ID,Unique ID of the Signature Box.
_MDD_JCT_CREDIBLE_APPOINTMENT_SIGNATURES_BOX_2,User Job Title,
_MDD_JCT_CREDIBLE_APPOINTMENT_SIGNATURES_BOX_2,User Credentials,
_MDD_JCT_CREDIBLE_APPOINTMENT_SIGNATURES_BOX_2,User Name First & Last w/Initial,
_MDD_JCT_CREDIBLE_APPOINTMENT_SIGNATURES_BOX_2,Client ID,Unique ID of the Client.
_MDD_JCT_CREDIBLE_APPOINTMENT_SIGNATURES_BOX_2,Appointment Approved Date,
_MDD_JCT_CREDIBLE_APPOINTMENT_SIGNATURES_BOX_2,Appointment End,
_MDD_JCT_CREDIBLE_APPOINTMENT_SIGNATURES_BOX_2,Signature Time Appointment End To Signature (Hours),
_MDD_JCT_CREDIBLE_APPOINTMENT_SIGNATURES_BOX_2,Signature Time Approval To Signature (Hours),
_MDD_JCT_CREDIBLE_APPOINTMENT_SIGNATURES_BOX_2,Signature Sequence ASC,"An integer, starting at 1, in the sequence of events in chronological order associated with the time span."
_MDD_JCT_CREDIBLE_APPOINTMENT_SIGNATURES_BOX_2,Signature Sequence DESC,"An integer, ending at 1, in the sequence of events in chronological order associated with the time span."
_MDD_JCT_CREDIBLE_APPOINTMENT_SIGNATURES_BOX_2,Signature Signatory Name,
_MDD_JCT_CREDIBLE_APPOINTMENT_SIGNATURES_BOX_2,Signature Time Last Signature To Signature (Hours),
_MDD_JCT_CREDIBLE_APPOINTMENT_SIGNATURES_BOX_2,Previous Signature Signatory,
_MDD_JCT_CREDIBLE_APPOINTMENT_SIGNATURES_BOX_2,Previous Signature ID,Unique ID of the Previous Signature.
_MDD_JCT_CREDIBLE_APPOINTMENT_SIGNATURES_BOX_3,Appointment ID,Unique ID of the Appointment.
_MDD_JCT_CREDIBLE_APPOINTMENT_SIGNATURES_BOX_3,Signature ID,Unique ID of the Signature.
_MDD_JCT_CREDIBLE_APPOINTMENT_SIGNATURES_BOX_3,Signature Signatory,
_MDD_JCT_CREDIBLE_APPOINTMENT_SIGNATURES_BOX_3,Signature Date,When a time span is just one day.
_MDD_JCT_CREDIBLE_APPOINTMENT_SIGNATURES_BOX_3,Signature From Saved Signature,
_MDD_JCT_CREDIBLE_APPOINTMENT_SIGNATURES_BOX_3,User ID,Unique ID of the User.
_MDD_JCT_CREDIBLE_APPOINTMENT_SIGNATURES_BOX_3,Signature Box ID,Unique ID of the Signature Box.
_MDD_JCT_CREDIBLE_APPOINTMENT_SIGNATURES_BOX_3,User Job Title,
_MDD_JCT_CREDIBLE_APPOINTMENT_SIGNATURES_BOX_3,User Credentials,
_MDD_JCT_CREDIBLE_APPOINTMENT_SIGNATURES_BOX_3,User Name First & Last w/Initial,
_MDD_JCT_CREDIBLE_APPOINTMENT_SIGNATURES_BOX_3,Client ID,Unique ID of the Client.
_MDD_JCT_CREDIBLE_APPOINTMENT_SIGNATURES_BOX_3,Appointment Approved Date,
_MDD_JCT_CREDIBLE_APPOINTMENT_SIGNATURES_BOX_3,Appointment End,
_MDD_JCT_CREDIBLE_APPOINTMENT_SIGNATURES_BOX_3,Signature Time Appointment End To Signature (Hours),
_MDD_JCT_CREDIBLE_APPOINTMENT_SIGNATURES_BOX_3,Signature Time Approval To Signature (Hours),
_MDD_JCT_CREDIBLE_APPOINTMENT_SIGNATURES_BOX_3,Signature Sequence ASC,"An integer, starting at 1, in the sequence of events in chronological order associated with the time span."
_MDD_JCT_CREDIBLE_APPOINTMENT_SIGNATURES_BOX_3,Signature Sequence DESC,"An integer, ending at 1, in the sequence of events in chronological order associated with the time span."
_MDD_JCT_CREDIBLE_APPOINTMENT_SIGNATURES_BOX_3,Signature Signatory Name,
_MDD_JCT_CREDIBLE_APPOINTMENT_SIGNATURES_BOX_3,Signature Time Last Signature To Signature (Hours),
_MDD_JCT_CREDIBLE_APPOINTMENT_SIGNATURES_BOX_3,Previous Signature Signatory,
_MDD_JCT_CREDIBLE_APPOINTMENT_SIGNATURES_BOX_3,Previous Signature ID,Unique ID of the Previous Signature.
_MDD_JCT_CREDIBLE_APPOINTMENT_SIGNATURES_BOX_4,Appointment ID,Unique ID of the Appointment.
_MDD_JCT_CREDIBLE_APPOINTMENT_SIGNATURES_BOX_4,Signature ID,Unique ID of the Signature.
_MDD_JCT_CREDIBLE_APPOINTMENT_SIGNATURES_BOX_4,Signature Signatory,
_MDD_JCT_CREDIBLE_APPOINTMENT_SIGNATURES_BOX_4,Signature Date,When a time span is just one day.
_MDD_JCT_CREDIBLE_APPOINTMENT_SIGNATURES_BOX_4,Signature From Saved Signature,
_MDD_JCT_CREDIBLE_APPOINTMENT_SIGNATURES_BOX_4,User ID,Unique ID of the User.
_MDD_JCT_CREDIBLE_APPOINTMENT_SIGNATURES_BOX_4,Signature Box ID,Unique ID of the Signature Box.
_MDD_JCT_CREDIBLE_APPOINTMENT_SIGNATURES_BOX_4,User Job Title,
_MDD_JCT_CREDIBLE_APPOINTMENT_SIGNATURES_BOX_4,User Credentials,
_MDD_JCT_CREDIBLE_APPOINTMENT_SIGNATURES_BOX_4,User Name First & Last w/Initial,
_MDD_JCT_CREDIBLE_APPOINTMENT_SIGNATURES_BOX_4,Client ID,Unique ID of the Client.
_MDD_JCT_CREDIBLE_APPOINTMENT_SIGNATURES_BOX_4,Appointment Approved Date,
_MDD_JCT_CREDIBLE_APPOINTMENT_SIGNATURES_BOX_4,Appointment End,
_MDD_JCT_CREDIBLE_APPOINTMENT_SIGNATURES_BOX_4,Signature Time Appointment End To Signature (Hours),
_MDD_JCT_CREDIBLE_APPOINTMENT_SIGNATURES_BOX_4,Signature Time Approval To Signature (Hours),
_MDD_JCT_CREDIBLE_APPOINTMENT_SIGNATURES_BOX_4,Signature Sequence ASC,"An integer, starting at 1, in the sequence of events in chronological order associated with the time span."
_MDD_JCT_CREDIBLE_APPOINTMENT_SIGNATURES_BOX_4,Signature Sequence DESC,"An integer, ending at 1, in the sequence of events in chronological order associated with the time span."
_MDD_JCT_CREDIBLE_APPOINTMENT_SIGNATURES_BOX_4,Signature Signatory Name,
_MDD_JCT_CREDIBLE_APPOINTMENT_SIGNATURES_BOX_4,Signature Time Last Signature To Signature (Hours),
_MDD_JCT_CREDIBLE_APPOINTMENT_SIGNATURES_BOX_4,Previous Signature Signatory,
_MDD_JCT_CREDIBLE_APPOINTMENT_SIGNATURES_BOX_4,Previous Signature ID,Unique ID of the Previous Signature.
_MDD_JCT_CREDIBLE_APPOINTMENT_SIGNATURES_BOX_5,Appointment ID,Unique ID of the Appointment.
_MDD_JCT_CREDIBLE_APPOINTMENT_SIGNATURES_BOX_5,Signature ID,Unique ID of the Signature.
_MDD_JCT_CREDIBLE_APPOINTMENT_SIGNATURES_BOX_5,Signature Signatory,
_MDD_JCT_CREDIBLE_APPOINTMENT_SIGNATURES_BOX_5,Signature Date,When a time span is just one day.
_MDD_JCT_CREDIBLE_APPOINTMENT_SIGNATURES_BOX_5,Signature From Saved Signature,
_MDD_JCT_CREDIBLE_APPOINTMENT_SIGNATURES_BOX_5,User ID,Unique ID of the User.
_MDD_JCT_CREDIBLE_APPOINTMENT_SIGNATURES_BOX_5,Signature Box ID,Unique ID of the Signature Box.
_MDD_JCT_CREDIBLE_APPOINTMENT_SIGNATURES_BOX_5,User Job Title,
_MDD_JCT_CREDIBLE_APPOINTMENT_SIGNATURES_BOX_5,User Credentials,
_MDD_JCT_CREDIBLE_APPOINTMENT_SIGNATURES_BOX_5,User Name First & Last w/Initial,
_MDD_JCT_CREDIBLE_APPOINTMENT_SIGNATURES_BOX_5,Client ID,Unique ID of the Client.
_MDD_JCT_CREDIBLE_APPOINTMENT_SIGNATURES_BOX_5,Appointment Approved Date,
_MDD_JCT_CREDIBLE_APPOINTMENT_SIGNATURES_BOX_5,Appointment End,
_MDD_JCT_CREDIBLE_APPOINTMENT_SIGNATURES_BOX_5,Signature Time Appointment End To Signature (Hours),
_MDD_JCT_CREDIBLE_APPOINTMENT_SIGNATURES_BOX_5,Signature Time Approval To Signature (Hours),
_MDD_JCT_CREDIBLE_APPOINTMENT_SIGNATURES_BOX_5,Signature Sequence ASC,"An integer, starting at 1, in the sequence of events in chronological order associated with the time span."
_MDD_JCT_CREDIBLE_APPOINTMENT_SIGNATURES_BOX_5,Signature Sequence DESC,"An integer, ending at 1, in the sequence of events in chronological order associated with the time span."
_MDD_JCT_CREDIBLE_APPOINTMENT_SIGNATURES_BOX_5,Signature Signatory Name,
_MDD_JCT_CREDIBLE_APPOINTMENT_SIGNATURES_BOX_5,Signature Time Last Signature To Signature (Hours),
_MDD_JCT_CREDIBLE_APPOINTMENT_SIGNATURES_BOX_5,Previous Signature Signatory,
_MDD_JCT_CREDIBLE_APPOINTMENT_SIGNATURES_BOX_5,Previous Signature ID,Unique ID of the Previous Signature.
_MDD_JCT_CREDIBLE_APPOINTMENT_SIGNATURES_BOX_6,Appointment ID,Unique ID of the Appointment.
_MDD_JCT_CREDIBLE_APPOINTMENT_SIGNATURES_BOX_6,Signature ID,Unique ID of the Signature.
_MDD_JCT_CREDIBLE_APPOINTMENT_SIGNATURES_BOX_6,Signature Signatory,
_MDD_JCT_CREDIBLE_APPOINTMENT_SIGNATURES_BOX_6,Signature Date,When a time span is just one day.
_MDD_JCT_CREDIBLE_APPOINTMENT_SIGNATURES_BOX_6,Signature From Saved Signature,
_MDD_JCT_CREDIBLE_APPOINTMENT_SIGNATURES_BOX_6,User ID,Unique ID of the User.
_MDD_JCT_CREDIBLE_APPOINTMENT_SIGNATURES_BOX_6,Signature Box ID,Unique ID of the Signature Box.
_MDD_JCT_CREDIBLE_APPOINTMENT_SIGNATURES_BOX_6,User Job Title,
_MDD_JCT_CREDIBLE_APPOINTMENT_SIGNATURES_BOX_6,User Credentials,
_MDD_JCT_CREDIBLE_APPOINTMENT_SIGNATURES_BOX_6,User Name First & Last w/Initial,
_MDD_JCT_CREDIBLE_APPOINTMENT_SIGNATURES_BOX_6,Client ID,Unique ID of the Client.
_MDD_JCT_CREDIBLE_APPOINTMENT_SIGNATURES_BOX_6,Appointment Approved Date,
_MDD_JCT_CREDIBLE_APPOINTMENT_SIGNATURES_BOX_6,Appointment End,
_MDD_JCT_CREDIBLE_APPOINTMENT_SIGNATURES_BOX_6,Signature Time Appointment End To Signature (Hours),
_MDD_JCT_CREDIBLE_APPOINTMENT_SIGNATURES_BOX_6,Signature Time Approval To Signature (Hours),
_MDD_JCT_CREDIBLE_APPOINTMENT_SIGNATURES_BOX_6,Signature Sequence ASC,"An integer, starting at 1, in the sequence of events in chronological order associated with the time span."
_MDD_JCT_CREDIBLE_APPOINTMENT_SIGNATURES_BOX_6,Signature Sequence DESC,"An integer, ending at 1, in the sequence of events in chronological order associated with the time span."
_MDD_JCT_CREDIBLE_APPOINTMENT_SIGNATURES_BOX_6,Signature Signatory Name,
_MDD_JCT_CREDIBLE_APPOINTMENT_SIGNATURES_BOX_6,Signature Time Last Signature To Signature (Hours),
_MDD_JCT_CREDIBLE_APPOINTMENT_SIGNATURES_BOX_6,Previous Signature Signatory,
_MDD_JCT_CREDIBLE_APPOINTMENT_SIGNATURES_BOX_6,Previous Signature ID,Unique ID of the Previous Signature.
_MDD_JCT_CREDIBLE_APPOINTMENT_SIGNATURES_BOX_7,Appointment ID,Unique ID of the Appointment.
_MDD_JCT_CREDIBLE_APPOINTMENT_SIGNATURES_BOX_7,Signature ID,Unique ID of the Signature.
_MDD_JCT_CREDIBLE_APPOINTMENT_SIGNATURES_BOX_7,Signature Signatory,
_MDD_JCT_CREDIBLE_APPOINTMENT_SIGNATURES_BOX_7,Signature Date,When a time span is just one day.
_MDD_JCT_CREDIBLE_APPOINTMENT_SIGNATURES_BOX_7,Signature From Saved Signature,
_MDD_JCT_CREDIBLE_APPOINTMENT_SIGNATURES_BOX_7,User ID,Unique ID of the User.
_MDD_JCT_CREDIBLE_APPOINTMENT_SIGNATURES_BOX_7,Signature Box ID,Unique ID of the Signature Box.
_MDD_JCT_CREDIBLE_APPOINTMENT_SIGNATURES_BOX_7,User Job Title,
_MDD_JCT_CREDIBLE_APPOINTMENT_SIGNATURES_BOX_7,User Credentials,
_MDD_JCT_CREDIBLE_APPOINTMENT_SIGNATURES_BOX_7,User Name First & Last w/Initial,
_MDD_JCT_CREDIBLE_APPOINTMENT_SIGNATURES_BOX_7,Client ID,Unique ID of the Client.
_MDD_JCT_CREDIBLE_APPOINTMENT_SIGNATURES_BOX_7,Appointment Approved Date,
_MDD_JCT_CREDIBLE_APPOINTMENT_SIGNATURES_BOX_7,Appointment End,
_MDD_JCT_CREDIBLE_APPOINTMENT_SIGNATURES_BOX_7,Signature Time Appointment End To Signature (Hours),
_MDD_JCT_CREDIBLE_APPOINTMENT_SIGNATURES_BOX_7,Signature Time Approval To Signature (Hours),
_MDD_JCT_CREDIBLE_APPOINTMENT_SIGNATURES_BOX_7,Signature Sequence ASC,"An integer, starting at 1, in the sequence of events in chronological order associated with the time span."
_MDD_JCT_CREDIBLE_APPOINTMENT_SIGNATURES_BOX_7,Signature Sequence DESC,"An integer, ending at 1, in the sequence of events in chronological order associated with the time span."
_MDD_JCT_CREDIBLE_APPOINTMENT_SIGNATURES_BOX_7,Signature Signatory Name,
_MDD_JCT_CREDIBLE_APPOINTMENT_SIGNATURES_BOX_7,Signature Time Last Signature To Signature (Hours),
_MDD_JCT_CREDIBLE_APPOINTMENT_SIGNATURES_BOX_7,Previous Signature Signatory,
_MDD_JCT_CREDIBLE_APPOINTMENT_SIGNATURES_BOX_7,Previous Signature ID,Unique ID of the Previous Signature.
_MDD_JCT_CREDIBLE_APPOINTMENT_SIGNATURES_BOX_8,Appointment ID,Unique ID of the Appointment.
_MDD_JCT_CREDIBLE_APPOINTMENT_SIGNATURES_BOX_8,Signature ID,Unique ID of the Signature.
_MDD_JCT_CREDIBLE_APPOINTMENT_SIGNATURES_BOX_8,Signature Signatory,
_MDD_JCT_CREDIBLE_APPOINTMENT_SIGNATURES_BOX_8,Signature Date,When a time span is just one day.
_MDD_JCT_CREDIBLE_APPOINTMENT_SIGNATURES_BOX_8,Signature From Saved Signature,
_MDD_JCT_CREDIBLE_APPOINTMENT_SIGNATURES_BOX_8,User ID,Unique ID of the User.
_MDD_JCT_CREDIBLE_APPOINTMENT_SIGNATURES_BOX_8,Signature Box ID,Unique ID of the Signature Box.
_MDD_JCT_CREDIBLE_APPOINTMENT_SIGNATURES_BOX_8,User Job Title,
_MDD_JCT_CREDIBLE_APPOINTMENT_SIGNATURES_BOX_8,User Credentials,
_MDD_JCT_CREDIBLE_APPOINTMENT_SIGNATURES_BOX_8,User Name First & Last w/Initial,
_MDD_JCT_CREDIBLE_APPOINTMENT_SIGNATURES_BOX_8,Client ID,Unique ID of the Client.
_MDD_JCT_CREDIBLE_APPOINTMENT_SIGNATURES_BOX_8,Appointment Approved Date,
_MDD_JCT_CREDIBLE_APPOINTMENT_SIGNATURES_BOX_8,Appointment End,
_MDD_JCT_CREDIBLE_APPOINTMENT_SIGNATURES_BOX_8,Signature Time Appointment End To Signature (Hours),
_MDD_JCT_CREDIBLE_APPOINTMENT_SIGNATURES_BOX_8,Signature Time Approval To Signature (Hours),
_MDD_JCT_CREDIBLE_APPOINTMENT_SIGNATURES_BOX_8,Signature Sequence ASC,"An integer, starting at 1, in the sequence of events in chronological order associated with the time span."
_MDD_JCT_CREDIBLE_APPOINTMENT_SIGNATURES_BOX_8,Signature Sequence DESC,"An integer, ending at 1, in the sequence of events in chronological order associated with the time span."
_MDD_JCT_CREDIBLE_APPOINTMENT_SIGNATURES_BOX_8,Signature Signatory Name,
_MDD_JCT_CREDIBLE_APPOINTMENT_SIGNATURES_BOX_8,Signature Time Last Signature To Signature (Hours),
_MDD_JCT_CREDIBLE_APPOINTMENT_SIGNATURES_BOX_8,Previous Signature Signatory,
_MDD_JCT_CREDIBLE_APPOINTMENT_SIGNATURES_BOX_8,Previous Signature ID,Unique ID of the Previous Signature.
_MDD_JCT_CREDIBLE_APPOINTMENT_SIGNATURES_LBLS,Order,Andrew will think about how to handle the Dx Order field.
_MDD_JCT_CREDIBLE_APPOINTMENT_SIGNATURES_LBLS,Label,
_MDD_JCT_CREDIBLE_APPOINTMENT_SIGNATURES_SEQUENCE,Appointment ID,Unique ID of the Appointment.
_MDD_JCT_CREDIBLE_APPOINTMENT_SIGNATURES_SEQUENCE,Signature Sequence ASC,
_MDD_JCT_CREDIBLE_APPOINTMENT_SIGNATURES_SEQUENCE,Signature ID,Unique ID of the Signature.
_MDD_JCT_CREDIBLE_APPOINTMENT_SIGNATURES_SEQUENCE,Signature Signatory,
_MDD_JCT_CREDIBLE_APPOINTMENT_SIGNATURES_SEQUENCE,Signature Date,
_MDD_JCT_CREDIBLE_APPOINTMENT_SIGNATURES_SEQUENCE,Signature From Saved Signature,
_MDD_JCT_CREDIBLE_APPOINTMENT_SIGNATURES_SEQUENCE,User ID,Unique ID of the User.
_MDD_JCT_CREDIBLE_APPOINTMENT_SIGNATURES_SEQUENCE,Signature Box ID,Unique ID of the Signature Box.
_MDD_JCT_CREDIBLE_APPOINTMENT_SIGNATURES_SEQUENCE,Signature Signatory Name,
_MDD_JCT_CREDIBLE_APPOINTMENT_SIGNATURES_SEQUENCE,User Job Title At Signature,
_MDD_JCT_CREDIBLE_APPOINTMENT_SIGNATURES_SEQUENCE,User Credentials At Signature,
_MDD_JCT_CREDIBLE_APPOINTMENT_SIGNATURES_SEQUENCE,User Name First & Last w/Initial,
_MDD_JCT_CREDIBLE_APPOINTMENT_SIGNATURES_SEQUENCE,Client ID,Unique ID of the Client.
_MDD_JCT_CREDIBLE_APPOINTMENT_SIGNATURES_SEQUENCE,Appointment Approved Date,
_MDD_JCT_CREDIBLE_APPOINTMENT_SIGNATURES_SEQUENCE,Appointment Start,
_MDD_JCT_CREDIBLE_APPOINTMENT_SIGNATURES_SEQUENCE,Appointment End,
_MDD_JCT_CREDIBLE_APPOINTMENT_SIGNATURES_SEQUENCE,Signature Time Appointment End To Signature (Hours),
_MDD_JCT_CREDIBLE_APPOINTMENT_SIGNATURES_SEQUENCE,Signature Time Approval To Signature (Hours),
_MDD_JCT_CREDIBLE_APPOINTMENT_SIGNATURES_SEQUENCE,Signature Version Sequence DESC,
_MDD_JCT_CREDIBLE_APPOINTMENT_SIGNATURES_SEQUENCE,Signature Sequence DESC,
_MDD_JCT_CREDIBLE_APPOINTMENT_SIGNATURES_VERSIONS,Signature ID,Unique ID of the Signature.
_MDD_JCT_CREDIBLE_APPOINTMENT_SIGNATURES_VERSIONS,Appointment ID,Unique ID of the Appointment.
_MDD_JCT_CREDIBLE_APPOINTMENT_SIGNATURES_VERSIONS,Signature Signatory,
_MDD_JCT_CREDIBLE_APPOINTMENT_SIGNATURES_VERSIONS,Signature Date,When a time span is just one day.
_MDD_JCT_CREDIBLE_APPOINTMENT_SIGNATURES_VERSIONS,Signature From Saved Signature,
_MDD_JCT_CREDIBLE_APPOINTMENT_SIGNATURES_VERSIONS,User ID,Unique ID of the User.
_MDD_JCT_CREDIBLE_APPOINTMENT_SIGNATURES_VERSIONS,Signature Box ID,Unique ID of the Signature Box.
_MDD_JCT_CREDIBLE_APPOINTMENT_SIGNATURES_VERSIONS,Signature Signatory Name,
_MDD_JCT_CREDIBLE_APPOINTMENT_SIGNATURES_VERSIONS,User Job Title At Signature,
_MDD_JCT_CREDIBLE_APPOINTMENT_SIGNATURES_VERSIONS,User Credentials At Signature,
_MDD_JCT_CREDIBLE_APPOINTMENT_SIGNATURES_VERSIONS,User Name First & Last w/Initial,
_MDD_JCT_CREDIBLE_APPOINTMENT_SIGNATURES_VERSIONS,Client ID,Unique ID of the Client.
_MDD_JCT_CREDIBLE_APPOINTMENT_SIGNATURES_VERSIONS,Appointment Approved Date,
_MDD_JCT_CREDIBLE_APPOINTMENT_SIGNATURES_VERSIONS,Appointment Start,
_MDD_JCT_CREDIBLE_APPOINTMENT_SIGNATURES_VERSIONS,Appointment End,
_MDD_JCT_CREDIBLE_APPOINTMENT_SIGNATURES_VERSIONS,Signature Time Appointment End To Signature (Hours),
_MDD_JCT_CREDIBLE_APPOINTMENT_SIGNATURES_VERSIONS,Signature Time Approval To Signature (Hours),
_MDD_JCT_CREDIBLE_APPOINTMENT_SIGNATURES_VERSIONS,Signature Version Sequence DESC,
_MDD_JCT_CREDIBLE_APPOINTMENT_TYPES,Appointment Type ID,Unique ID of the Appointment Type.
_MDD_JCT_CREDIBLE_APPOINTMENT_TYPES,Appointment Type,
_MDD_JCT_CREDIBLE_APPOINTMENT_TYPES,Appointment Type Name,
_MDD_JCT_CREDIBLE_APPOINTMENT_TYPES,Appointment Type Paperwork Form ID,Unique ID of the Appointment Type Paperwork Form.
_MDD_JCT_CREDIBLE_APPOINTMENT_TYPES,Form ID,Unique ID of the Form.
_MDD_JCT_CREDIBLE_APPOINTMENT_TYPES,Appointment Type Exclude From Reminders,Whether to exclude a given time span from reminder notifications.
_MDD_JCT_CREDIBLE_APPOINTMENT_TYPES,Appointment Type Is Tx Plan,
_MDD_JCT_CREDIBLE_APPOINTMENT_TYPES,Appointment Type Tx Setting,The treatment setting of a given time span. Options are inpatient or outpatient.
_MDD_JCT_CREDIBLE_APPOINTMENT_TYPES,Appointment Type Count Last 30 Days,
_MDD_JCT_CREDIBLE_APPOINTMENT_TYPES_USERS,Appointment Type ID,Unique ID of the Appointment Type.
_MDD_JCT_CREDIBLE_APPOINTMENT_TYPES_USERS,Appointment Type,
_MDD_JCT_CREDIBLE_APPOINTMENT_TYPES_USERS,Appointment Type Name,
_MDD_JCT_CREDIBLE_APPOINTMENT_TYPES_USERS,Appointment Type Paperwork Form ID,Unique ID of the Appointment Type Paperwork Form.
_MDD_JCT_CREDIBLE_APPOINTMENT_TYPES_USERS,Form ID,Unique ID of the Form.
_MDD_JCT_CREDIBLE_APPOINTMENT_TYPES_USERS,Appointment Type Is HR,
_MDD_JCT_CREDIBLE_APPOINTMENT_TYPES_USERS,Appointment Type Is Multi-Stage Approval,
_MDD_JCT_CREDIBLE_APPOINTMENT_TYPES_USERS,Appointment Type Is Shift Note,
_MDD_JCT_CREDIBLE_APPOINTMENT_TYPES_USERS,Appointment Type Is Private,
_MDD_JCT_CREDIBLE_BILLING_CPT_CODES,CPT Code,
_MDD_JCT_CREDIBLE_BILLING_CPT_MODIFIERS,CPT Code,
_MDD_JCT_CREDIBLE_BILLING_CPT_MODIFIERS,CPT Modifier 1,
_MDD_JCT_CREDIBLE_BILLING_CPT_MODIFIERS,CPT Modifier 2,
_MDD_JCT_CREDIBLE_BILLING_CPT_MODIFIERS,CPT Modifier 3,
_MDD_JCT_CREDIBLE_BILLING_CPT_MODIFIERS,CPT Modifier 4,
_MDD_JCT_CREDIBLE_BILLING_GROUPS,Billing Group ID,Unique ID of the Billing Group.
_MDD_JCT_CREDIBLE_BILLING_GROUPS,Billing Group Name,
_MDD_JCT_CREDIBLE_BILLING_GROUPS,Billing Group NPI Number,The National Provider Identifier ID of the individual.
_MDD_JCT_CREDIBLE_BILLING_GROUPS,Billing Group NPI Number Link,The URL to the National Provider Identifier registry for the individual.
_MDD_JCT_CREDIBLE_CLIENTEPISODE_VALUES,Episode Id,The unique ID of the entity. Unique ID of the Client. Unique ID of the Location. Unique ID of the Order Exception.
_MDD_JCT_CREDIBLE_CLIENTEPISODE_VALUES,Admission Date,The date associated with the admission or start. The date the client was admitted.
_MDD_JCT_CREDIBLE_CLIENTEPISODE_VALUES,Admission Date Id,
_MDD_JCT_CREDIBLE_CLIENTEPISODE_VALUES,Assessment Date,
_MDD_JCT_CREDIBLE_CLIENTEPISODE_VALUES,Assessment Date Id,
_MDD_JCT_CREDIBLE_CLIENTEPISODE_VALUES,Bool1,
_MDD_JCT_CREDIBLE_CLIENTEPISODE_VALUES,Bool1 Id,
_MDD_JCT_CREDIBLE_CLIENTEPISODE_VALUES,Bool10,
_MDD_JCT_CREDIBLE_CLIENTEPISODE_VALUES,Bool10 Id,
_MDD_JCT_CREDIBLE_CLIENTEPISODE_VALUES,Bool2,
_MDD_JCT_CREDIBLE_CLIENTEPISODE_VALUES,Bool2 Id,
_MDD_JCT_CREDIBLE_CLIENTEPISODE_VALUES,Bool3,
_MDD_JCT_CREDIBLE_CLIENTEPISODE_VALUES,Bool3 Id,
_MDD_JCT_CREDIBLE_CLIENTEPISODE_VALUES,Bool4,
_MDD_JCT_CREDIBLE_CLIENTEPISODE_VALUES,Bool4 Id,
_MDD_JCT_CREDIBLE_CLIENTEPISODE_VALUES,Bool5,
_MDD_JCT_CREDIBLE_CLIENTEPISODE_VALUES,Bool5 Id,
_MDD_JCT_CREDIBLE_CLIENTEPISODE_VALUES,Bool6,
_MDD_JCT_CREDIBLE_CLIENTEPISODE_VALUES,Bool6 Id,
_MDD_JCT_CREDIBLE_CLIENTEPISODE_VALUES,Bool7,
_MDD_JCT_CREDIBLE_CLIENTEPISODE_VALUES,Bool7 Id,
_MDD_JCT_CREDIBLE_CLIENTEPISODE_VALUES,Bool8,
_MDD_JCT_CREDIBLE_CLIENTEPISODE_VALUES,Bool8 Id,
_MDD_JCT_CREDIBLE_CLIENTEPISODE_VALUES,Bool9,
_MDD_JCT_CREDIBLE_CLIENTEPISODE_VALUES,Bool9 Id,
_MDD_JCT_CREDIBLE_CLIENTEPISODE_VALUES,Client Id,Unique ID of the Client.
_MDD_JCT_CREDIBLE_CLIENTEPISODE_VALUES,Client Id Id,
_MDD_JCT_CREDIBLE_CLIENTEPISODE_VALUES,Date Created,
_MDD_JCT_CREDIBLE_CLIENTEPISODE_VALUES,Date Created Id,
_MDD_JCT_CREDIBLE_CLIENTEPISODE_VALUES,Date Updated,
_MDD_JCT_CREDIBLE_CLIENTEPISODE_VALUES,Date Updated Id,
_MDD_JCT_CREDIBLE_CLIENTEPISODE_VALUES,Date1,
_MDD_JCT_CREDIBLE_CLIENTEPISODE_VALUES,Date1 Id,
_MDD_JCT_CREDIBLE_CLIENTEPISODE_VALUES,Date10,
_MDD_JCT_CREDIBLE_CLIENTEPISODE_VALUES,Date10 Id,
_MDD_JCT_CREDIBLE_CLIENTEPISODE_VALUES,Date2,
_MDD_JCT_CREDIBLE_CLIENTEPISODE_VALUES,Date2 Id,
_MDD_JCT_CREDIBLE_CLIENTEPISODE_VALUES,Date3,
_MDD_JCT_CREDIBLE_CLIENTEPISODE_VALUES,Date3 Id,
_MDD_JCT_CREDIBLE_CLIENTEPISODE_VALUES,Date4,
_MDD_JCT_CREDIBLE_CLIENTEPISODE_VALUES,Date4 Id,
_MDD_JCT_CREDIBLE_CLIENTEPISODE_VALUES,Date5,
_MDD_JCT_CREDIBLE_CLIENTEPISODE_VALUES,Date5 Id,
_MDD_JCT_CREDIBLE_CLIENTEPISODE_VALUES,Date6,
_MDD_JCT_CREDIBLE_CLIENTEPISODE_VALUES,Date6 Id,
_MDD_JCT_CREDIBLE_CLIENTEPISODE_VALUES,Date7,
_MDD_JCT_CREDIBLE_CLIENTEPISODE_VALUES,Date7 Id,
_MDD_JCT_CREDIBLE_CLIENTEPISODE_VALUES,Date8,
_MDD_JCT_CREDIBLE_CLIENTEPISODE_VALUES,Date8 Id,
_MDD_JCT_CREDIBLE_CLIENTEPISODE_VALUES,Date9,
_MDD_JCT_CREDIBLE_CLIENTEPISODE_VALUES,Date9 Id,
_MDD_JCT_CREDIBLE_CLIENTEPISODE_VALUES,Dd1,
_MDD_JCT_CREDIBLE_CLIENTEPISODE_VALUES,Dd1 Id,
_MDD_JCT_CREDIBLE_CLIENTEPISODE_VALUES,Dd10,
_MDD_JCT_CREDIBLE_CLIENTEPISODE_VALUES,Dd10 Id,
_MDD_JCT_CREDIBLE_CLIENTEPISODE_VALUES,Dd2,
_MDD_JCT_CREDIBLE_CLIENTEPISODE_VALUES,Dd2 Id,
_MDD_JCT_CREDIBLE_CLIENTEPISODE_VALUES,Dd3,
_MDD_JCT_CREDIBLE_CLIENTEPISODE_VALUES,Dd3 Id,
_MDD_JCT_CREDIBLE_CLIENTEPISODE_VALUES,Dd4,
_MDD_JCT_CREDIBLE_CLIENTEPISODE_VALUES,Dd4 Id,
_MDD_JCT_CREDIBLE_CLIENTEPISODE_VALUES,Dd5,
_MDD_JCT_CREDIBLE_CLIENTEPISODE_VALUES,Dd5 Id,
_MDD_JCT_CREDIBLE_CLIENTEPISODE_VALUES,Dd6,
_MDD_JCT_CREDIBLE_CLIENTEPISODE_VALUES,Dd6 Id,
_MDD_JCT_CREDIBLE_CLIENTEPISODE_VALUES,Dd7,
_MDD_JCT_CREDIBLE_CLIENTEPISODE_VALUES,Dd7 Id,
_MDD_JCT_CREDIBLE_CLIENTEPISODE_VALUES,Dd8,
_MDD_JCT_CREDIBLE_CLIENTEPISODE_VALUES,Dd8 Id,
_MDD_JCT_CREDIBLE_CLIENTEPISODE_VALUES,Dd9,
_MDD_JCT_CREDIBLE_CLIENTEPISODE_VALUES,Dd9 Id,
_MDD_JCT_CREDIBLE_CLIENTEPISODE_VALUES,Discharge Date,The date the individual was discharged. The date the client was discharged.
_MDD_JCT_CREDIBLE_CLIENTEPISODE_VALUES,Discharge Date Id,
_MDD_JCT_CREDIBLE_CLIENTEPISODE_VALUES,Episode Status,"The individual's status in the system, typically ""active"", ""inactive"", or ""pending"". The client status value as recorded."
_MDD_JCT_CREDIBLE_CLIENTEPISODE_VALUES,Episode Status Id,The unique ID for Status.
_MDD_JCT_CREDIBLE_CLIENTEPISODE_VALUES,Intake Date,
_MDD_JCT_CREDIBLE_CLIENTEPISODE_VALUES,Intake Date Id,
_MDD_JCT_CREDIBLE_CLIENTEPISODE_VALUES,Num1,
_MDD_JCT_CREDIBLE_CLIENTEPISODE_VALUES,Num1 Id,
_MDD_JCT_CREDIBLE_CLIENTEPISODE_VALUES,Num2,
_MDD_JCT_CREDIBLE_CLIENTEPISODE_VALUES,Num2 Id,
_MDD_JCT_CREDIBLE_CLIENTEPISODE_VALUES,Num3,
_MDD_JCT_CREDIBLE_CLIENTEPISODE_VALUES,Num3 Id,
_MDD_JCT_CREDIBLE_CLIENTEPISODE_VALUES,Num4,
_MDD_JCT_CREDIBLE_CLIENTEPISODE_VALUES,Num4 Id,
_MDD_JCT_CREDIBLE_CLIENTEPISODE_VALUES,Num5,
_MDD_JCT_CREDIBLE_CLIENTEPISODE_VALUES,Num5 Id,
_MDD_JCT_CREDIBLE_CLIENTEPISODE_VALUES,Outcome,
_MDD_JCT_CREDIBLE_CLIENTEPISODE_VALUES,Outcome Id,
_MDD_JCT_CREDIBLE_CLIENTEPISODE_VALUES,Program Id,
_MDD_JCT_CREDIBLE_CLIENTEPISODE_VALUES,Program Id Id,
_MDD_JCT_CREDIBLE_CLIENTEPISODE_VALUES,Referral Date,The date of the referral associated with the time span.
_MDD_JCT_CREDIBLE_CLIENTEPISODE_VALUES,Referral Date Id,
_MDD_JCT_CREDIBLE_CLIENTEPISODE_VALUES,Referred By,
_MDD_JCT_CREDIBLE_CLIENTEPISODE_VALUES,Referred By Id,
_MDD_JCT_CREDIBLE_CLIENTEPISODE_VALUES,Referred Source,
_MDD_JCT_CREDIBLE_CLIENTEPISODE_VALUES,Referred Source Id,
_MDD_JCT_CREDIBLE_CLIENTEPISODE_VALUES,Text1,
_MDD_JCT_CREDIBLE_CLIENTEPISODE_VALUES,Text1 Id,
_MDD_JCT_CREDIBLE_CLIENTEPISODE_VALUES,Text10,
_MDD_JCT_CREDIBLE_CLIENTEPISODE_VALUES,Text10 Id,
_MDD_JCT_CREDIBLE_CLIENTEPISODE_VALUES,Text11,
_MDD_JCT_CREDIBLE_CLIENTEPISODE_VALUES,Text11 Id,
_MDD_JCT_CREDIBLE_CLIENTEPISODE_VALUES,Text12,
_MDD_JCT_CREDIBLE_CLIENTEPISODE_VALUES,Text12 Id,
_MDD_JCT_CREDIBLE_CLIENTEPISODE_VALUES,Text13,
_MDD_JCT_CREDIBLE_CLIENTEPISODE_VALUES,Text13 Id,
_MDD_JCT_CREDIBLE_CLIENTEPISODE_VALUES,Text14,
_MDD_JCT_CREDIBLE_CLIENTEPISODE_VALUES,Text14 Id,
_MDD_JCT_CREDIBLE_CLIENTEPISODE_VALUES,Text15,
_MDD_JCT_CREDIBLE_CLIENTEPISODE_VALUES,Text15 Id,
_MDD_JCT_CREDIBLE_CLIENTEPISODE_VALUES,Text16,
_MDD_JCT_CREDIBLE_CLIENTEPISODE_VALUES,Text16 Id,
_MDD_JCT_CREDIBLE_CLIENTEPISODE_VALUES,Text17,
_MDD_JCT_CREDIBLE_CLIENTEPISODE_VALUES,Text17 Id,
_MDD_JCT_CREDIBLE_CLIENTEPISODE_VALUES,Text18,
_MDD_JCT_CREDIBLE_CLIENTEPISODE_VALUES,Text18 Id,
_MDD_JCT_CREDIBLE_CLIENTEPISODE_VALUES,Text19,
_MDD_JCT_CREDIBLE_CLIENTEPISODE_VALUES,Text19 Id,
_MDD_JCT_CREDIBLE_CLIENTEPISODE_VALUES,Text2,
_MDD_JCT_CREDIBLE_CLIENTEPISODE_VALUES,Text2 Id,
_MDD_JCT_CREDIBLE_CLIENTEPISODE_VALUES,Text20,
_MDD_JCT_CREDIBLE_CLIENTEPISODE_VALUES,Text20 Id,
_MDD_JCT_CREDIBLE_CLIENTEPISODE_VALUES,Text3,
_MDD_JCT_CREDIBLE_CLIENTEPISODE_VALUES,Text3 Id,
_MDD_JCT_CREDIBLE_CLIENTEPISODE_VALUES,Text4,
_MDD_JCT_CREDIBLE_CLIENTEPISODE_VALUES,Text4 Id,
_MDD_JCT_CREDIBLE_CLIENTEPISODE_VALUES,Text5,
_MDD_JCT_CREDIBLE_CLIENTEPISODE_VALUES,Text5 Id,
_MDD_JCT_CREDIBLE_CLIENTEPISODE_VALUES,Text6,
_MDD_JCT_CREDIBLE_CLIENTEPISODE_VALUES,Text6 Id,
_MDD_JCT_CREDIBLE_CLIENTEPISODE_VALUES,Text7,
_MDD_JCT_CREDIBLE_CLIENTEPISODE_VALUES,Text7 Id,
_MDD_JCT_CREDIBLE_CLIENTEPISODE_VALUES,Text8,
_MDD_JCT_CREDIBLE_CLIENTEPISODE_VALUES,Text8 Id,
_MDD_JCT_CREDIBLE_CLIENTEPISODE_VALUES,Text9,
_MDD_JCT_CREDIBLE_CLIENTEPISODE_VALUES,Text9 Id,
_MDD_JCT_CREDIBLE_CLIENTEPISODE_VALUES,Textlong1,
_MDD_JCT_CREDIBLE_CLIENTEPISODE_VALUES,Textlong1 Id,
_MDD_JCT_CREDIBLE_CLIENTEPISODE_VALUES,Textlong2,
_MDD_JCT_CREDIBLE_CLIENTEPISODE_VALUES,Textlong2 Id,
_MDD_JCT_CREDIBLE_CLIENTEPISODE_VALUES,Textlong3,
_MDD_JCT_CREDIBLE_CLIENTEPISODE_VALUES,Textlong3 Id,
_MDD_JCT_CREDIBLE_CLIENTEPISODE_VALUES,Updatedby Emp Id,
_MDD_JCT_CREDIBLE_CLIENTEPISODE_VALUES,Updatedby Emp Id Id,
_MDD_JCT_CREDIBLE_CLIENTEPISODE_VALUES,Fosterhome Id,
_MDD_JCT_CREDIBLE_CLIENTEPISODE_VALUES,Fosterhome Id Id,
_MDD_JCT_CREDIBLE_CLIENTEPISODE_VALUES,Discharge Location,
_MDD_JCT_CREDIBLE_CLIENTEPISODE_VALUES,Discharge Location Id,
_MDD_JCT_CREDIBLE_CLIENTEPISODE_VALUES,Discharge Outcome,
_MDD_JCT_CREDIBLE_CLIENTEPISODE_VALUES,Discharge Outcome Id,
_MDD_JCT_CREDIBLE_CLIENTEPISODE_VALUES,Date Closed Auto,
_MDD_JCT_CREDIBLE_CLIENTEPISODE_VALUES,Date Closed Auto Id,
_MDD_JCT_CREDIBLE_CLIENTEPISODE_VALUES,Length Of Stay,
_MDD_JCT_CREDIBLE_CLIENTEPISODE_VALUES,Length Of Stay Id,
_MDD_JCT_CREDIBLE_CLIENTEPISODE_VALUES,Admission Source,The referral or source of the admission.
_MDD_JCT_CREDIBLE_CLIENTEPISODE_VALUES,Admission Source Id,
_MDD_JCT_CREDIBLE_CLIENTEPISODE_VALUES,Admission Type,The type of admission.
_MDD_JCT_CREDIBLE_CLIENTEPISODE_VALUES,Admission Type Id,
_MDD_JCT_CREDIBLE_CLIENTEPISODE_VALUES,Hospital Admit Date,
_MDD_JCT_CREDIBLE_CLIENTEPISODE_VALUES,Hospital Admit Date Id,
_MDD_JCT_CREDIBLE_CLIENTEPISODE_VALUES,Patient Status,
_MDD_JCT_CREDIBLE_CLIENTEPISODE_VALUES,Patient Status Id,
_MDD_JCT_CREDIBLE_CLIENTEPISODE_VALUES,Patient Class,
_MDD_JCT_CREDIBLE_CLIENTEPISODE_VALUES,Patient Class Id,
_MDD_JCT_CREDIBLE_CLIENTEPISODE_VALUES,Admitting Diagnosis,
_MDD_JCT_CREDIBLE_CLIENTEPISODE_VALUES,Admitting Diagnosis Id,
_MDD_JCT_CREDIBLE_CLIENTEPISODE_VALUES,Diagnosis Related Group,
_MDD_JCT_CREDIBLE_CLIENTEPISODE_VALUES,Diagnosis Related Group Id,
_MDD_JCT_CREDIBLE_CLIENTEPISODE_VALUES,Attending Provider Emp Id,
_MDD_JCT_CREDIBLE_CLIENTEPISODE_VALUES,Attending Provider Emp Id Id,
_MDD_JCT_CREDIBLE_CLIENTEPISODE_VALUES,Referring Provider Entity Code,
_MDD_JCT_CREDIBLE_CLIENTEPISODE_VALUES,Referring Provider Entity Code Id,
_MDD_JCT_CREDIBLE_CLIENTEPISODE_VALUES,Referring Provider First Name,
_MDD_JCT_CREDIBLE_CLIENTEPISODE_VALUES,Referring Provider First Name Id,
_MDD_JCT_CREDIBLE_CLIENTEPISODE_VALUES,Referring Provider Last Name,
_MDD_JCT_CREDIBLE_CLIENTEPISODE_VALUES,Referring Provider Last Name Id,
_MDD_JCT_CREDIBLE_CLIENTEPISODE_VALUES,Referring Provider Npi,
_MDD_JCT_CREDIBLE_CLIENTEPISODE_VALUES,Referring Provider Npi Id,
_MDD_JCT_CREDIBLE_CLIENTEPISODE_VALUES,Referring Provider Secondary Id,
_MDD_JCT_CREDIBLE_CLIENTEPISODE_VALUES,Referring Provider Secondary Id Id,
_MDD_JCT_CREDIBLE_CLIENTEPISODE_VALUES,Referring Provider Secondary Id Qual,
_MDD_JCT_CREDIBLE_CLIENTEPISODE_VALUES,Referring Provider Secondary Id Qual Id,
_MDD_JCT_CREDIBLE_CLIENTEPISODE_VALUES,Is 42cfr,
_MDD_JCT_CREDIBLE_CLIENTEPISODE_VALUES,Is 42cfr Id,
_MDD_JCT_CREDIBLE_CLIENTEPISODE_VALUES,Require Medrec At Close,
_MDD_JCT_CREDIBLE_CLIENTEPISODE_VALUES,Require Medrec At Close Id,
_MDD_JCT_CREDIBLE_CLIENTEPISODE_VALUES,Bool11,
_MDD_JCT_CREDIBLE_CLIENTEPISODE_VALUES,Bool11 Id,
_MDD_JCT_CREDIBLE_CLIENTEPISODE_VALUES,Bool12,
_MDD_JCT_CREDIBLE_CLIENTEPISODE_VALUES,Bool12 Id,
_MDD_JCT_CREDIBLE_CLIENTEPISODE_VALUES,Date11,
_MDD_JCT_CREDIBLE_CLIENTEPISODE_VALUES,Date11 Id,
_MDD_JCT_CREDIBLE_CLIENTEPISODE_VALUES,Date12,
_MDD_JCT_CREDIBLE_CLIENTEPISODE_VALUES,Date12 Id,
_MDD_JCT_CREDIBLE_CLIENTEPISODE_VALUES,Dd11,
_MDD_JCT_CREDIBLE_CLIENTEPISODE_VALUES,Dd11 Id,
_MDD_JCT_CREDIBLE_CLIENTEPISODE_VALUES,Dd12,
_MDD_JCT_CREDIBLE_CLIENTEPISODE_VALUES,Dd12 Id,
_MDD_JCT_CREDIBLE_CLIENTEPISODE_VALUES,Num6,
_MDD_JCT_CREDIBLE_CLIENTEPISODE_VALUES,Num6 Id,
_MDD_JCT_CREDIBLE_CLIENTEPISODE_VALUES,Num7,
_MDD_JCT_CREDIBLE_CLIENTEPISODE_VALUES,Num7 Id,
_MDD_JCT_CREDIBLE_CLIENTEPISODE_VALUES,Text21,
_MDD_JCT_CREDIBLE_CLIENTEPISODE_VALUES,Text21 Id,
_MDD_JCT_CREDIBLE_CLIENTEPISODE_VALUES,Text22,
_MDD_JCT_CREDIBLE_CLIENTEPISODE_VALUES,Text22 Id,
_MDD_JCT_CREDIBLE_CLIENTEPISODE_VALUES,Text23,
_MDD_JCT_CREDIBLE_CLIENTEPISODE_VALUES,Text23 Id,
_MDD_JCT_CREDIBLE_CLIENTEPISODE_VALUES,Text24,
_MDD_JCT_CREDIBLE_CLIENTEPISODE_VALUES,Text24 Id,
_MDD_JCT_CREDIBLE_CLIENTEPISODE_VALUES,Text25,
_MDD_JCT_CREDIBLE_CLIENTEPISODE_VALUES,Text25 Id,
_MDD_JCT_CREDIBLE_CLIENTEPISODE_VALUES,Textlong4,
_MDD_JCT_CREDIBLE_CLIENTEPISODE_VALUES,Textlong4 Id,
_MDD_JCT_CREDIBLE_CLIENTEPISODE_VALUES,Demonstration Project Id,
_MDD_JCT_CREDIBLE_CLIENTEPISODE_VALUES,Demonstration Project Id Id,
_MDD_JCT_CREDIBLE_CLIENTEPISODE_VALUES,State Reporting Date,
_MDD_JCT_CREDIBLE_CLIENTEPISODE_VALUES,State Reporting Date Id,
_MDD_JCT_CREDIBLE_CLIENTEPISODE_VALUES,State Reporting Date2,
_MDD_JCT_CREDIBLE_CLIENTEPISODE_VALUES,State Reporting Date2 Id,
_MDD_JCT_CREDIBLE_CLIENTS,Client ID,Unique ID of the Client.
_MDD_JCT_CREDIBLE_CLIENTS,Client ID Anonymous,
_MDD_JCT_CREDIBLE_CLIENTS,Client ID External,The unique ID of the entity in an external system.
_MDD_JCT_CREDIBLE_CLIENTS,Client ID Social Security Number,The individual's social security number.
_MDD_JCT_CREDIBLE_CLIENTS,Client ID Fuzzy A2,
_MDD_JCT_CREDIBLE_CLIENTS,Client ID JCT Fuzzy A0,Fuzzy Algorithmn #0.
_MDD_JCT_CREDIBLE_CLIENTS,Client ID JCT Fuzzy A1,Fuzzy Algorithmn #1 for a individual.
_MDD_JCT_CREDIBLE_CLIENTS,Client Name First & Last,The individual's first and last name. The client's name formatted as first and last.
_MDD_JCT_CREDIBLE_CLIENTS,Client Name Last & First,"The individual's last and first name. The client's name formatted as last, first."
_MDD_JCT_CREDIBLE_CLIENTS,Client Name First & Last w/Initial,"The individual's first name, middle initial (if they have a middle initial), and last name."
_MDD_JCT_CREDIBLE_CLIENTS,Client Name First & Last w/Initial & Client ID,Unique ID of the Client Name First & Last w/Initial & Client.
_MDD_JCT_CREDIBLE_CLIENTS,Client Name Last & First w/Initial,"The individual's last name, first name, and middle initial (if they have a middle initial)."
_MDD_JCT_CREDIBLE_CLIENTS,Client Name Last & First w/Initial & Client ID,Unique ID of the Client Name Last & First w/Initial & Client.
_MDD_JCT_CREDIBLE_CLIENTS,Client Name Middle,"The individual's middle name, if they have one."
_MDD_JCT_CREDIBLE_CLIENTS,Client Name First,The client's first name.
_MDD_JCT_CREDIBLE_CLIENTS,Client Name Last,The client's last name.
_MDD_JCT_CREDIBLE_CLIENTS,Client Date of Birth,The date of the individual's birth. The client's date of birth.
_MDD_JCT_CREDIBLE_CLIENTS,Client Date of Death,The date of the individual's death.
_MDD_JCT_CREDIBLE_CLIENTS,Client Admission Date,The date associated with the admission or start. The date the client was admitted.
_MDD_JCT_CREDIBLE_CLIENTS,Client Admission Date Fiscal Year,The organization's fiscal year that is assiciated with the admission date. The fiscal year of the client admission date.
_MDD_JCT_CREDIBLE_CLIENTS,Client Discharge Date,The date the individual was discharged. The date the client was discharged.
_MDD_JCT_CREDIBLE_CLIENTS,Client Discharge Date Fiscal Year,The organization's fiscal year that is assiciated with the discharge date. The fiscal year of the client discharge date.
_MDD_JCT_CREDIBLE_CLIENTS,Client Age in Hours,The individual's age in hours.
_MDD_JCT_CREDIBLE_CLIENTS,Client Age in Days,The individual's age in days. The client's age expressed in days based on date of birth.
_MDD_JCT_CREDIBLE_CLIENTS,Client Age in Months,The individual's age in months. The client's age expressed in months based on date of birth.
_MDD_JCT_CREDIBLE_CLIENTS,Client Age in Years,The individual's age in exact years (in decimals). The client's age expressed in years based on date of birth.
_MDD_JCT_CREDIBLE_CLIENTS,Client Age In Years Old Difference,The calculation flag that indicates whether the individual's birthday has passed for this year. Will be a 1 or a 0.
_MDD_JCT_CREDIBLE_CLIENTS,Client Status,"The individual's status in the system, typically ""active"", ""inactive"", or ""pending"". The client status value as recorded."
_MDD_JCT_CREDIBLE_CLIENTS,Client Status ID,Unique ID of the Client Status.
_MDD_JCT_CREDIBLE_CLIENTS,Client Is Active,A true or false value that indicates whether the individual is active in the system. Indicates whether the client is active.
_MDD_JCT_CREDIBLE_CLIENTS,Client Is Inactive,A true or false value that indicates whether the individual is inactive in the system. Indicates whether the client is inactive.
_MDD_JCT_CREDIBLE_CLIENTS,Client Is Pending,A true or false value that indicates whether the individual is pending in the system.
_MDD_JCT_CREDIBLE_CLIENTS,Client Visibility,Whether or not the individual's record is hidden.
_MDD_JCT_CREDIBLE_CLIENTS,Client Ethnicity 1,The individual's primary self-identified ethnicity. Race and Ethnicity are frequently commingled and/or tracked differently from system to system even within the same agency.
_MDD_JCT_CREDIBLE_CLIENTS,Client Ethnicity 1 ID,Unique ID of the Client Ethnicity 1.
_MDD_JCT_CREDIBLE_CLIENTS,Client Ethnicity 1 Granular,The subset of the individual's primary self-identified ethnicity.
_MDD_JCT_CREDIBLE_CLIENTS,Client Ethnicity 1 Granular ID,Unique ID of the Client Ethnicity 1 Granular.
_MDD_JCT_CREDIBLE_CLIENTS,Client Race 1,The individual's primary self-identified race. Race and Ethnicity are frequently commingled and/or tracked differently from system to system even within the same agency.
_MDD_JCT_CREDIBLE_CLIENTS,Client Race 2,The individual's seconmdary self-identified race. Race and Ethnicity are frequently commingled and/or tracked differently from system to system even within the same agency.
_MDD_JCT_CREDIBLE_CLIENTS,Client Race 3,The individual's tertiary self-identified race. Race and Ethnicity are frequently commingled and/or tracked differently from system to system even within the same agency.
_MDD_JCT_CREDIBLE_CLIENTS,Client Race 1 ID,Unique ID of the Client Race 1.
_MDD_JCT_CREDIBLE_CLIENTS,Client Race 2 ID,Unique ID of the Client Race 2.
_MDD_JCT_CREDIBLE_CLIENTS,Client Race 3 ID,Unique ID of the Client Race 3.
_MDD_JCT_CREDIBLE_CLIENTS,Client Race Granular,The subset of the individual's self-identified race.
_MDD_JCT_CREDIBLE_CLIENTS,Client Race Granular ID,Unique ID of the Client Race Granular.
_MDD_JCT_CREDIBLE_CLIENTS,Client Preferred Language,The individual's self-identified preferred language.
_MDD_JCT_CREDIBLE_CLIENTS,Client Preferred Language ID,Unique ID of the Client Preferred Language.
_MDD_JCT_CREDIBLE_CLIENTS,Client Sex,"The sex of the individual. If applicable for the system, this is the value indicated on the indentification used for Medicaid service. The client's sex as recorded. QuickMAR does not provide separate source fields for sex and gender, so this value is sourced from the same underlying field as [Client Gender]."
_MDD_JCT_CREDIBLE_CLIENTS,Client Sex ID,Unique ID of the Client Sex.
_MDD_JCT_CREDIBLE_CLIENTS,Client Employment Status,The individual's employment status.
_MDD_JCT_CREDIBLE_CLIENTS,Client Employment Status ID,Unique ID of the Client Employment Status.
_MDD_JCT_CREDIBLE_CLIENTS,Client Gender Identity,The individual's primary self-identified gender identity.
_MDD_JCT_CREDIBLE_CLIENTS,Client Gender Identity ID,Unique ID of the Client Gender Identity.
_MDD_JCT_CREDIBLE_CLIENTS,Client Marital Status,The individual's marital status.
_MDD_JCT_CREDIBLE_CLIENTS,Client Marital Status ID,Unique ID of the Client Marital Status.
_MDD_JCT_CREDIBLE_CLIENTS,Client Sexual Orientation,The sexual orientation of the individual.
_MDD_JCT_CREDIBLE_CLIENTS,Client Sexual Orientation ID,Unique ID of the Client Sexual Orientation.
_MDD_JCT_CREDIBLE_CLIENTS,Client Military Status,The individual's military status.
_MDD_JCT_CREDIBLE_CLIENTS,Client Military Status ID,Unique ID of the Client Military Status.
_MDD_JCT_CREDIBLE_CLIENTS,Client Created Date,The date the Client record was created.
_MDD_JCT_CREDIBLE_CLIENTS,Client Updated Date,The date the Client record was last updated.
_MDD_JCT_CREDIBLE_CLIENTS,Client Programs,A comma separated list of programs associated with a individual.
_MDD_JCT_CREDIBLE_CLIENTS,Client Teams,A comma separated list of teams associated with a individual.
_MDD_JCT_CREDIBLE_CLIENTS,Client Referral NPI,The National Provider Identifier ID of the referring provider.
_MDD_JCT_CREDIBLE_CLIENTS,Client Referral NPI Link,The URL to the National Provider Identifier registry for the referring provider.
_MDD_JCT_CREDIBLE_CLIENTS,Client Age Group,A set of predefined age ranges used to group individuals into reporting categories.
_MDD_JCT_CREDIBLE_CLIENTS,Client Age Group Sort Order,The order by which age groups are sorted in visualizations.
_MDD_JCT_CREDIBLE_CLIENTS,Client Age In Years Old,The individual's age in years (used in everyday vernacular).
_MDD_JCT_CREDIBLE_CLIENTS,Client ID FA0,
_MDD_JCT_CREDIBLE_CLIENTS,Client ID FA1,
_MDD_JCT_CREDIBLE_CLIENTS,Client Link,The URL that will take the user directly to the entity described in the record.
_MDD_JCT_CREDIBLE_CLIENTS,Client Link Schedule (1st Available),
_MDD_JCT_CREDIBLE_CLIENTS,Client Link Add Service,
_MDD_JCT_CREDIBLE_CLIENTS,Client Link Allergies,
_MDD_JCT_CREDIBLE_CLIENTS,Client Link Amendments,
_MDD_JCT_CREDIBLE_CLIENTS,Client Link Attachments,
_MDD_JCT_CREDIBLE_CLIENTS,Client Link Authorizations,
_MDD_JCT_CREDIBLE_CLIENTS,Client Link Bed Assignments,
_MDD_JCT_CREDIBLE_CLIENTS,Client Link Client Profile Extended,
_MDD_JCT_CREDIBLE_CLIENTS,Client Link Contacts,
_MDD_JCT_CREDIBLE_CLIENTS,Client Link Claims,
_MDD_JCT_CREDIBLE_CLIENTS,Client Link Links,
_MDD_JCT_CREDIBLE_CLIENTS,Client Link Clinical Support,
_MDD_JCT_CREDIBLE_CLIENTS,Client Link Tx Plan (Credible Plan),
_MDD_JCT_CREDIBLE_CLIENTS,Client Link Dashboard,
_MDD_JCT_CREDIBLE_CLIENTS,Client Link Diagnosis,
_MDD_JCT_CREDIBLE_CLIENTS,Client Link eMAR Group,
_MDD_JCT_CREDIBLE_CLIENTS,Client Link eMAR,
_MDD_JCT_CREDIBLE_CLIENTS,Client Link Employee Assignments,
_MDD_JCT_CREDIBLE_CLIENTS,Client Link Episodes,
_MDD_JCT_CREDIBLE_CLIENTS,Client Link External Providers,
_MDD_JCT_CREDIBLE_CLIENTS,Client Link Family,
_MDD_JCT_CREDIBLE_CLIENTS,Client Link Form Groups,
_MDD_JCT_CREDIBLE_CLIENTS,Client Link GeoAreeas,
_MDD_JCT_CREDIBLE_CLIENTS,Client Link Implantable Devices,
_MDD_JCT_CREDIBLE_CLIENTS,Client Link Insurance,
_MDD_JCT_CREDIBLE_CLIENTS,Client Link Ledger,
_MDD_JCT_CREDIBLE_CLIENTS,Client Link Liability,
_MDD_JCT_CREDIBLE_CLIENTS,Client Link Log,
_MDD_JCT_CREDIBLE_CLIENTS,Client Link Medical Profile,
_MDD_JCT_CREDIBLE_CLIENTS,Client Link Medications,
_MDD_JCT_CREDIBLE_CLIENTS,Client Link Notes,
_MDD_JCT_CREDIBLE_CLIENTS,Client Link Notification,
_MDD_JCT_CREDIBLE_CLIENTS,Client Link Orders,
_MDD_JCT_CREDIBLE_CLIENTS,Client Link Overview,
_MDD_JCT_CREDIBLE_CLIENTS,Client Link Payments,
_MDD_JCT_CREDIBLE_CLIENTS,Client Link Payment Plans,
_MDD_JCT_CREDIBLE_CLIENTS,Client Link Program,
_MDD_JCT_CREDIBLE_CLIENTS,Client Link Profile,
_MDD_JCT_CREDIBLE_CLIENTS,Client Link Schedule,
_MDD_JCT_CREDIBLE_CLIENTS,Client Link Service List,
_MDD_JCT_CREDIBLE_CLIENTS,Client Link Schedule Grp,
_MDD_JCT_CREDIBLE_CLIENTS,Client Link Team,
_MDD_JCT_CREDIBLE_CLIENTS,Client Link Users,
_MDD_JCT_CREDIBLE_CLIENTS,Client Link Warnings,
_MDD_JCT_CREDIBLE_CLIENTS,Client Assigned Users Active Primary Count,The number of [Assigned Users Active Primary].
_MDD_JCT_CREDIBLE_CLIENTS,Client Assigned Users Primary Count,The number of [Assigned Users Primary].
_MDD_JCT_CREDIBLE_CLIENTS,Client Assigned Employees Primary,DO NOT USE.
_MDD_JCT_CREDIBLE_CLIENTS,Client Assigned Users Primary,A comma-spearated list of clinicians who currently or previously work for the agency who are considered the individual's primary clinician.
_MDD_JCT_CREDIBLE_CLIENTS,Client Assigned Users Active Primary,A comma-spearated list of clinicians who currently work for the agency who are considered the individual's primary clinician.
_MDD_JCT_CREDIBLE_CLIENTS,Client Address Primary ID Fuzzy A0,
_MDD_JCT_CREDIBLE_CLIENTS,Client Address Primary 1,
_MDD_JCT_CREDIBLE_CLIENTS,Client Address Primary 2,
_MDD_JCT_CREDIBLE_CLIENTS,Client Address Primary City,
_MDD_JCT_CREDIBLE_CLIENTS,Client Address Primary State,
_MDD_JCT_CREDIBLE_CLIENTS,Client Address Primary Zip,
_MDD_JCT_CREDIBLE_CLIENTS,Client Address Primary County,
_MDD_JCT_CREDIBLE_CLIENTS,Client Address Primary Country,
_MDD_JCT_CREDIBLE_CLIENTS,Client Address Billing 1,
_MDD_JCT_CREDIBLE_CLIENTS,Client Address Billing 2,
_MDD_JCT_CREDIBLE_CLIENTS,Client Address Billing City,
_MDD_JCT_CREDIBLE_CLIENTS,Client Address Billing State,
_MDD_JCT_CREDIBLE_CLIENTS,Client Address Billing Zip,
_MDD_JCT_CREDIBLE_CLIENTS,Client Address Billing County,
_MDD_JCT_CREDIBLE_CLIENTS,Client Address Billing Country,
_MDD_JCT_CREDIBLE_CLIENTS,Client Phone Home Fuzzy A0,
_MDD_JCT_CREDIBLE_CLIENTS,Client Phone Home,
_MDD_JCT_CREDIBLE_CLIENTS,Client Phone Mobile Fuzzy A0,
_MDD_JCT_CREDIBLE_CLIENTS,Client Phone Mobile,
_MDD_JCT_CREDIBLE_CLIENTS_EXT_VALUES,Client Id,The unique ID of the entity. Unique ID of the Client. Unique ID of the Location. Unique ID of the Order Exception.
_MDD_JCT_CREDIBLE_CLIENTS_EXT_VALUES,Bool1,
_MDD_JCT_CREDIBLE_CLIENTS_EXT_VALUES,Bool1 Id,
_MDD_JCT_CREDIBLE_CLIENTS_EXT_VALUES,Bool10,
_MDD_JCT_CREDIBLE_CLIENTS_EXT_VALUES,Bool10 Id,
_MDD_JCT_CREDIBLE_CLIENTS_EXT_VALUES,Bool11,
_MDD_JCT_CREDIBLE_CLIENTS_EXT_VALUES,Bool11 Id,
_MDD_JCT_CREDIBLE_CLIENTS_EXT_VALUES,Bool12,
_MDD_JCT_CREDIBLE_CLIENTS_EXT_VALUES,Bool12 Id,
_MDD_JCT_CREDIBLE_CLIENTS_EXT_VALUES,Bool13,
_MDD_JCT_CREDIBLE_CLIENTS_EXT_VALUES,Bool13 Id,
_MDD_JCT_CREDIBLE_CLIENTS_EXT_VALUES,Bool14,
_MDD_JCT_CREDIBLE_CLIENTS_EXT_VALUES,Bool14 Id,
_MDD_JCT_CREDIBLE_CLIENTS_EXT_VALUES,Bool15,
_MDD_JCT_CREDIBLE_CLIENTS_EXT_VALUES,Bool15 Id,
_MDD_JCT_CREDIBLE_CLIENTS_EXT_VALUES,Bool16,
_MDD_JCT_CREDIBLE_CLIENTS_EXT_VALUES,Bool16 Id,
_MDD_JCT_CREDIBLE_CLIENTS_EXT_VALUES,Bool17,
_MDD_JCT_CREDIBLE_CLIENTS_EXT_VALUES,Bool17 Id,
_MDD_JCT_CREDIBLE_CLIENTS_EXT_VALUES,Bool18,
_MDD_JCT_CREDIBLE_CLIENTS_EXT_VALUES,Bool18 Id,
_MDD_JCT_CREDIBLE_CLIENTS_EXT_VALUES,Bool19,
_MDD_JCT_CREDIBLE_CLIENTS_EXT_VALUES,Bool19 Id,
_MDD_JCT_CREDIBLE_CLIENTS_EXT_VALUES,Bool2,
_MDD_JCT_CREDIBLE_CLIENTS_EXT_VALUES,Bool2 Id,
_MDD_JCT_CREDIBLE_CLIENTS_EXT_VALUES,Bool20,
_MDD_JCT_CREDIBLE_CLIENTS_EXT_VALUES,Bool20 Id,
_MDD_JCT_CREDIBLE_CLIENTS_EXT_VALUES,Bool21,
_MDD_JCT_CREDIBLE_CLIENTS_EXT_VALUES,Bool21 Id,
_MDD_JCT_CREDIBLE_CLIENTS_EXT_VALUES,Bool22,
_MDD_JCT_CREDIBLE_CLIENTS_EXT_VALUES,Bool22 Id,
_MDD_JCT_CREDIBLE_CLIENTS_EXT_VALUES,Bool23,
_MDD_JCT_CREDIBLE_CLIENTS_EXT_VALUES,Bool23 Id,
_MDD_JCT_CREDIBLE_CLIENTS_EXT_VALUES,Bool24,
_MDD_JCT_CREDIBLE_CLIENTS_EXT_VALUES,Bool24 Id,
_MDD_JCT_CREDIBLE_CLIENTS_EXT_VALUES,Bool25,
_MDD_JCT_CREDIBLE_CLIENTS_EXT_VALUES,Bool25 Id,
_MDD_JCT_CREDIBLE_CLIENTS_EXT_VALUES,Bool26,
_MDD_JCT_CREDIBLE_CLIENTS_EXT_VALUES,Bool26 Id,
_MDD_JCT_CREDIBLE_CLIENTS_EXT_VALUES,Bool27,
_MDD_JCT_CREDIBLE_CLIENTS_EXT_VALUES,Bool27 Id,
_MDD_JCT_CREDIBLE_CLIENTS_EXT_VALUES,Bool28,
_MDD_JCT_CREDIBLE_CLIENTS_EXT_VALUES,Bool28 Id,
_MDD_JCT_CREDIBLE_CLIENTS_EXT_VALUES,Bool29,
_MDD_JCT_CREDIBLE_CLIENTS_EXT_VALUES,Bool29 Id,
_MDD_JCT_CREDIBLE_CLIENTS_EXT_VALUES,Bool3,
_MDD_JCT_CREDIBLE_CLIENTS_EXT_VALUES,Bool3 Id,
_MDD_JCT_CREDIBLE_CLIENTS_EXT_VALUES,Bool30,
_MDD_JCT_CREDIBLE_CLIENTS_EXT_VALUES,Bool30 Id,
_MDD_JCT_CREDIBLE_CLIENTS_EXT_VALUES,Bool4,
_MDD_JCT_CREDIBLE_CLIENTS_EXT_VALUES,Bool4 Id,
_MDD_JCT_CREDIBLE_CLIENTS_EXT_VALUES,Bool5,
_MDD_JCT_CREDIBLE_CLIENTS_EXT_VALUES,Bool5 Id,
_MDD_JCT_CREDIBLE_CLIENTS_EXT_VALUES,Bool6,
_MDD_JCT_CREDIBLE_CLIENTS_EXT_VALUES,Bool6 Id,
_MDD_JCT_CREDIBLE_CLIENTS_EXT_VALUES,Bool7,
_MDD_JCT_CREDIBLE_CLIENTS_EXT_VALUES,Bool7 Id,
_MDD_JCT_CREDIBLE_CLIENTS_EXT_VALUES,Bool8,
_MDD_JCT_CREDIBLE_CLIENTS_EXT_VALUES,Bool8 Id,
_MDD_JCT_CREDIBLE_CLIENTS_EXT_VALUES,Bool9,
_MDD_JCT_CREDIBLE_CLIENTS_EXT_VALUES,Bool9 Id,
_MDD_JCT_CREDIBLE_CLIENTS_EXT_VALUES,Date1,
_MDD_JCT_CREDIBLE_CLIENTS_EXT_VALUES,Date1 Id,
_MDD_JCT_CREDIBLE_CLIENTS_EXT_VALUES,Date10,
_MDD_JCT_CREDIBLE_CLIENTS_EXT_VALUES,Date10 Id,
_MDD_JCT_CREDIBLE_CLIENTS_EXT_VALUES,Date11,
_MDD_JCT_CREDIBLE_CLIENTS_EXT_VALUES,Date11 Id,
_MDD_JCT_CREDIBLE_CLIENTS_EXT_VALUES,Date12,
_MDD_JCT_CREDIBLE_CLIENTS_EXT_VALUES,Date12 Id,
_MDD_JCT_CREDIBLE_CLIENTS_EXT_VALUES,Date13,
_MDD_JCT_CREDIBLE_CLIENTS_EXT_VALUES,Date13 Id,
_MDD_JCT_CREDIBLE_CLIENTS_EXT_VALUES,Date14,
_MDD_JCT_CREDIBLE_CLIENTS_EXT_VALUES,Date14 Id,
_MDD_JCT_CREDIBLE_CLIENTS_EXT_VALUES,Date15,
_MDD_JCT_CREDIBLE_CLIENTS_EXT_VALUES,Date15 Id,
_MDD_JCT_CREDIBLE_CLIENTS_EXT_VALUES,Date2,
_MDD_JCT_CREDIBLE_CLIENTS_EXT_VALUES,Date2 Id,
_MDD_JCT_CREDIBLE_CLIENTS_EXT_VALUES,Date3,
_MDD_JCT_CREDIBLE_CLIENTS_EXT_VALUES,Date3 Id,
_MDD_JCT_CREDIBLE_CLIENTS_EXT_VALUES,Date4,
_MDD_JCT_CREDIBLE_CLIENTS_EXT_VALUES,Date4 Id,
_MDD_JCT_CREDIBLE_CLIENTS_EXT_VALUES,Date5,
_MDD_JCT_CREDIBLE_CLIENTS_EXT_VALUES,Date5 Id,
_MDD_JCT_CREDIBLE_CLIENTS_EXT_VALUES,Date6,
_MDD_JCT_CREDIBLE_CLIENTS_EXT_VALUES,Date6 Id,
_MDD_JCT_CREDIBLE_CLIENTS_EXT_VALUES,Date7,
_MDD_JCT_CREDIBLE_CLIENTS_EXT_VALUES,Date7 Id,
_MDD_JCT_CREDIBLE_CLIENTS_EXT_VALUES,Date8,
_MDD_JCT_CREDIBLE_CLIENTS_EXT_VALUES,Date8 Id,
_MDD_JCT_CREDIBLE_CLIENTS_EXT_VALUES,Date9,
_MDD_JCT_CREDIBLE_CLIENTS_EXT_VALUES,Date9 Id,
_MDD_JCT_CREDIBLE_CLIENTS_EXT_VALUES,Text1,
_MDD_JCT_CREDIBLE_CLIENTS_EXT_VALUES,Text1 Id,
_MDD_JCT_CREDIBLE_CLIENTS_EXT_VALUES,Text10,
_MDD_JCT_CREDIBLE_CLIENTS_EXT_VALUES,Text10 Id,
_MDD_JCT_CREDIBLE_CLIENTS_EXT_VALUES,Text11,
_MDD_JCT_CREDIBLE_CLIENTS_EXT_VALUES,Text11 Id,
_MDD_JCT_CREDIBLE_CLIENTS_EXT_VALUES,Text12,
_MDD_JCT_CREDIBLE_CLIENTS_EXT_VALUES,Text12 Id,
_MDD_JCT_CREDIBLE_CLIENTS_EXT_VALUES,Text13,
_MDD_JCT_CREDIBLE_CLIENTS_EXT_VALUES,Text13 Id,
_MDD_JCT_CREDIBLE_CLIENTS_EXT_VALUES,Text14,
_MDD_JCT_CREDIBLE_CLIENTS_EXT_VALUES,Text14 Id,
_MDD_JCT_CREDIBLE_CLIENTS_EXT_VALUES,Text15,
_MDD_JCT_CREDIBLE_CLIENTS_EXT_VALUES,Text15 Id,
_MDD_JCT_CREDIBLE_CLIENTS_EXT_VALUES,Text16,
_MDD_JCT_CREDIBLE_CLIENTS_EXT_VALUES,Text16 Id,
_MDD_JCT_CREDIBLE_CLIENTS_EXT_VALUES,Text17,
_MDD_JCT_CREDIBLE_CLIENTS_EXT_VALUES,Text17 Id,
_MDD_JCT_CREDIBLE_CLIENTS_EXT_VALUES,Text18,
_MDD_JCT_CREDIBLE_CLIENTS_EXT_VALUES,Text18 Id,
_MDD_JCT_CREDIBLE_CLIENTS_EXT_VALUES,Text19,
_MDD_JCT_CREDIBLE_CLIENTS_EXT_VALUES,Text19 Id,
_MDD_JCT_CREDIBLE_CLIENTS_EXT_VALUES,Text2,
_MDD_JCT_CREDIBLE_CLIENTS_EXT_VALUES,Text2 Id,
_MDD_JCT_CREDIBLE_CLIENTS_EXT_VALUES,Text20,
_MDD_JCT_CREDIBLE_CLIENTS_EXT_VALUES,Text20 Id,
_MDD_JCT_CREDIBLE_CLIENTS_EXT_VALUES,Text21,
_MDD_JCT_CREDIBLE_CLIENTS_EXT_VALUES,Text21 Id,
_MDD_JCT_CREDIBLE_CLIENTS_EXT_VALUES,Text22,
_MDD_JCT_CREDIBLE_CLIENTS_EXT_VALUES,Text22 Id,
_MDD_JCT_CREDIBLE_CLIENTS_EXT_VALUES,Text23,
_MDD_JCT_CREDIBLE_CLIENTS_EXT_VALUES,Text23 Id,
_MDD_JCT_CREDIBLE_CLIENTS_EXT_VALUES,Text24,
_MDD_JCT_CREDIBLE_CLIENTS_EXT_VALUES,Text24 Id,
_MDD_JCT_CREDIBLE_CLIENTS_EXT_VALUES,Text25,
_MDD_JCT_CREDIBLE_CLIENTS_EXT_VALUES,Text25 Id,
_MDD_JCT_CREDIBLE_CLIENTS_EXT_VALUES,Text26,
_MDD_JCT_CREDIBLE_CLIENTS_EXT_VALUES,Text26 Id,
_MDD_JCT_CREDIBLE_CLIENTS_EXT_VALUES,Text27,
_MDD_JCT_CREDIBLE_CLIENTS_EXT_VALUES,Text27 Id,
_MDD_JCT_CREDIBLE_CLIENTS_EXT_VALUES,Text28,
_MDD_JCT_CREDIBLE_CLIENTS_EXT_VALUES,Text28 Id,
_MDD_JCT_CREDIBLE_CLIENTS_EXT_VALUES,Text29,
_MDD_JCT_CREDIBLE_CLIENTS_EXT_VALUES,Text29 Id,
_MDD_JCT_CREDIBLE_CLIENTS_EXT_VALUES,Text3,
_MDD_JCT_CREDIBLE_CLIENTS_EXT_VALUES,Text3 Id,
_MDD_JCT_CREDIBLE_CLIENTS_EXT_VALUES,Text30,
_MDD_JCT_CREDIBLE_CLIENTS_EXT_VALUES,Text30 Id,
_MDD_JCT_CREDIBLE_CLIENTS_EXT_VALUES,Text31,
_MDD_JCT_CREDIBLE_CLIENTS_EXT_VALUES,Text31 Id,
_MDD_JCT_CREDIBLE_CLIENTS_EXT_VALUES,Text32,
_MDD_JCT_CREDIBLE_CLIENTS_EXT_VALUES,Text32 Id,
_MDD_JCT_CREDIBLE_CLIENTS_EXT_VALUES,Text33,
_MDD_JCT_CREDIBLE_CLIENTS_EXT_VALUES,Text33 Id,
_MDD_JCT_CREDIBLE_CLIENTS_EXT_VALUES,Text34,
_MDD_JCT_CREDIBLE_CLIENTS_EXT_VALUES,Text34 Id,
_MDD_JCT_CREDIBLE_CLIENTS_EXT_VALUES,Text35,
_MDD_JCT_CREDIBLE_CLIENTS_EXT_VALUES,Text35 Id,
_MDD_JCT_CREDIBLE_CLIENTS_EXT_VALUES,Text36,
_MDD_JCT_CREDIBLE_CLIENTS_EXT_VALUES,Text36 Id,
_MDD_JCT_CREDIBLE_CLIENTS_EXT_VALUES,Text37,
_MDD_JCT_CREDIBLE_CLIENTS_EXT_VALUES,Text37 Id,
_MDD_JCT_CREDIBLE_CLIENTS_EXT_VALUES,Text38,
_MDD_JCT_CREDIBLE_CLIENTS_EXT_VALUES,Text38 Id,
_MDD_JCT_CREDIBLE_CLIENTS_EXT_VALUES,Text4,
_MDD_JCT_CREDIBLE_CLIENTS_EXT_VALUES,Text4 Id,
_MDD_JCT_CREDIBLE_CLIENTS_EXT_VALUES,Text5,
_MDD_JCT_CREDIBLE_CLIENTS_EXT_VALUES,Text5 Id,
_MDD_JCT_CREDIBLE_CLIENTS_EXT_VALUES,Text6,
_MDD_JCT_CREDIBLE_CLIENTS_EXT_VALUES,Text6 Id,
_MDD_JCT_CREDIBLE_CLIENTS_EXT_VALUES,Text7,
_MDD_JCT_CREDIBLE_CLIENTS_EXT_VALUES,Text7 Id,
_MDD_JCT_CREDIBLE_CLIENTS_EXT_VALUES,Text8,
_MDD_JCT_CREDIBLE_CLIENTS_EXT_VALUES,Text8 Id,
_MDD_JCT_CREDIBLE_CLIENTS_EXT_VALUES,Text9,
_MDD_JCT_CREDIBLE_CLIENTS_EXT_VALUES,Text9 Id,
_MDD_JCT_CREDIBLE_CLIENTS_EXT_VALUES,Textlong1,
_MDD_JCT_CREDIBLE_CLIENTS_EXT_VALUES,Textlong1 Id,
_MDD_JCT_CREDIBLE_CLIENTS_EXT_VALUES,Textlong10,
_MDD_JCT_CREDIBLE_CLIENTS_EXT_VALUES,Textlong10 Id,
_MDD_JCT_CREDIBLE_CLIENTS_EXT_VALUES,Textlong2,
_MDD_JCT_CREDIBLE_CLIENTS_EXT_VALUES,Textlong2 Id,
_MDD_JCT_CREDIBLE_CLIENTS_EXT_VALUES,Textlong3,
_MDD_JCT_CREDIBLE_CLIENTS_EXT_VALUES,Textlong3 Id,
_MDD_JCT_CREDIBLE_CLIENTS_EXT_VALUES,Textlong4,
_MDD_JCT_CREDIBLE_CLIENTS_EXT_VALUES,Textlong4 Id,
_MDD_JCT_CREDIBLE_CLIENTS_EXT_VALUES,Textlong5,
_MDD_JCT_CREDIBLE_CLIENTS_EXT_VALUES,Textlong5 Id,
_MDD_JCT_CREDIBLE_CLIENTS_EXT_VALUES,Textlong6,
_MDD_JCT_CREDIBLE_CLIENTS_EXT_VALUES,Textlong6 Id,
_MDD_JCT_CREDIBLE_CLIENTS_EXT_VALUES,Textlong7,
_MDD_JCT_CREDIBLE_CLIENTS_EXT_VALUES,Textlong7 Id,
_MDD_JCT_CREDIBLE_CLIENTS_EXT_VALUES,Textlong8,
_MDD_JCT_CREDIBLE_CLIENTS_EXT_VALUES,Textlong8 Id,
_MDD_JCT_CREDIBLE_CLIENTS_EXT_VALUES,Textlong9,
_MDD_JCT_CREDIBLE_CLIENTS_EXT_VALUES,Textlong9 Id,
_MDD_JCT_CREDIBLE_CLIENTS_EXT_VALUES,Updated,
_MDD_JCT_CREDIBLE_CLIENTS_EXT_VALUES,Updated Id,
_MDD_JCT_CREDIBLE_CLIENTS_EXT_VALUES,Date16,
_MDD_JCT_CREDIBLE_CLIENTS_EXT_VALUES,Date16 Id,
_MDD_JCT_CREDIBLE_CLIENTS_EXT_VALUES,Independence Of Living,
_MDD_JCT_CREDIBLE_CLIENTS_EXT_VALUES,Independence Of Living Id,
_MDD_JCT_CREDIBLE_CLIENTS_EXT_VALUES,Moves This Qtr,
_MDD_JCT_CREDIBLE_CLIENTS_EXT_VALUES,Moves This Qtr Id,
_MDD_JCT_CREDIBLE_CLIENTS_EXT_VALUES,Priority Population,
_MDD_JCT_CREDIBLE_CLIENTS_EXT_VALUES,Priority Population Id,
_MDD_JCT_CREDIBLE_CLIENTS_EXT_VALUES,School Attendance,
_MDD_JCT_CREDIBLE_CLIENTS_EXT_VALUES,School Attendance Id,
_MDD_JCT_CREDIBLE_CLIENTS_EXT_VALUES,School Behavior,
_MDD_JCT_CREDIBLE_CLIENTS_EXT_VALUES,School Behavior Id,
_MDD_JCT_CREDIBLE_CLIENTS_EXT_VALUES,School Performance,
_MDD_JCT_CREDIBLE_CLIENTS_EXT_VALUES,School Performance Id,
_MDD_JCT_CREDIBLE_CLIENTS_EXT_VALUES,Source School Info,
_MDD_JCT_CREDIBLE_CLIENTS_EXT_VALUES,Source School Info Id,
_MDD_JCT_CREDIBLE_CLIENTS_EXT_VALUES,Text39,
_MDD_JCT_CREDIBLE_CLIENTS_EXT_VALUES,Text39 Id,
_MDD_JCT_CREDIBLE_CLIENTS_EXT_VALUES,Text40,
_MDD_JCT_CREDIBLE_CLIENTS_EXT_VALUES,Text40 Id,
_MDD_JCT_CREDIBLE_CLIENTS_EXT_VALUES,Text41,
_MDD_JCT_CREDIBLE_CLIENTS_EXT_VALUES,Text41 Id,
_MDD_JCT_CREDIBLE_CLIENTS_EXT_VALUES,Text42,
_MDD_JCT_CREDIBLE_CLIENTS_EXT_VALUES,Text42 Id,
_MDD_JCT_CREDIBLE_CLIENTS_EXT_VALUES,Text43,
_MDD_JCT_CREDIBLE_CLIENTS_EXT_VALUES,Text43 Id,
_MDD_JCT_CREDIBLE_CLIENTS_EXT_VALUES,Text44,
_MDD_JCT_CREDIBLE_CLIENTS_EXT_VALUES,Text44 Id,
_MDD_JCT_CREDIBLE_CLIENTS_EXT_VALUES,Text45,
_MDD_JCT_CREDIBLE_CLIENTS_EXT_VALUES,Text45 Id,
_MDD_JCT_CREDIBLE_CLIENTS_EXT_VALUES,Text46,
_MDD_JCT_CREDIBLE_CLIENTS_EXT_VALUES,Text46 Id,
_MDD_JCT_CREDIBLE_CLIENTS_EXT_VALUES,Text47,
_MDD_JCT_CREDIBLE_CLIENTS_EXT_VALUES,Text47 Id,
_MDD_JCT_CREDIBLE_CLIENTS_EXT_VALUES,Text48,
_MDD_JCT_CREDIBLE_CLIENTS_EXT_VALUES,Text48 Id,
_MDD_JCT_CREDIBLE_CLIENTS_EXT_VALUES,Text49,
_MDD_JCT_CREDIBLE_CLIENTS_EXT_VALUES,Text49 Id,
_MDD_JCT_CREDIBLE_CLIENTS_EXT_VALUES,Text50,
_MDD_JCT_CREDIBLE_CLIENTS_EXT_VALUES,Text50 Id,
_MDD_JCT_CREDIBLE_CLIENTS_EXT_VALUES,Voc Ed Status,
_MDD_JCT_CREDIBLE_CLIENTS_EXT_VALUES,Voc Ed Status Id,
_MDD_JCT_CREDIBLE_CLIENTS_EXT_VALUES,Date17,
_MDD_JCT_CREDIBLE_CLIENTS_EXT_VALUES,Date17 Id,
_MDD_JCT_CREDIBLE_CLIENTS_EXT_VALUES,Date18,
_MDD_JCT_CREDIBLE_CLIENTS_EXT_VALUES,Date18 Id,
_MDD_JCT_CREDIBLE_CLIENTS_EXT_VALUES,Date19,
_MDD_JCT_CREDIBLE_CLIENTS_EXT_VALUES,Date19 Id,
_MDD_JCT_CREDIBLE_CLIENTS_EXT_VALUES,Date20,
_MDD_JCT_CREDIBLE_CLIENTS_EXT_VALUES,Date20 Id,
_MDD_JCT_CREDIBLE_CLIENTS_EXT_VALUES,Date21,
_MDD_JCT_CREDIBLE_CLIENTS_EXT_VALUES,Date21 Id,
_MDD_JCT_CREDIBLE_CLIENTS_EXT_VALUES,Date22,
_MDD_JCT_CREDIBLE_CLIENTS_EXT_VALUES,Date22 Id,
_MDD_JCT_CREDIBLE_CLIENTS_EXT_VALUES,Date23,
_MDD_JCT_CREDIBLE_CLIENTS_EXT_VALUES,Date23 Id,
_MDD_JCT_CREDIBLE_CLIENTS_EXT_VALUES,Date24,
_MDD_JCT_CREDIBLE_CLIENTS_EXT_VALUES,Date24 Id,
_MDD_JCT_CREDIBLE_CLIENTS_EXT_VALUES,Date25,
_MDD_JCT_CREDIBLE_CLIENTS_EXT_VALUES,Date25 Id,
_MDD_JCT_CREDIBLE_CLIENTS_EXT_VALUES,Num1,
_MDD_JCT_CREDIBLE_CLIENTS_EXT_VALUES,Num1 Id,
_MDD_JCT_CREDIBLE_CLIENTS_EXT_VALUES,Num10,
_MDD_JCT_CREDIBLE_CLIENTS_EXT_VALUES,Num10 Id,
_MDD_JCT_CREDIBLE_CLIENTS_EXT_VALUES,Num11,
_MDD_JCT_CREDIBLE_CLIENTS_EXT_VALUES,Num11 Id,
_MDD_JCT_CREDIBLE_CLIENTS_EXT_VALUES,Num12,
_MDD_JCT_CREDIBLE_CLIENTS_EXT_VALUES,Num12 Id,
_MDD_JCT_CREDIBLE_CLIENTS_EXT_VALUES,Num13,
_MDD_JCT_CREDIBLE_CLIENTS_EXT_VALUES,Num13 Id,
_MDD_JCT_CREDIBLE_CLIENTS_EXT_VALUES,Num14,
_MDD_JCT_CREDIBLE_CLIENTS_EXT_VALUES,Num14 Id,
_MDD_JCT_CREDIBLE_CLIENTS_EXT_VALUES,Num15,
_MDD_JCT_CREDIBLE_CLIENTS_EXT_VALUES,Num15 Id,
_MDD_JCT_CREDIBLE_CLIENTS_EXT_VALUES,Num16,
_MDD_JCT_CREDIBLE_CLIENTS_EXT_VALUES,Num16 Id,
_MDD_JCT_CREDIBLE_CLIENTS_EXT_VALUES,Num17,
_MDD_JCT_CREDIBLE_CLIENTS_EXT_VALUES,Num17 Id,
_MDD_JCT_CREDIBLE_CLIENTS_EXT_VALUES,Num18,
_MDD_JCT_CREDIBLE_CLIENTS_EXT_VALUES,Num18 Id,
_MDD_JCT_CREDIBLE_CLIENTS_EXT_VALUES,Num19,
_MDD_JCT_CREDIBLE_CLIENTS_EXT_VALUES,Num19 Id,
_MDD_JCT_CREDIBLE_CLIENTS_EXT_VALUES,Num2,
_MDD_JCT_CREDIBLE_CLIENTS_EXT_VALUES,Num2 Id,
_MDD_JCT_CREDIBLE_CLIENTS_EXT_VALUES,Num20,
_MDD_JCT_CREDIBLE_CLIENTS_EXT_VALUES,Num20 Id,
_MDD_JCT_CREDIBLE_CLIENTS_EXT_VALUES,Num3,
_MDD_JCT_CREDIBLE_CLIENTS_EXT_VALUES,Num3 Id,
_MDD_JCT_CREDIBLE_CLIENTS_EXT_VALUES,Num4,
_MDD_JCT_CREDIBLE_CLIENTS_EXT_VALUES,Num4 Id,
_MDD_JCT_CREDIBLE_CLIENTS_EXT_VALUES,Num5,
_MDD_JCT_CREDIBLE_CLIENTS_EXT_VALUES,Num5 Id,
_MDD_JCT_CREDIBLE_CLIENTS_EXT_VALUES,Num6,
_MDD_JCT_CREDIBLE_CLIENTS_EXT_VALUES,Num6 Id,
_MDD_JCT_CREDIBLE_CLIENTS_EXT_VALUES,Num7,
_MDD_JCT_CREDIBLE_CLIENTS_EXT_VALUES,Num7 Id,
_MDD_JCT_CREDIBLE_CLIENTS_EXT_VALUES,Num8,
_MDD_JCT_CREDIBLE_CLIENTS_EXT_VALUES,Num8 Id,
_MDD_JCT_CREDIBLE_CLIENTS_EXT_VALUES,Num9,
_MDD_JCT_CREDIBLE_CLIENTS_EXT_VALUES,Num9 Id,
_MDD_JCT_CREDIBLE_CLIENTS_EXT_VALUES,Text51,
_MDD_JCT_CREDIBLE_CLIENTS_EXT_VALUES,Text51 Id,
_MDD_JCT_CREDIBLE_CLIENTS_EXT_VALUES,Text52,
_MDD_JCT_CREDIBLE_CLIENTS_EXT_VALUES,Text52 Id,
_MDD_JCT_CREDIBLE_CLIENTS_EXT_VALUES,Text53,
_MDD_JCT_CREDIBLE_CLIENTS_EXT_VALUES,Text53 Id,
_MDD_JCT_CREDIBLE_CLIENTS_EXT_VALUES,Text54,
_MDD_JCT_CREDIBLE_CLIENTS_EXT_VALUES,Text54 Id,
_MDD_JCT_CREDIBLE_CLIENTS_EXT_VALUES,Text55,
_MDD_JCT_CREDIBLE_CLIENTS_EXT_VALUES,Text55 Id,
_MDD_JCT_CREDIBLE_CLIENTS_EXT_VALUES,Text56,
_MDD_JCT_CREDIBLE_CLIENTS_EXT_VALUES,Text56 Id,
_MDD_JCT_CREDIBLE_CLIENTS_EXT_VALUES,Text57,
_MDD_JCT_CREDIBLE_CLIENTS_EXT_VALUES,Text57 Id,
_MDD_JCT_CREDIBLE_CLIENTS_EXT_VALUES,Text58,
_MDD_JCT_CREDIBLE_CLIENTS_EXT_VALUES,Text58 Id,
_MDD_JCT_CREDIBLE_CLIENTS_EXT_VALUES,Text59,
_MDD_JCT_CREDIBLE_CLIENTS_EXT_VALUES,Text59 Id,
_MDD_JCT_CREDIBLE_CLIENTS_EXT_VALUES,Text60,
_MDD_JCT_CREDIBLE_CLIENTS_EXT_VALUES,Text60 Id,
_MDD_JCT_CREDIBLE_CLIENTS_EXT_VALUES,Text61,
_MDD_JCT_CREDIBLE_CLIENTS_EXT_VALUES,Text61 Id,
_MDD_JCT_CREDIBLE_CLIENTS_EXT_VALUES,Source,
_MDD_JCT_CREDIBLE_CLIENTS_EXT_VALUES,Source Id,
_MDD_JCT_CREDIBLE_CLIENTS_EXT_VALUES,Protect Effective Date,
_MDD_JCT_CREDIBLE_CLIENTS_EXT_VALUES,Protect Effective Date Id,
_MDD_JCT_CREDIBLE_CLIENTS_EXT_VALUES,Protect Indicator,
_MDD_JCT_CREDIBLE_CLIENTS_EXT_VALUES,Protect Indicator Id,
_MDD_JCT_CREDIBLE_CLIENTS_EXT_VALUES,OptOutofGreenSpace,
_MDD_JCT_CREDIBLE_CLIENTS_EXT_VALUES,OptOutofGreenSpace id,
_MDD_JCT_CREDIBLE_CLIENTS_VALUES,Client Id,Unique ID of the Client.
_MDD_JCT_CREDIBLE_CLIENTS_VALUES,External Id,
_MDD_JCT_CREDIBLE_CLIENTS_VALUES,External Id Id,
_MDD_JCT_CREDIBLE_CLIENTS_VALUES,Last Name,
_MDD_JCT_CREDIBLE_CLIENTS_VALUES,Last Name Id,
_MDD_JCT_CREDIBLE_CLIENTS_VALUES,First Name,
_MDD_JCT_CREDIBLE_CLIENTS_VALUES,First Name Id,
_MDD_JCT_CREDIBLE_CLIENTS_VALUES,Mi,
_MDD_JCT_CREDIBLE_CLIENTS_VALUES,Mi Id,
_MDD_JCT_CREDIBLE_CLIENTS_VALUES,Dob,NEED TO RENAME [Date of Birth].
_MDD_JCT_CREDIBLE_CLIENTS_VALUES,Dob Id,
_MDD_JCT_CREDIBLE_CLIENTS_VALUES,Address1,
_MDD_JCT_CREDIBLE_CLIENTS_VALUES,Address1 Id,
_MDD_JCT_CREDIBLE_CLIENTS_VALUES,Address2,
_MDD_JCT_CREDIBLE_CLIENTS_VALUES,Address2 Id,
_MDD_JCT_CREDIBLE_CLIENTS_VALUES,City,
_MDD_JCT_CREDIBLE_CLIENTS_VALUES,City Id,
_MDD_JCT_CREDIBLE_CLIENTS_VALUES,State,
_MDD_JCT_CREDIBLE_CLIENTS_VALUES,State Id,
_MDD_JCT_CREDIBLE_CLIENTS_VALUES,Zip,
_MDD_JCT_CREDIBLE_CLIENTS_VALUES,Zip Id,
_MDD_JCT_CREDIBLE_CLIENTS_VALUES,Geo Area,
_MDD_JCT_CREDIBLE_CLIENTS_VALUES,Geo Area Id,
_MDD_JCT_CREDIBLE_CLIENTS_VALUES,Residence Type,
_MDD_JCT_CREDIBLE_CLIENTS_VALUES,Residence Type Id,
_MDD_JCT_CREDIBLE_CLIENTS_VALUES,Client Status,The client status value as recorded.
_MDD_JCT_CREDIBLE_CLIENTS_VALUES,Client Status Id,
_MDD_JCT_CREDIBLE_CLIENTS_VALUES,Home Phone,
_MDD_JCT_CREDIBLE_CLIENTS_VALUES,Home Phone Id,
_MDD_JCT_CREDIBLE_CLIENTS_VALUES,Emergency Phone,
_MDD_JCT_CREDIBLE_CLIENTS_VALUES,Emergency Phone Id,
_MDD_JCT_CREDIBLE_CLIENTS_VALUES,Emergency Contact,
_MDD_JCT_CREDIBLE_CLIENTS_VALUES,Emergency Contact Id,
_MDD_JCT_CREDIBLE_CLIENTS_VALUES,Axis 2,
_MDD_JCT_CREDIBLE_CLIENTS_VALUES,Axis 2 Id,
_MDD_JCT_CREDIBLE_CLIENTS_VALUES,Axis 3,
_MDD_JCT_CREDIBLE_CLIENTS_VALUES,Axis 3 Id,
_MDD_JCT_CREDIBLE_CLIENTS_VALUES,Axis 4,
_MDD_JCT_CREDIBLE_CLIENTS_VALUES,Axis 4 Id,
_MDD_JCT_CREDIBLE_CLIENTS_VALUES,Axis 5,
_MDD_JCT_CREDIBLE_CLIENTS_VALUES,Axis 5 Id,
_MDD_JCT_CREDIBLE_CLIENTS_VALUES,Ssn,
_MDD_JCT_CREDIBLE_CLIENTS_VALUES,Ssn Id,
_MDD_JCT_CREDIBLE_CLIENTS_VALUES,Marital Status,The individual's marital status.
_MDD_JCT_CREDIBLE_CLIENTS_VALUES,Marital Status Id,The unique ID for Marital Status.
_MDD_JCT_CREDIBLE_CLIENTS_VALUES,Sex,"The sex of the individual. If applicable for the system, this is the value indicated on the indentification used for Medicaid service. The client's sex as recorded. QuickMAR does not provide separate source fields for sex and gender, so this value is sourced from the same underlying field as [Client Gender]."
_MDD_JCT_CREDIBLE_CLIENTS_VALUES,Sex Id,The unique ID for Sex.
_MDD_JCT_CREDIBLE_CLIENTS_VALUES,Deaf,
_MDD_JCT_CREDIBLE_CLIENTS_VALUES,Deaf Id,
_MDD_JCT_CREDIBLE_CLIENTS_VALUES,Empl Status,
_MDD_JCT_CREDIBLE_CLIENTS_VALUES,Empl Status Id,
_MDD_JCT_CREDIBLE_CLIENTS_VALUES,Spouse Name,
_MDD_JCT_CREDIBLE_CLIENTS_VALUES,Spouse Name Id,
_MDD_JCT_CREDIBLE_CLIENTS_VALUES,Referred By,
_MDD_JCT_CREDIBLE_CLIENTS_VALUES,Referred By Id,
_MDD_JCT_CREDIBLE_CLIENTS_VALUES,Referred Source,
_MDD_JCT_CREDIBLE_CLIENTS_VALUES,Referred Source Id,
_MDD_JCT_CREDIBLE_CLIENTS_VALUES,First Svc Date,
_MDD_JCT_CREDIBLE_CLIENTS_VALUES,First Svc Date Id,
_MDD_JCT_CREDIBLE_CLIENTS_VALUES,Referral Date,The date of the referral associated with the time span.
_MDD_JCT_CREDIBLE_CLIENTS_VALUES,Referral Date Id,
_MDD_JCT_CREDIBLE_CLIENTS_VALUES,Assessment Date,
_MDD_JCT_CREDIBLE_CLIENTS_VALUES,Assessment Date Id,
_MDD_JCT_CREDIBLE_CLIENTS_VALUES,Reporting Unit,
_MDD_JCT_CREDIBLE_CLIENTS_VALUES,Reporting Unit Id,
_MDD_JCT_CREDIBLE_CLIENTS_VALUES,Deleted,
_MDD_JCT_CREDIBLE_CLIENTS_VALUES,Deleted Id,
_MDD_JCT_CREDIBLE_CLIENTS_VALUES,Text1,
_MDD_JCT_CREDIBLE_CLIENTS_VALUES,Text1 Id,
_MDD_JCT_CREDIBLE_CLIENTS_VALUES,Text2,
_MDD_JCT_CREDIBLE_CLIENTS_VALUES,Text2 Id,
_MDD_JCT_CREDIBLE_CLIENTS_VALUES,Text3,
_MDD_JCT_CREDIBLE_CLIENTS_VALUES,Text3 Id,
_MDD_JCT_CREDIBLE_CLIENTS_VALUES,Text4,
_MDD_JCT_CREDIBLE_CLIENTS_VALUES,Text4 Id,
_MDD_JCT_CREDIBLE_CLIENTS_VALUES,Text5,
_MDD_JCT_CREDIBLE_CLIENTS_VALUES,Text5 Id,
_MDD_JCT_CREDIBLE_CLIENTS_VALUES,Text6,
_MDD_JCT_CREDIBLE_CLIENTS_VALUES,Text6 Id,
_MDD_JCT_CREDIBLE_CLIENTS_VALUES,Text7,
_MDD_JCT_CREDIBLE_CLIENTS_VALUES,Text7 Id,
_MDD_JCT_CREDIBLE_CLIENTS_VALUES,Text8,
_MDD_JCT_CREDIBLE_CLIENTS_VALUES,Text8 Id,
_MDD_JCT_CREDIBLE_CLIENTS_VALUES,Text9,
_MDD_JCT_CREDIBLE_CLIENTS_VALUES,Text9 Id,
_MDD_JCT_CREDIBLE_CLIENTS_VALUES,Text10,
_MDD_JCT_CREDIBLE_CLIENTS_VALUES,Text10 Id,
_MDD_JCT_CREDIBLE_CLIENTS_VALUES,Dd1,
_MDD_JCT_CREDIBLE_CLIENTS_VALUES,Dd1 Id,
_MDD_JCT_CREDIBLE_CLIENTS_VALUES,Dd2,
_MDD_JCT_CREDIBLE_CLIENTS_VALUES,Dd2 Id,
_MDD_JCT_CREDIBLE_CLIENTS_VALUES,Dd3,
_MDD_JCT_CREDIBLE_CLIENTS_VALUES,Dd3 Id,
_MDD_JCT_CREDIBLE_CLIENTS_VALUES,Dd4,
_MDD_JCT_CREDIBLE_CLIENTS_VALUES,Dd4 Id,
_MDD_JCT_CREDIBLE_CLIENTS_VALUES,Dd5,
_MDD_JCT_CREDIBLE_CLIENTS_VALUES,Dd5 Id,
_MDD_JCT_CREDIBLE_CLIENTS_VALUES,Date1,
_MDD_JCT_CREDIBLE_CLIENTS_VALUES,Date1 Id,
_MDD_JCT_CREDIBLE_CLIENTS_VALUES,Date2,
_MDD_JCT_CREDIBLE_CLIENTS_VALUES,Date2 Id,
_MDD_JCT_CREDIBLE_CLIENTS_VALUES,Date3,
_MDD_JCT_CREDIBLE_CLIENTS_VALUES,Date3 Id,
_MDD_JCT_CREDIBLE_CLIENTS_VALUES,Date4,
_MDD_JCT_CREDIBLE_CLIENTS_VALUES,Date4 Id,
_MDD_JCT_CREDIBLE_CLIENTS_VALUES,Date5,
_MDD_JCT_CREDIBLE_CLIENTS_VALUES,Date5 Id,
_MDD_JCT_CREDIBLE_CLIENTS_VALUES,Num1,
_MDD_JCT_CREDIBLE_CLIENTS_VALUES,Num1 Id,
_MDD_JCT_CREDIBLE_CLIENTS_VALUES,Num2,
_MDD_JCT_CREDIBLE_CLIENTS_VALUES,Num2 Id,
_MDD_JCT_CREDIBLE_CLIENTS_VALUES,Num3,
_MDD_JCT_CREDIBLE_CLIENTS_VALUES,Num3 Id,
_MDD_JCT_CREDIBLE_CLIENTS_VALUES,Num4,
_MDD_JCT_CREDIBLE_CLIENTS_VALUES,Num4 Id,
_MDD_JCT_CREDIBLE_CLIENTS_VALUES,Num5,
_MDD_JCT_CREDIBLE_CLIENTS_VALUES,Num5 Id,
_MDD_JCT_CREDIBLE_CLIENTS_VALUES,Bool1,
_MDD_JCT_CREDIBLE_CLIENTS_VALUES,Bool1 Id,
_MDD_JCT_CREDIBLE_CLIENTS_VALUES,Bool2,
_MDD_JCT_CREDIBLE_CLIENTS_VALUES,Bool2 Id,
_MDD_JCT_CREDIBLE_CLIENTS_VALUES,Bool3,
_MDD_JCT_CREDIBLE_CLIENTS_VALUES,Bool3 Id,
_MDD_JCT_CREDIBLE_CLIENTS_VALUES,Bool4,
_MDD_JCT_CREDIBLE_CLIENTS_VALUES,Bool4 Id,
_MDD_JCT_CREDIBLE_CLIENTS_VALUES,Bool5,
_MDD_JCT_CREDIBLE_CLIENTS_VALUES,Bool5 Id,
_MDD_JCT_CREDIBLE_CLIENTS_VALUES,Date6,
_MDD_JCT_CREDIBLE_CLIENTS_VALUES,Date6 Id,
_MDD_JCT_CREDIBLE_CLIENTS_VALUES,Axis 1,
_MDD_JCT_CREDIBLE_CLIENTS_VALUES,Axis 1 Id,
_MDD_JCT_CREDIBLE_CLIENTS_VALUES,Text11,
_MDD_JCT_CREDIBLE_CLIENTS_VALUES,Text11 Id,
_MDD_JCT_CREDIBLE_CLIENTS_VALUES,Text12,
_MDD_JCT_CREDIBLE_CLIENTS_VALUES,Text12 Id,
_MDD_JCT_CREDIBLE_CLIENTS_VALUES,Text13,
_MDD_JCT_CREDIBLE_CLIENTS_VALUES,Text13 Id,
_MDD_JCT_CREDIBLE_CLIENTS_VALUES,Text14,
_MDD_JCT_CREDIBLE_CLIENTS_VALUES,Text14 Id,
_MDD_JCT_CREDIBLE_CLIENTS_VALUES,Text15,
_MDD_JCT_CREDIBLE_CLIENTS_VALUES,Text15 Id,
_MDD_JCT_CREDIBLE_CLIENTS_VALUES,Text16,
_MDD_JCT_CREDIBLE_CLIENTS_VALUES,Text16 Id,
_MDD_JCT_CREDIBLE_CLIENTS_VALUES,Text17,
_MDD_JCT_CREDIBLE_CLIENTS_VALUES,Text17 Id,
_MDD_JCT_CREDIBLE_CLIENTS_VALUES,Text18,
_MDD_JCT_CREDIBLE_CLIENTS_VALUES,Text18 Id,
_MDD_JCT_CREDIBLE_CLIENTS_VALUES,Assigned Benefits,
_MDD_JCT_CREDIBLE_CLIENTS_VALUES,Assigned Benefits Id,
_MDD_JCT_CREDIBLE_CLIENTS_VALUES,Date Updated,
_MDD_JCT_CREDIBLE_CLIENTS_VALUES,Date Updated Id,
_MDD_JCT_CREDIBLE_CLIENTS_VALUES,Last Svc Date,
_MDD_JCT_CREDIBLE_CLIENTS_VALUES,Last Svc Date Id,
_MDD_JCT_CREDIBLE_CLIENTS_VALUES,Release Information,
_MDD_JCT_CREDIBLE_CLIENTS_VALUES,Release Information Id,
_MDD_JCT_CREDIBLE_CLIENTS_VALUES,Sig Source,
_MDD_JCT_CREDIBLE_CLIENTS_VALUES,Sig Source Id,
_MDD_JCT_CREDIBLE_CLIENTS_VALUES,Company,NEED TO RENAME [Agency Name].
_MDD_JCT_CREDIBLE_CLIENTS_VALUES,Company Id,
_MDD_JCT_CREDIBLE_CLIENTS_VALUES,Date Created,
_MDD_JCT_CREDIBLE_CLIENTS_VALUES,Date Created Id,
_MDD_JCT_CREDIBLE_CLIENTS_VALUES,Text19,
_MDD_JCT_CREDIBLE_CLIENTS_VALUES,Text19 Id,
_MDD_JCT_CREDIBLE_CLIENTS_VALUES,Text20,
_MDD_JCT_CREDIBLE_CLIENTS_VALUES,Text20 Id,
_MDD_JCT_CREDIBLE_CLIENTS_VALUES,Bool10,
_MDD_JCT_CREDIBLE_CLIENTS_VALUES,Bool10 Id,
_MDD_JCT_CREDIBLE_CLIENTS_VALUES,Bool11,
_MDD_JCT_CREDIBLE_CLIENTS_VALUES,Bool11 Id,
_MDD_JCT_CREDIBLE_CLIENTS_VALUES,Bool12,
_MDD_JCT_CREDIBLE_CLIENTS_VALUES,Bool12 Id,
_MDD_JCT_CREDIBLE_CLIENTS_VALUES,Bool13,
_MDD_JCT_CREDIBLE_CLIENTS_VALUES,Bool13 Id,
_MDD_JCT_CREDIBLE_CLIENTS_VALUES,Bool14,
_MDD_JCT_CREDIBLE_CLIENTS_VALUES,Bool14 Id,
_MDD_JCT_CREDIBLE_CLIENTS_VALUES,Bool15,
_MDD_JCT_CREDIBLE_CLIENTS_VALUES,Bool15 Id,
_MDD_JCT_CREDIBLE_CLIENTS_VALUES,Bool16,
_MDD_JCT_CREDIBLE_CLIENTS_VALUES,Bool16 Id,
_MDD_JCT_CREDIBLE_CLIENTS_VALUES,Bool17,
_MDD_JCT_CREDIBLE_CLIENTS_VALUES,Bool17 Id,
_MDD_JCT_CREDIBLE_CLIENTS_VALUES,Bool18,
_MDD_JCT_CREDIBLE_CLIENTS_VALUES,Bool18 Id,
_MDD_JCT_CREDIBLE_CLIENTS_VALUES,Bool19,
_MDD_JCT_CREDIBLE_CLIENTS_VALUES,Bool19 Id,
_MDD_JCT_CREDIBLE_CLIENTS_VALUES,Bool20,
_MDD_JCT_CREDIBLE_CLIENTS_VALUES,Bool20 Id,
_MDD_JCT_CREDIBLE_CLIENTS_VALUES,Bool6,
_MDD_JCT_CREDIBLE_CLIENTS_VALUES,Bool6 Id,
_MDD_JCT_CREDIBLE_CLIENTS_VALUES,Bool7,
_MDD_JCT_CREDIBLE_CLIENTS_VALUES,Bool7 Id,
_MDD_JCT_CREDIBLE_CLIENTS_VALUES,Bool8,
_MDD_JCT_CREDIBLE_CLIENTS_VALUES,Bool8 Id,
_MDD_JCT_CREDIBLE_CLIENTS_VALUES,Bool9,
_MDD_JCT_CREDIBLE_CLIENTS_VALUES,Bool9 Id,
_MDD_JCT_CREDIBLE_CLIENTS_VALUES,Date10,
_MDD_JCT_CREDIBLE_CLIENTS_VALUES,Date10 Id,
_MDD_JCT_CREDIBLE_CLIENTS_VALUES,Date7,
_MDD_JCT_CREDIBLE_CLIENTS_VALUES,Date7 Id,
_MDD_JCT_CREDIBLE_CLIENTS_VALUES,Date8,
_MDD_JCT_CREDIBLE_CLIENTS_VALUES,Date8 Id,
_MDD_JCT_CREDIBLE_CLIENTS_VALUES,Date9,
_MDD_JCT_CREDIBLE_CLIENTS_VALUES,Date9 Id,
_MDD_JCT_CREDIBLE_CLIENTS_VALUES,Dd10,
_MDD_JCT_CREDIBLE_CLIENTS_VALUES,Dd10 Id,
_MDD_JCT_CREDIBLE_CLIENTS_VALUES,Dd6,
_MDD_JCT_CREDIBLE_CLIENTS_VALUES,Dd6 Id,
_MDD_JCT_CREDIBLE_CLIENTS_VALUES,Dd7,
_MDD_JCT_CREDIBLE_CLIENTS_VALUES,Dd7 Id,
_MDD_JCT_CREDIBLE_CLIENTS_VALUES,Dd8,
_MDD_JCT_CREDIBLE_CLIENTS_VALUES,Dd8 Id,
_MDD_JCT_CREDIBLE_CLIENTS_VALUES,Dd9,
_MDD_JCT_CREDIBLE_CLIENTS_VALUES,Dd9 Id,
_MDD_JCT_CREDIBLE_CLIENTS_VALUES,Textlong1,
_MDD_JCT_CREDIBLE_CLIENTS_VALUES,Textlong1 Id,
_MDD_JCT_CREDIBLE_CLIENTS_VALUES,Textlong2,
_MDD_JCT_CREDIBLE_CLIENTS_VALUES,Textlong2 Id,
_MDD_JCT_CREDIBLE_CLIENTS_VALUES,Textlong3,
_MDD_JCT_CREDIBLE_CLIENTS_VALUES,Textlong3 Id,
_MDD_JCT_CREDIBLE_CLIENTS_VALUES,High No Show,
_MDD_JCT_CREDIBLE_CLIENTS_VALUES,High No Show Id,
_MDD_JCT_CREDIBLE_CLIENTS_VALUES,Gender Required,
_MDD_JCT_CREDIBLE_CLIENTS_VALUES,Gender Required Id,
_MDD_JCT_CREDIBLE_CLIENTS_VALUES,Admission Date,The date associated with the admission or start. The date the client was admitted.
_MDD_JCT_CREDIBLE_CLIENTS_VALUES,Admission Date Id,
_MDD_JCT_CREDIBLE_CLIENTS_VALUES,Client Liability,
_MDD_JCT_CREDIBLE_CLIENTS_VALUES,Client Liability Id,
_MDD_JCT_CREDIBLE_CLIENTS_VALUES,Discharge Date,The date the individual was discharged. The date the client was discharged.
_MDD_JCT_CREDIBLE_CLIENTS_VALUES,Discharge Date Id,
_MDD_JCT_CREDIBLE_CLIENTS_VALUES,Intake Date,
_MDD_JCT_CREDIBLE_CLIENTS_VALUES,Intake Date Id,
_MDD_JCT_CREDIBLE_CLIENTS_VALUES,Billing Address1,
_MDD_JCT_CREDIBLE_CLIENTS_VALUES,Billing Address1 Id,
_MDD_JCT_CREDIBLE_CLIENTS_VALUES,Billing Address2,
_MDD_JCT_CREDIBLE_CLIENTS_VALUES,Billing Address2 Id,
_MDD_JCT_CREDIBLE_CLIENTS_VALUES,Billing City,
_MDD_JCT_CREDIBLE_CLIENTS_VALUES,Billing City Id,
_MDD_JCT_CREDIBLE_CLIENTS_VALUES,Billing State,
_MDD_JCT_CREDIBLE_CLIENTS_VALUES,Billing State Id,
_MDD_JCT_CREDIBLE_CLIENTS_VALUES,Billing Zip,
_MDD_JCT_CREDIBLE_CLIENTS_VALUES,Billing Zip Id,
_MDD_JCT_CREDIBLE_CLIENTS_VALUES,Text21,
_MDD_JCT_CREDIBLE_CLIENTS_VALUES,Text21 Id,
_MDD_JCT_CREDIBLE_CLIENTS_VALUES,Text22,
_MDD_JCT_CREDIBLE_CLIENTS_VALUES,Text22 Id,
_MDD_JCT_CREDIBLE_CLIENTS_VALUES,Text23,
_MDD_JCT_CREDIBLE_CLIENTS_VALUES,Text23 Id,
_MDD_JCT_CREDIBLE_CLIENTS_VALUES,Text24,
_MDD_JCT_CREDIBLE_CLIENTS_VALUES,Text24 Id,
_MDD_JCT_CREDIBLE_CLIENTS_VALUES,Text25,
_MDD_JCT_CREDIBLE_CLIENTS_VALUES,Text25 Id,
_MDD_JCT_CREDIBLE_CLIENTS_VALUES,Text26,
_MDD_JCT_CREDIBLE_CLIENTS_VALUES,Text26 Id,
_MDD_JCT_CREDIBLE_CLIENTS_VALUES,Text27,
_MDD_JCT_CREDIBLE_CLIENTS_VALUES,Text27 Id,
_MDD_JCT_CREDIBLE_CLIENTS_VALUES,Text28,
_MDD_JCT_CREDIBLE_CLIENTS_VALUES,Text28 Id,
_MDD_JCT_CREDIBLE_CLIENTS_VALUES,Text29,
_MDD_JCT_CREDIBLE_CLIENTS_VALUES,Text29 Id,
_MDD_JCT_CREDIBLE_CLIENTS_VALUES,Text30,
_MDD_JCT_CREDIBLE_CLIENTS_VALUES,Text30 Id,
_MDD_JCT_CREDIBLE_CLIENTS_VALUES,Donotcall,
_MDD_JCT_CREDIBLE_CLIENTS_VALUES,Donotcall Id,
_MDD_JCT_CREDIBLE_CLIENTS_VALUES,Age,
_MDD_JCT_CREDIBLE_CLIENTS_VALUES,Age Id,
_MDD_JCT_CREDIBLE_CLIENTS_VALUES,Severity Level,
_MDD_JCT_CREDIBLE_CLIENTS_VALUES,Severity Level Id,
_MDD_JCT_CREDIBLE_CLIENTS_VALUES,Referred Npi,
_MDD_JCT_CREDIBLE_CLIENTS_VALUES,Referred Npi Id,
_MDD_JCT_CREDIBLE_CLIENTS_VALUES,Referred Upin,
_MDD_JCT_CREDIBLE_CLIENTS_VALUES,Referred Upin Id,
_MDD_JCT_CREDIBLE_CLIENTS_VALUES,Updatedby Emp Id,
_MDD_JCT_CREDIBLE_CLIENTS_VALUES,Updatedby Emp Id Id,
_MDD_JCT_CREDIBLE_CLIENTS_VALUES,Client Email,
_MDD_JCT_CREDIBLE_CLIENTS_VALUES,Client Email Id,
_MDD_JCT_CREDIBLE_CLIENTS_VALUES,Claim Note,
_MDD_JCT_CREDIBLE_CLIENTS_VALUES,Claim Note Id,
_MDD_JCT_CREDIBLE_CLIENTS_VALUES,Legalguardian Sig Required,
_MDD_JCT_CREDIBLE_CLIENTS_VALUES,Legalguardian Sig Required Id,
_MDD_JCT_CREDIBLE_CLIENTS_VALUES,Cis Client Id,
_MDD_JCT_CREDIBLE_CLIENTS_VALUES,Cis Client Id Id,
_MDD_JCT_CREDIBLE_CLIENTS_VALUES,First Bill Svc Date,
_MDD_JCT_CREDIBLE_CLIENTS_VALUES,First Bill Svc Date Id,
_MDD_JCT_CREDIBLE_CLIENTS_VALUES,Fosterhome Id,
_MDD_JCT_CREDIBLE_CLIENTS_VALUES,Fosterhome Id Id,
_MDD_JCT_CREDIBLE_CLIENTS_VALUES,Is Fosterparent,
_MDD_JCT_CREDIBLE_CLIENTS_VALUES,Is Fosterparent Id,
_MDD_JCT_CREDIBLE_CLIENTS_VALUES,Last Bill Svc Date,
_MDD_JCT_CREDIBLE_CLIENTS_VALUES,Last Bill Svc Date Id,
_MDD_JCT_CREDIBLE_CLIENTS_VALUES,Billing First Name,
_MDD_JCT_CREDIBLE_CLIENTS_VALUES,Billing First Name Id,
_MDD_JCT_CREDIBLE_CLIENTS_VALUES,Billing Last Name,
_MDD_JCT_CREDIBLE_CLIENTS_VALUES,Billing Last Name Id,
_MDD_JCT_CREDIBLE_CLIENTS_VALUES,Client Status Date,
_MDD_JCT_CREDIBLE_CLIENTS_VALUES,Client Status Date Id,
_MDD_JCT_CREDIBLE_CLIENTS_VALUES,Dd11,
_MDD_JCT_CREDIBLE_CLIENTS_VALUES,Dd11 Id,
_MDD_JCT_CREDIBLE_CLIENTS_VALUES,Dd12,
_MDD_JCT_CREDIBLE_CLIENTS_VALUES,Dd12 Id,
_MDD_JCT_CREDIBLE_CLIENTS_VALUES,Dd13,
_MDD_JCT_CREDIBLE_CLIENTS_VALUES,Dd13 Id,
_MDD_JCT_CREDIBLE_CLIENTS_VALUES,Dd14,
_MDD_JCT_CREDIBLE_CLIENTS_VALUES,Dd14 Id,
_MDD_JCT_CREDIBLE_CLIENTS_VALUES,Dd15,
_MDD_JCT_CREDIBLE_CLIENTS_VALUES,Dd15 Id,
_MDD_JCT_CREDIBLE_CLIENTS_VALUES,Dd16,
_MDD_JCT_CREDIBLE_CLIENTS_VALUES,Dd16 Id,
_MDD_JCT_CREDIBLE_CLIENTS_VALUES,Dd17,
_MDD_JCT_CREDIBLE_CLIENTS_VALUES,Dd17 Id,
_MDD_JCT_CREDIBLE_CLIENTS_VALUES,Dd18,
_MDD_JCT_CREDIBLE_CLIENTS_VALUES,Dd18 Id,
_MDD_JCT_CREDIBLE_CLIENTS_VALUES,Dd19,
_MDD_JCT_CREDIBLE_CLIENTS_VALUES,Dd19 Id,
_MDD_JCT_CREDIBLE_CLIENTS_VALUES,Dd20,
_MDD_JCT_CREDIBLE_CLIENTS_VALUES,Dd20 Id,
_MDD_JCT_CREDIBLE_CLIENTS_VALUES,Do Not Bill Direct,
_MDD_JCT_CREDIBLE_CLIENTS_VALUES,Do Not Bill Direct Id,
_MDD_JCT_CREDIBLE_CLIENTS_VALUES,Axis 1b,
_MDD_JCT_CREDIBLE_CLIENTS_VALUES,Axis 1b Id,
_MDD_JCT_CREDIBLE_CLIENTS_VALUES,Axis 1c,
_MDD_JCT_CREDIBLE_CLIENTS_VALUES,Axis 1c Id,
_MDD_JCT_CREDIBLE_CLIENTS_VALUES,Axis 2b,
_MDD_JCT_CREDIBLE_CLIENTS_VALUES,Axis 2b Id,
_MDD_JCT_CREDIBLE_CLIENTS_VALUES,Date Last Clientnote,
_MDD_JCT_CREDIBLE_CLIENTS_VALUES,Date Last Clientnote Id,
_MDD_JCT_CREDIBLE_CLIENTS_VALUES,Autonum1,
_MDD_JCT_CREDIBLE_CLIENTS_VALUES,Autonum1 Id,
_MDD_JCT_CREDIBLE_CLIENTS_VALUES,Case Manager Emp Id,
_MDD_JCT_CREDIBLE_CLIENTS_VALUES,Case Manager Emp Id Id,
_MDD_JCT_CREDIBLE_CLIENTS_VALUES,Surescripts File Id,
_MDD_JCT_CREDIBLE_CLIENTS_VALUES,Surescripts File Id Id,
_MDD_JCT_CREDIBLE_CLIENTS_VALUES,Date11,
_MDD_JCT_CREDIBLE_CLIENTS_VALUES,Date11 Id,
_MDD_JCT_CREDIBLE_CLIENTS_VALUES,Date12,
_MDD_JCT_CREDIBLE_CLIENTS_VALUES,Date12 Id,
_MDD_JCT_CREDIBLE_CLIENTS_VALUES,Date13,
_MDD_JCT_CREDIBLE_CLIENTS_VALUES,Date13 Id,
_MDD_JCT_CREDIBLE_CLIENTS_VALUES,Date14,
_MDD_JCT_CREDIBLE_CLIENTS_VALUES,Date14 Id,
_MDD_JCT_CREDIBLE_CLIENTS_VALUES,Date15,
_MDD_JCT_CREDIBLE_CLIENTS_VALUES,Date15 Id,
_MDD_JCT_CREDIBLE_CLIENTS_VALUES,Date16,
_MDD_JCT_CREDIBLE_CLIENTS_VALUES,Date16 Id,
_MDD_JCT_CREDIBLE_CLIENTS_VALUES,Date17,
_MDD_JCT_CREDIBLE_CLIENTS_VALUES,Date17 Id,
_MDD_JCT_CREDIBLE_CLIENTS_VALUES,Date18,
_MDD_JCT_CREDIBLE_CLIENTS_VALUES,Date18 Id,
_MDD_JCT_CREDIBLE_CLIENTS_VALUES,Date19,
_MDD_JCT_CREDIBLE_CLIENTS_VALUES,Date19 Id,
_MDD_JCT_CREDIBLE_CLIENTS_VALUES,Date20,
_MDD_JCT_CREDIBLE_CLIENTS_VALUES,Date20 Id,
_MDD_JCT_CREDIBLE_CLIENTS_VALUES,Num10,
_MDD_JCT_CREDIBLE_CLIENTS_VALUES,Num10 Id,
_MDD_JCT_CREDIBLE_CLIENTS_VALUES,Num6,
_MDD_JCT_CREDIBLE_CLIENTS_VALUES,Num6 Id,
_MDD_JCT_CREDIBLE_CLIENTS_VALUES,Num7,
_MDD_JCT_CREDIBLE_CLIENTS_VALUES,Num7 Id,
_MDD_JCT_CREDIBLE_CLIENTS_VALUES,Num8,
_MDD_JCT_CREDIBLE_CLIENTS_VALUES,Num8 Id,
_MDD_JCT_CREDIBLE_CLIENTS_VALUES,Num9,
_MDD_JCT_CREDIBLE_CLIENTS_VALUES,Num9 Id,
_MDD_JCT_CREDIBLE_CLIENTS_VALUES,Is Familyunit,
_MDD_JCT_CREDIBLE_CLIENTS_VALUES,Is Familyunit Id,
_MDD_JCT_CREDIBLE_CLIENTS_VALUES,Referred Id,
_MDD_JCT_CREDIBLE_CLIENTS_VALUES,Referred Id Id,
_MDD_JCT_CREDIBLE_CLIENTS_VALUES,Referred Id Qualifier,
_MDD_JCT_CREDIBLE_CLIENTS_VALUES,Referred Id Qualifier Id,
_MDD_JCT_CREDIBLE_CLIENTS_VALUES,No Allergy Flag,
_MDD_JCT_CREDIBLE_CLIENTS_VALUES,No Allergy Flag Id,
_MDD_JCT_CREDIBLE_CLIENTS_VALUES,No Med Flag,
_MDD_JCT_CREDIBLE_CLIENTS_VALUES,No Med Flag Id,
_MDD_JCT_CREDIBLE_CLIENTS_VALUES,Ethnicity Omb,
_MDD_JCT_CREDIBLE_CLIENTS_VALUES,Ethnicity Omb Id,
_MDD_JCT_CREDIBLE_CLIENTS_VALUES,Last Rxeligibility Date,
_MDD_JCT_CREDIBLE_CLIENTS_VALUES,Last Rxeligibility Date Id,
_MDD_JCT_CREDIBLE_CLIENTS_VALUES,Preferred Contact,
_MDD_JCT_CREDIBLE_CLIENTS_VALUES,Preferred Contact Id,
_MDD_JCT_CREDIBLE_CLIENTS_VALUES,Preferred Language,The individual's self-identified preferred language.
_MDD_JCT_CREDIBLE_CLIENTS_VALUES,Preferred Language Id,The unique ID for Preferred Language.
_MDD_JCT_CREDIBLE_CLIENTS_VALUES,Race Omb,
_MDD_JCT_CREDIBLE_CLIENTS_VALUES,Race Omb Id,
_MDD_JCT_CREDIBLE_CLIENTS_VALUES,Smoking Status,
_MDD_JCT_CREDIBLE_CLIENTS_VALUES,Smoking Status Id,
_MDD_JCT_CREDIBLE_CLIENTS_VALUES,County,
_MDD_JCT_CREDIBLE_CLIENTS_VALUES,County Id,
_MDD_JCT_CREDIBLE_CLIENTS_VALUES,Do Not Block For Debt,
_MDD_JCT_CREDIBLE_CLIENTS_VALUES,Do Not Block For Debt Id,
_MDD_JCT_CREDIBLE_CLIENTS_VALUES,Last Bill Visittype Id,
_MDD_JCT_CREDIBLE_CLIENTS_VALUES,Last Bill Visittype Id Id,
_MDD_JCT_CREDIBLE_CLIENTS_VALUES,Last Visittype Id,
_MDD_JCT_CREDIBLE_CLIENTS_VALUES,Last Visittype Id Id,
_MDD_JCT_CREDIBLE_CLIENTS_VALUES,Next Appt Date,
_MDD_JCT_CREDIBLE_CLIENTS_VALUES,Next Appt Date Id,
_MDD_JCT_CREDIBLE_CLIENTS_VALUES,Show Pbm Medhistory,
_MDD_JCT_CREDIBLE_CLIENTS_VALUES,Show Pbm Medhistory Id,
_MDD_JCT_CREDIBLE_CLIENTS_VALUES,Programs,A comma separated list of programs associated with a individual.
_MDD_JCT_CREDIBLE_CLIENTS_VALUES,Programs Id,
_MDD_JCT_CREDIBLE_CLIENTS_VALUES,Teams,A comma separated list of teams associated with a individual.
_MDD_JCT_CREDIBLE_CLIENTS_VALUES,Teams Id,
_MDD_JCT_CREDIBLE_CLIENTS_VALUES,Mobile Phone,
_MDD_JCT_CREDIBLE_CLIENTS_VALUES,Mobile Phone Id,
_MDD_JCT_CREDIBLE_CLIENTS_VALUES,Reminder Days Ahead,
_MDD_JCT_CREDIBLE_CLIENTS_VALUES,Reminder Days Ahead Id,
_MDD_JCT_CREDIBLE_CLIENTS_VALUES,Reminder Notification,
_MDD_JCT_CREDIBLE_CLIENTS_VALUES,Reminder Notification Id,
_MDD_JCT_CREDIBLE_CLIENTS_VALUES,Ssa Response Collected At,
_MDD_JCT_CREDIBLE_CLIENTS_VALUES,Ssa Response Collected At Id,
_MDD_JCT_CREDIBLE_CLIENTS_VALUES,Ssa Response Id,
_MDD_JCT_CREDIBLE_CLIENTS_VALUES,Ssa Response Id Id,
_MDD_JCT_CREDIBLE_CLIENTS_VALUES,Source,
_MDD_JCT_CREDIBLE_CLIENTS_VALUES,Source Id,
_MDD_JCT_CREDIBLE_CLIENTS_VALUES,Date21,
_MDD_JCT_CREDIBLE_CLIENTS_VALUES,Date21 Id,
_MDD_JCT_CREDIBLE_CLIENTS_VALUES,Date22,
_MDD_JCT_CREDIBLE_CLIENTS_VALUES,Date22 Id,
_MDD_JCT_CREDIBLE_CLIENTS_VALUES,Date23,
_MDD_JCT_CREDIBLE_CLIENTS_VALUES,Date23 Id,
_MDD_JCT_CREDIBLE_CLIENTS_VALUES,Date24,
_MDD_JCT_CREDIBLE_CLIENTS_VALUES,Date24 Id,
_MDD_JCT_CREDIBLE_CLIENTS_VALUES,Date25,
_MDD_JCT_CREDIBLE_CLIENTS_VALUES,Date25 Id,
_MDD_JCT_CREDIBLE_CLIENTS_VALUES,Dd21,
_MDD_JCT_CREDIBLE_CLIENTS_VALUES,Dd21 Id,
_MDD_JCT_CREDIBLE_CLIENTS_VALUES,Dd22,
_MDD_JCT_CREDIBLE_CLIENTS_VALUES,Dd22 Id,
_MDD_JCT_CREDIBLE_CLIENTS_VALUES,Dd23,
_MDD_JCT_CREDIBLE_CLIENTS_VALUES,Dd23 Id,
_MDD_JCT_CREDIBLE_CLIENTS_VALUES,Dd24,
_MDD_JCT_CREDIBLE_CLIENTS_VALUES,Dd24 Id,
_MDD_JCT_CREDIBLE_CLIENTS_VALUES,Dd25,
_MDD_JCT_CREDIBLE_CLIENTS_VALUES,Dd25 Id,
_MDD_JCT_CREDIBLE_CLIENTS_VALUES,Dd26,
_MDD_JCT_CREDIBLE_CLIENTS_VALUES,Dd26 Id,
_MDD_JCT_CREDIBLE_CLIENTS_VALUES,Dd27,
_MDD_JCT_CREDIBLE_CLIENTS_VALUES,Dd27 Id,
_MDD_JCT_CREDIBLE_CLIENTS_VALUES,Dd28,
_MDD_JCT_CREDIBLE_CLIENTS_VALUES,Dd28 Id,
_MDD_JCT_CREDIBLE_CLIENTS_VALUES,Dd29,
_MDD_JCT_CREDIBLE_CLIENTS_VALUES,Dd29 Id,
_MDD_JCT_CREDIBLE_CLIENTS_VALUES,Dd30,
_MDD_JCT_CREDIBLE_CLIENTS_VALUES,Dd30 Id,
_MDD_JCT_CREDIBLE_CLIENTS_VALUES,Axis 1d,
_MDD_JCT_CREDIBLE_CLIENTS_VALUES,Axis 1d Id,
_MDD_JCT_CREDIBLE_CLIENTS_VALUES,Axis 1e,
_MDD_JCT_CREDIBLE_CLIENTS_VALUES,Axis 1e Id,
_MDD_JCT_CREDIBLE_CLIENTS_VALUES,Axis 1f,
_MDD_JCT_CREDIBLE_CLIENTS_VALUES,Axis 1f Id,
_MDD_JCT_CREDIBLE_CLIENTS_VALUES,Cognitive Status,
_MDD_JCT_CREDIBLE_CLIENTS_VALUES,Cognitive Status Id,
_MDD_JCT_CREDIBLE_CLIENTS_VALUES,Date Allergy Last Updated,
_MDD_JCT_CREDIBLE_CLIENTS_VALUES,Date Allergy Last Updated Id,
_MDD_JCT_CREDIBLE_CLIENTS_VALUES,Date Diagnosis Last Updated,
_MDD_JCT_CREDIBLE_CLIENTS_VALUES,Date Diagnosis Last Updated Id,
_MDD_JCT_CREDIBLE_CLIENTS_VALUES,Date Lab Last Updated,
_MDD_JCT_CREDIBLE_CLIENTS_VALUES,Date Lab Last Updated Id,
_MDD_JCT_CREDIBLE_CLIENTS_VALUES,Date Medication Last Updated,
_MDD_JCT_CREDIBLE_CLIENTS_VALUES,Date Medication Last Updated Id,
_MDD_JCT_CREDIBLE_CLIENTS_VALUES,Functional Status,
_MDD_JCT_CREDIBLE_CLIENTS_VALUES,Functional Status Id,
_MDD_JCT_CREDIBLE_CLIENTS_VALUES,Immunization Protection Indicator,
_MDD_JCT_CREDIBLE_CLIENTS_VALUES,Immunization Protection Indicator Id,
_MDD_JCT_CREDIBLE_CLIENTS_VALUES,Immunization Publicity Code,
_MDD_JCT_CREDIBLE_CLIENTS_VALUES,Immunization Publicity Code Id,
_MDD_JCT_CREDIBLE_CLIENTS_VALUES,Immunization Publicity Code Date,
_MDD_JCT_CREDIBLE_CLIENTS_VALUES,Immunization Publicity Code Date Id,
_MDD_JCT_CREDIBLE_CLIENTS_VALUES,Immunization Registry Status,
_MDD_JCT_CREDIBLE_CLIENTS_VALUES,Immunization Registry Status Id,
_MDD_JCT_CREDIBLE_CLIENTS_VALUES,Immunization Registry Status Date,
_MDD_JCT_CREDIBLE_CLIENTS_VALUES,Immunization Registry Status Date Id,
_MDD_JCT_CREDIBLE_CLIENTS_VALUES,Mother Maiden Name,
_MDD_JCT_CREDIBLE_CLIENTS_VALUES,Mother Maiden Name Id,
_MDD_JCT_CREDIBLE_CLIENTS_VALUES,Cognitive Status Date,
_MDD_JCT_CREDIBLE_CLIENTS_VALUES,Cognitive Status Date Id,
_MDD_JCT_CREDIBLE_CLIENTS_VALUES,Date Of Death,The date of the individual's death.
_MDD_JCT_CREDIBLE_CLIENTS_VALUES,Date Of Death Id,
_MDD_JCT_CREDIBLE_CLIENTS_VALUES,Functional Status Date,
_MDD_JCT_CREDIBLE_CLIENTS_VALUES,Functional Status Date Id,
_MDD_JCT_CREDIBLE_CLIENTS_VALUES,Pd113 Pi Effectivedate,
_MDD_JCT_CREDIBLE_CLIENTS_VALUES,Pd113 Pi Effectivedate Id,
_MDD_JCT_CREDIBLE_CLIENTS_VALUES,Race Omb2,
_MDD_JCT_CREDIBLE_CLIENTS_VALUES,Race Omb2 Id,
_MDD_JCT_CREDIBLE_CLIENTS_VALUES,Race Omb3,
_MDD_JCT_CREDIBLE_CLIENTS_VALUES,Race Omb3 Id,
_MDD_JCT_CREDIBLE_CLIENTS_VALUES,Ncpdpid,
_MDD_JCT_CREDIBLE_CLIENTS_VALUES,Ncpdpid Id,
_MDD_JCT_CREDIBLE_CLIENTS_VALUES,Primary Physician Id,
_MDD_JCT_CREDIBLE_CLIENTS_VALUES,Primary Physician Id Id,
_MDD_JCT_CREDIBLE_CLIENTS_VALUES,Is Restricted,
_MDD_JCT_CREDIBLE_CLIENTS_VALUES,Is Restricted Id,
_MDD_JCT_CREDIBLE_CLIENTS_VALUES,Bool21,
_MDD_JCT_CREDIBLE_CLIENTS_VALUES,Bool21 Id,
_MDD_JCT_CREDIBLE_CLIENTS_VALUES,Bool22,
_MDD_JCT_CREDIBLE_CLIENTS_VALUES,Bool22 Id,
_MDD_JCT_CREDIBLE_CLIENTS_VALUES,Bool23,
_MDD_JCT_CREDIBLE_CLIENTS_VALUES,Bool23 Id,
_MDD_JCT_CREDIBLE_CLIENTS_VALUES,Bool24,
_MDD_JCT_CREDIBLE_CLIENTS_VALUES,Bool24 Id,
_MDD_JCT_CREDIBLE_CLIENTS_VALUES,Bool25,
_MDD_JCT_CREDIBLE_CLIENTS_VALUES,Bool25 Id,
_MDD_JCT_CREDIBLE_CLIENTS_VALUES,Bool26,
_MDD_JCT_CREDIBLE_CLIENTS_VALUES,Bool26 Id,
_MDD_JCT_CREDIBLE_CLIENTS_VALUES,Bool27,
_MDD_JCT_CREDIBLE_CLIENTS_VALUES,Bool27 Id,
_MDD_JCT_CREDIBLE_CLIENTS_VALUES,Bool28,
_MDD_JCT_CREDIBLE_CLIENTS_VALUES,Bool28 Id,
_MDD_JCT_CREDIBLE_CLIENTS_VALUES,Bool29,
_MDD_JCT_CREDIBLE_CLIENTS_VALUES,Bool29 Id,
_MDD_JCT_CREDIBLE_CLIENTS_VALUES,Bool30,
_MDD_JCT_CREDIBLE_CLIENTS_VALUES,Bool30 Id,
_MDD_JCT_CREDIBLE_CLIENTS_VALUES,Bool31,
_MDD_JCT_CREDIBLE_CLIENTS_VALUES,Bool31 Id,
_MDD_JCT_CREDIBLE_CLIENTS_VALUES,Bool32,
_MDD_JCT_CREDIBLE_CLIENTS_VALUES,Bool32 Id,
_MDD_JCT_CREDIBLE_CLIENTS_VALUES,Bool33,
_MDD_JCT_CREDIBLE_CLIENTS_VALUES,Bool33 Id,
_MDD_JCT_CREDIBLE_CLIENTS_VALUES,Bool34,
_MDD_JCT_CREDIBLE_CLIENTS_VALUES,Bool34 Id,
_MDD_JCT_CREDIBLE_CLIENTS_VALUES,Bool35,
_MDD_JCT_CREDIBLE_CLIENTS_VALUES,Bool35 Id,
_MDD_JCT_CREDIBLE_CLIENTS_VALUES,Bool36,
_MDD_JCT_CREDIBLE_CLIENTS_VALUES,Bool36 Id,
_MDD_JCT_CREDIBLE_CLIENTS_VALUES,Bool37,
_MDD_JCT_CREDIBLE_CLIENTS_VALUES,Bool37 Id,
_MDD_JCT_CREDIBLE_CLIENTS_VALUES,Bool38,
_MDD_JCT_CREDIBLE_CLIENTS_VALUES,Bool38 Id,
_MDD_JCT_CREDIBLE_CLIENTS_VALUES,Bool39,
_MDD_JCT_CREDIBLE_CLIENTS_VALUES,Bool39 Id,
_MDD_JCT_CREDIBLE_CLIENTS_VALUES,Bool40,
_MDD_JCT_CREDIBLE_CLIENTS_VALUES,Bool40 Id,
_MDD_JCT_CREDIBLE_CLIENTS_VALUES,Date26,
_MDD_JCT_CREDIBLE_CLIENTS_VALUES,Date26 Id,
_MDD_JCT_CREDIBLE_CLIENTS_VALUES,Date27,
_MDD_JCT_CREDIBLE_CLIENTS_VALUES,Date27 Id,
_MDD_JCT_CREDIBLE_CLIENTS_VALUES,Date28,
_MDD_JCT_CREDIBLE_CLIENTS_VALUES,Date28 Id,
_MDD_JCT_CREDIBLE_CLIENTS_VALUES,Date29,
_MDD_JCT_CREDIBLE_CLIENTS_VALUES,Date29 Id,
_MDD_JCT_CREDIBLE_CLIENTS_VALUES,Date30,
_MDD_JCT_CREDIBLE_CLIENTS_VALUES,Date30 Id,
_MDD_JCT_CREDIBLE_CLIENTS_VALUES,Date31,
_MDD_JCT_CREDIBLE_CLIENTS_VALUES,Date31 Id,
_MDD_JCT_CREDIBLE_CLIENTS_VALUES,Date32,
_MDD_JCT_CREDIBLE_CLIENTS_VALUES,Date32 Id,
_MDD_JCT_CREDIBLE_CLIENTS_VALUES,Date33,
_MDD_JCT_CREDIBLE_CLIENTS_VALUES,Date33 Id,
_MDD_JCT_CREDIBLE_CLIENTS_VALUES,Date34,
_MDD_JCT_CREDIBLE_CLIENTS_VALUES,Date34 Id,
_MDD_JCT_CREDIBLE_CLIENTS_VALUES,Date35,
_MDD_JCT_CREDIBLE_CLIENTS_VALUES,Date35 Id,
_MDD_JCT_CREDIBLE_CLIENTS_VALUES,Date36,
_MDD_JCT_CREDIBLE_CLIENTS_VALUES,Date36 Id,
_MDD_JCT_CREDIBLE_CLIENTS_VALUES,Date37,
_MDD_JCT_CREDIBLE_CLIENTS_VALUES,Date37 Id,
_MDD_JCT_CREDIBLE_CLIENTS_VALUES,Date38,
_MDD_JCT_CREDIBLE_CLIENTS_VALUES,Date38 Id,
_MDD_JCT_CREDIBLE_CLIENTS_VALUES,Date39,
_MDD_JCT_CREDIBLE_CLIENTS_VALUES,Date39 Id,
_MDD_JCT_CREDIBLE_CLIENTS_VALUES,Date40,
_MDD_JCT_CREDIBLE_CLIENTS_VALUES,Date40 Id,
_MDD_JCT_CREDIBLE_CLIENTS_VALUES,Dd31,
_MDD_JCT_CREDIBLE_CLIENTS_VALUES,Dd31 Id,
_MDD_JCT_CREDIBLE_CLIENTS_VALUES,Dd32,
_MDD_JCT_CREDIBLE_CLIENTS_VALUES,Dd32 Id,
_MDD_JCT_CREDIBLE_CLIENTS_VALUES,Dd33,
_MDD_JCT_CREDIBLE_CLIENTS_VALUES,Dd33 Id,
_MDD_JCT_CREDIBLE_CLIENTS_VALUES,Dd34,
_MDD_JCT_CREDIBLE_CLIENTS_VALUES,Dd34 Id,
_MDD_JCT_CREDIBLE_CLIENTS_VALUES,Dd35,
_MDD_JCT_CREDIBLE_CLIENTS_VALUES,Dd35 Id,
_MDD_JCT_CREDIBLE_CLIENTS_VALUES,Dd36,
_MDD_JCT_CREDIBLE_CLIENTS_VALUES,Dd36 Id,
_MDD_JCT_CREDIBLE_CLIENTS_VALUES,Dd37,
_MDD_JCT_CREDIBLE_CLIENTS_VALUES,Dd37 Id,
_MDD_JCT_CREDIBLE_CLIENTS_VALUES,Dd38,
_MDD_JCT_CREDIBLE_CLIENTS_VALUES,Dd38 Id,
_MDD_JCT_CREDIBLE_CLIENTS_VALUES,Dd39,
_MDD_JCT_CREDIBLE_CLIENTS_VALUES,Dd39 Id,
_MDD_JCT_CREDIBLE_CLIENTS_VALUES,Dd40,
_MDD_JCT_CREDIBLE_CLIENTS_VALUES,Dd40 Id,
_MDD_JCT_CREDIBLE_CLIENTS_VALUES,Num11,
_MDD_JCT_CREDIBLE_CLIENTS_VALUES,Num11 Id,
_MDD_JCT_CREDIBLE_CLIENTS_VALUES,Num12,
_MDD_JCT_CREDIBLE_CLIENTS_VALUES,Num12 Id,
_MDD_JCT_CREDIBLE_CLIENTS_VALUES,Num13,
_MDD_JCT_CREDIBLE_CLIENTS_VALUES,Num13 Id,
_MDD_JCT_CREDIBLE_CLIENTS_VALUES,Num14,
_MDD_JCT_CREDIBLE_CLIENTS_VALUES,Num14 Id,
_MDD_JCT_CREDIBLE_CLIENTS_VALUES,Num15,
_MDD_JCT_CREDIBLE_CLIENTS_VALUES,Num15 Id,
_MDD_JCT_CREDIBLE_CLIENTS_VALUES,Num16,
_MDD_JCT_CREDIBLE_CLIENTS_VALUES,Num16 Id,
_MDD_JCT_CREDIBLE_CLIENTS_VALUES,Num17,
_MDD_JCT_CREDIBLE_CLIENTS_VALUES,Num17 Id,
_MDD_JCT_CREDIBLE_CLIENTS_VALUES,Num18,
_MDD_JCT_CREDIBLE_CLIENTS_VALUES,Num18 Id,
_MDD_JCT_CREDIBLE_CLIENTS_VALUES,Num19,
_MDD_JCT_CREDIBLE_CLIENTS_VALUES,Num19 Id,
_MDD_JCT_CREDIBLE_CLIENTS_VALUES,Num20,
_MDD_JCT_CREDIBLE_CLIENTS_VALUES,Num20 Id,
_MDD_JCT_CREDIBLE_CLIENTS_VALUES,Text31,
_MDD_JCT_CREDIBLE_CLIENTS_VALUES,Text31 Id,
_MDD_JCT_CREDIBLE_CLIENTS_VALUES,Text32,
_MDD_JCT_CREDIBLE_CLIENTS_VALUES,Text32 Id,
_MDD_JCT_CREDIBLE_CLIENTS_VALUES,Text33,
_MDD_JCT_CREDIBLE_CLIENTS_VALUES,Text33 Id,
_MDD_JCT_CREDIBLE_CLIENTS_VALUES,Text34,
_MDD_JCT_CREDIBLE_CLIENTS_VALUES,Text34 Id,
_MDD_JCT_CREDIBLE_CLIENTS_VALUES,Text35,
_MDD_JCT_CREDIBLE_CLIENTS_VALUES,Text35 Id,
_MDD_JCT_CREDIBLE_CLIENTS_VALUES,Text36,
_MDD_JCT_CREDIBLE_CLIENTS_VALUES,Text36 Id,
_MDD_JCT_CREDIBLE_CLIENTS_VALUES,Text37,
_MDD_JCT_CREDIBLE_CLIENTS_VALUES,Text37 Id,
_MDD_JCT_CREDIBLE_CLIENTS_VALUES,Text38,
_MDD_JCT_CREDIBLE_CLIENTS_VALUES,Text38 Id,
_MDD_JCT_CREDIBLE_CLIENTS_VALUES,Text39,
_MDD_JCT_CREDIBLE_CLIENTS_VALUES,Text39 Id,
_MDD_JCT_CREDIBLE_CLIENTS_VALUES,Text40,
_MDD_JCT_CREDIBLE_CLIENTS_VALUES,Text40 Id,
_MDD_JCT_CREDIBLE_CLIENTS_VALUES,Text41,
_MDD_JCT_CREDIBLE_CLIENTS_VALUES,Text41 Id,
_MDD_JCT_CREDIBLE_CLIENTS_VALUES,Text42,
_MDD_JCT_CREDIBLE_CLIENTS_VALUES,Text42 Id,
_MDD_JCT_CREDIBLE_CLIENTS_VALUES,Text43,
_MDD_JCT_CREDIBLE_CLIENTS_VALUES,Text43 Id,
_MDD_JCT_CREDIBLE_CLIENTS_VALUES,Text44,
_MDD_JCT_CREDIBLE_CLIENTS_VALUES,Text44 Id,
_MDD_JCT_CREDIBLE_CLIENTS_VALUES,Text45,
_MDD_JCT_CREDIBLE_CLIENTS_VALUES,Text45 Id,
_MDD_JCT_CREDIBLE_CLIENTS_VALUES,Text46,
_MDD_JCT_CREDIBLE_CLIENTS_VALUES,Text46 Id,
_MDD_JCT_CREDIBLE_CLIENTS_VALUES,Text47,
_MDD_JCT_CREDIBLE_CLIENTS_VALUES,Text47 Id,
_MDD_JCT_CREDIBLE_CLIENTS_VALUES,Text48,
_MDD_JCT_CREDIBLE_CLIENTS_VALUES,Text48 Id,
_MDD_JCT_CREDIBLE_CLIENTS_VALUES,Text49,
_MDD_JCT_CREDIBLE_CLIENTS_VALUES,Text49 Id,
_MDD_JCT_CREDIBLE_CLIENTS_VALUES,Text50,
_MDD_JCT_CREDIBLE_CLIENTS_VALUES,Text50 Id,
_MDD_JCT_CREDIBLE_CLIENTS_VALUES,Textlong4,
_MDD_JCT_CREDIBLE_CLIENTS_VALUES,Textlong4 Id,
_MDD_JCT_CREDIBLE_CLIENTS_VALUES,Textlong5,
_MDD_JCT_CREDIBLE_CLIENTS_VALUES,Textlong5 Id,
_MDD_JCT_CREDIBLE_CLIENTS_VALUES,Textlong6,
_MDD_JCT_CREDIBLE_CLIENTS_VALUES,Textlong6 Id,
_MDD_JCT_CREDIBLE_CLIENTS_VALUES,Textlong7,
_MDD_JCT_CREDIBLE_CLIENTS_VALUES,Textlong7 Id,
_MDD_JCT_CREDIBLE_CLIENTS_VALUES,Smalldate1,
_MDD_JCT_CREDIBLE_CLIENTS_VALUES,Smalldate1 Id,
_MDD_JCT_CREDIBLE_CLIENTS_VALUES,Smalldate10,
_MDD_JCT_CREDIBLE_CLIENTS_VALUES,Smalldate10 Id,
_MDD_JCT_CREDIBLE_CLIENTS_VALUES,Smalldate11,
_MDD_JCT_CREDIBLE_CLIENTS_VALUES,Smalldate11 Id,
_MDD_JCT_CREDIBLE_CLIENTS_VALUES,Smalldate12,
_MDD_JCT_CREDIBLE_CLIENTS_VALUES,Smalldate12 Id,
_MDD_JCT_CREDIBLE_CLIENTS_VALUES,Smalldate13,
_MDD_JCT_CREDIBLE_CLIENTS_VALUES,Smalldate13 Id,
_MDD_JCT_CREDIBLE_CLIENTS_VALUES,Smalldate14,
_MDD_JCT_CREDIBLE_CLIENTS_VALUES,Smalldate14 Id,
_MDD_JCT_CREDIBLE_CLIENTS_VALUES,Smalldate15,
_MDD_JCT_CREDIBLE_CLIENTS_VALUES,Smalldate15 Id,
_MDD_JCT_CREDIBLE_CLIENTS_VALUES,Smalldate16,
_MDD_JCT_CREDIBLE_CLIENTS_VALUES,Smalldate16 Id,
_MDD_JCT_CREDIBLE_CLIENTS_VALUES,Smalldate17,
_MDD_JCT_CREDIBLE_CLIENTS_VALUES,Smalldate17 Id,
_MDD_JCT_CREDIBLE_CLIENTS_VALUES,Smalldate18,
_MDD_JCT_CREDIBLE_CLIENTS_VALUES,Smalldate18 Id,
_MDD_JCT_CREDIBLE_CLIENTS_VALUES,Smalldate19,
_MDD_JCT_CREDIBLE_CLIENTS_VALUES,Smalldate19 Id,
_MDD_JCT_CREDIBLE_CLIENTS_VALUES,Smalldate2,
_MDD_JCT_CREDIBLE_CLIENTS_VALUES,Smalldate2 Id,
_MDD_JCT_CREDIBLE_CLIENTS_VALUES,Smalldate20,
_MDD_JCT_CREDIBLE_CLIENTS_VALUES,Smalldate20 Id,
_MDD_JCT_CREDIBLE_CLIENTS_VALUES,Smalldate3,
_MDD_JCT_CREDIBLE_CLIENTS_VALUES,Smalldate3 Id,
_MDD_JCT_CREDIBLE_CLIENTS_VALUES,Smalldate4,
_MDD_JCT_CREDIBLE_CLIENTS_VALUES,Smalldate4 Id,
_MDD_JCT_CREDIBLE_CLIENTS_VALUES,Smalldate5,
_MDD_JCT_CREDIBLE_CLIENTS_VALUES,Smalldate5 Id,
_MDD_JCT_CREDIBLE_CLIENTS_VALUES,Smalldate6,
_MDD_JCT_CREDIBLE_CLIENTS_VALUES,Smalldate6 Id,
_MDD_JCT_CREDIBLE_CLIENTS_VALUES,Smalldate7,
_MDD_JCT_CREDIBLE_CLIENTS_VALUES,Smalldate7 Id,
_MDD_JCT_CREDIBLE_CLIENTS_VALUES,Smalldate8,
_MDD_JCT_CREDIBLE_CLIENTS_VALUES,Smalldate8 Id,
_MDD_JCT_CREDIBLE_CLIENTS_VALUES,Smalldate9,
_MDD_JCT_CREDIBLE_CLIENTS_VALUES,Smalldate9 Id,
_MDD_JCT_CREDIBLE_CLIENTS_VALUES,Smalldatetime21,
_MDD_JCT_CREDIBLE_CLIENTS_VALUES,Smalldatetime21 Id,
_MDD_JCT_CREDIBLE_CLIENTS_VALUES,Smalldatetime22,
_MDD_JCT_CREDIBLE_CLIENTS_VALUES,Smalldatetime22 Id,
_MDD_JCT_CREDIBLE_CLIENTS_VALUES,Smalldatetime23,
_MDD_JCT_CREDIBLE_CLIENTS_VALUES,Smalldatetime23 Id,
_MDD_JCT_CREDIBLE_CLIENTS_VALUES,Smalldatetime24,
_MDD_JCT_CREDIBLE_CLIENTS_VALUES,Smalldatetime24 Id,
_MDD_JCT_CREDIBLE_CLIENTS_VALUES,Smalldatetime25,
_MDD_JCT_CREDIBLE_CLIENTS_VALUES,Smalldatetime25 Id,
_MDD_JCT_CREDIBLE_CLIENTS_VALUES,Smalldatetime26,
_MDD_JCT_CREDIBLE_CLIENTS_VALUES,Smalldatetime26 Id,
_MDD_JCT_CREDIBLE_CLIENTS_VALUES,Smalldatetime27,
_MDD_JCT_CREDIBLE_CLIENTS_VALUES,Smalldatetime27 Id,
_MDD_JCT_CREDIBLE_CLIENTS_VALUES,Smalldatetime28,
_MDD_JCT_CREDIBLE_CLIENTS_VALUES,Smalldatetime28 Id,
_MDD_JCT_CREDIBLE_CLIENTS_VALUES,Smalldatetime29,
_MDD_JCT_CREDIBLE_CLIENTS_VALUES,Smalldatetime29 Id,
_MDD_JCT_CREDIBLE_CLIENTS_VALUES,Smalldatetime30,
_MDD_JCT_CREDIBLE_CLIENTS_VALUES,Smalldatetime30 Id,
_MDD_JCT_CREDIBLE_CLIENTS_VALUES,Smalldatetime31,
_MDD_JCT_CREDIBLE_CLIENTS_VALUES,Smalldatetime31 Id,
_MDD_JCT_CREDIBLE_CLIENTS_VALUES,Smalldatetime32,
_MDD_JCT_CREDIBLE_CLIENTS_VALUES,Smalldatetime32 Id,
_MDD_JCT_CREDIBLE_CLIENTS_VALUES,Smalldatetime33,
_MDD_JCT_CREDIBLE_CLIENTS_VALUES,Smalldatetime33 Id,
_MDD_JCT_CREDIBLE_CLIENTS_VALUES,Smalldatetime34,
_MDD_JCT_CREDIBLE_CLIENTS_VALUES,Smalldatetime34 Id,
_MDD_JCT_CREDIBLE_CLIENTS_VALUES,Smalldatetime35,
_MDD_JCT_CREDIBLE_CLIENTS_VALUES,Smalldatetime35 Id,
_MDD_JCT_CREDIBLE_CLIENTS_VALUES,Smalldatetime36,
_MDD_JCT_CREDIBLE_CLIENTS_VALUES,Smalldatetime36 Id,
_MDD_JCT_CREDIBLE_CLIENTS_VALUES,Smalldatetime37,
_MDD_JCT_CREDIBLE_CLIENTS_VALUES,Smalldatetime37 Id,
_MDD_JCT_CREDIBLE_CLIENTS_VALUES,Smalldatetime38,
_MDD_JCT_CREDIBLE_CLIENTS_VALUES,Smalldatetime38 Id,
_MDD_JCT_CREDIBLE_CLIENTS_VALUES,Smalldatetime39,
_MDD_JCT_CREDIBLE_CLIENTS_VALUES,Smalldatetime39 Id,
_MDD_JCT_CREDIBLE_CLIENTS_VALUES,Smalldatetime40,
_MDD_JCT_CREDIBLE_CLIENTS_VALUES,Smalldatetime40 Id,
_MDD_JCT_CREDIBLE_CLIENTS_VALUES,Birth Indicator,
_MDD_JCT_CREDIBLE_CLIENTS_VALUES,Birth Indicator Id,
_MDD_JCT_CREDIBLE_CLIENTS_VALUES,Birth Order,
_MDD_JCT_CREDIBLE_CLIENTS_VALUES,Birth Order Id,
_MDD_JCT_CREDIBLE_CLIENTS_VALUES,Gender Identity,The individual's primary self-identified gender identity.
_MDD_JCT_CREDIBLE_CLIENTS_VALUES,Gender Identity Id,The unique ID for Gender Identity.
_MDD_JCT_CREDIBLE_CLIENTS_VALUES,Granular Ethnicity,
_MDD_JCT_CREDIBLE_CLIENTS_VALUES,Granular Ethnicity Id,
_MDD_JCT_CREDIBLE_CLIENTS_VALUES,Granular Race,
_MDD_JCT_CREDIBLE_CLIENTS_VALUES,Granular Race Id,
_MDD_JCT_CREDIBLE_CLIENTS_VALUES,Previous Name,
_MDD_JCT_CREDIBLE_CLIENTS_VALUES,Previous Name Id,
_MDD_JCT_CREDIBLE_CLIENTS_VALUES,Sexual Orientation,The sexual orientation of the individual.
_MDD_JCT_CREDIBLE_CLIENTS_VALUES,Sexual Orientation Id,The unique ID for Sexual Orientation.
_MDD_JCT_CREDIBLE_CLIENTS_VALUES,Suffix,
_MDD_JCT_CREDIBLE_CLIENTS_VALUES,Suffix Id,
_MDD_JCT_CREDIBLE_CLIENTS_VALUES,Send To Hie,
_MDD_JCT_CREDIBLE_CLIENTS_VALUES,Send To Hie Id,
_MDD_JCT_CREDIBLE_CLIENTS_VALUES,Send To Hie Effective Date,
_MDD_JCT_CREDIBLE_CLIENTS_VALUES,Send To Hie Effective Date Id,
_MDD_JCT_CREDIBLE_CLIENTS_VALUES,Evv Custom Id,
_MDD_JCT_CREDIBLE_CLIENTS_VALUES,Evv Custom Id Id,
_MDD_JCT_CREDIBLE_CLIENTS_VALUES,date consent allow 42CFR,
_MDD_JCT_CREDIBLE_CLIENTS_VALUES,date consent allow 42CFR id,
_MDD_JCT_CREDIBLE_CLIENTS_VALUES,share data 42CFR part 2,
_MDD_JCT_CREDIBLE_CLIENTS_VALUES,share data 42CFR part 2 id,
_MDD_JCT_CREDIBLE_CLIENTS_VALUES,Alias Dob,
_MDD_JCT_CREDIBLE_CLIENTS_VALUES,Alias Dob Id,
_MDD_JCT_CREDIBLE_CLIENTS_VALUES,Alias First Name,
_MDD_JCT_CREDIBLE_CLIENTS_VALUES,Alias First Name Id,
_MDD_JCT_CREDIBLE_CLIENTS_VALUES,Alias Last Name,
_MDD_JCT_CREDIBLE_CLIENTS_VALUES,Alias Last Name Id,
_MDD_JCT_CREDIBLE_CLIENTS_VALUES,Alias Mi,
_MDD_JCT_CREDIBLE_CLIENTS_VALUES,Alias Mi Id,
_MDD_JCT_CREDIBLE_CLIENTS_VALUES,Alias Sex,
_MDD_JCT_CREDIBLE_CLIENTS_VALUES,Alias Sex Id,
_MDD_JCT_CREDIBLE_CLIENTS_VALUES,Military Status,The individual's military status.
_MDD_JCT_CREDIBLE_CLIENTS_VALUES,Military Status Id,The unique ID for Military Status.
_MDD_JCT_CREDIBLE_CLIENTS_VALUES,Primary Phone Number,
_MDD_JCT_CREDIBLE_CLIENTS_VALUES,Primary Phone Number Id,
_MDD_JCT_CREDIBLE_CLIENTS_VALUES,Tribal Affiliation,
_MDD_JCT_CREDIBLE_CLIENTS_VALUES,Tribal Affiliation Id,
_MDD_JCT_CREDIBLE_CLIENTS_VALUES,Occupation,
_MDD_JCT_CREDIBLE_CLIENTS_VALUES,Occupation Id,
_MDD_JCT_CREDIBLE_CLIENTS_VALUES,Occupation Industry,
_MDD_JCT_CREDIBLE_CLIENTS_VALUES,Occupation Industry Id,
_MDD_JCT_CREDIBLE_CLIENTS_VALUES,Occupation Effective Date,
_MDD_JCT_CREDIBLE_CLIENTS_VALUES,Occupation Effective Date Id,
_MDD_JCT_CREDIBLE_CLIENTS_VALUES,Pregnancy Intent,
_MDD_JCT_CREDIBLE_CLIENTS_VALUES,Pregnancy Intent Id,
_MDD_JCT_CREDIBLE_CLIENTS_VALUES,Pregnancy Intent Effective Date,
_MDD_JCT_CREDIBLE_CLIENTS_VALUES,Pregnancy Intent Effective Date Id,
_MDD_JCT_CREDIBLE_CLIENTS_VALUES,Pregnancy Status,
_MDD_JCT_CREDIBLE_CLIENTS_VALUES,Pregnancy Status Id,
_MDD_JCT_CREDIBLE_CLIENTS_VALUES,Pregnancy Status Effective Date,
_MDD_JCT_CREDIBLE_CLIENTS_VALUES,Pregnancy Status Effective Date Id,
_MDD_JCT_CREDIBLE_CLIENTS_VALUES,Sexual Orientation Effective Date,
_MDD_JCT_CREDIBLE_CLIENTS_VALUES,Sexual Orientation Effective Date Id,
_MDD_JCT_CREDIBLE_CLIENTS_VALUES,Smoking Effective Date,
_MDD_JCT_CREDIBLE_CLIENTS_VALUES,Smoking Effective Date Id,
_MDD_JCT_CREDIBLE_CLIENTS_VALUES,Smoking End Date,
_MDD_JCT_CREDIBLE_CLIENTS_VALUES,Smoking End Date Id,
_MDD_JCT_CREDIBLE_CLIENT_LAB_ACCESSIONS,Lab Accession ID,Unique ID of the Lab Accession.
_MDD_JCT_CREDIBLE_CLIENT_LAB_ACCESSIONS,Lab Order ID External,
_MDD_JCT_CREDIBLE_CLIENT_LAB_ACCESSIONS,Lab Accession ID External,The unique ID of the entity in an external system.
_MDD_JCT_CREDIBLE_CLIENT_LAB_ACCESSIONS,Client ID,Unique ID of the Client.
_MDD_JCT_CREDIBLE_CLIENT_LAB_ACCESSIONS,Ordering User ID,Unique ID of the Ordering User.
_MDD_JCT_CREDIBLE_CLIENT_LAB_ACCESSIONS,Lab Accession Collection Date,
_MDD_JCT_CREDIBLE_CLIENT_LAB_ACCESSIONS,Lab Result Received Date,
_MDD_JCT_CREDIBLE_CLIENT_LAB_ACCESSIONS,Lab Accession Created Date,The date the Lab Accession record was created.
_MDD_JCT_CREDIBLE_CLIENT_LAB_ACCESSIONS,Lab Accession Updated Date,The date the Lab Accession record was last updated.
_MDD_JCT_CREDIBLE_CLIENT_LAB_ACCESSIONS,Order ID,Unique ID of the Order.
_MDD_JCT_CREDIBLE_CLIENT_LAB_ACCESSIONS,Order Item ID,Unique ID of the Order Item.
_MDD_JCT_CREDIBLE_CLIENT_LAB_ACCESSIONS,Lab Order ID,Unique ID of the Lab Order.
_MDD_JCT_CREDIBLE_CLIENT_LAB_ACCESSIONS,Lab Order Item ID,Unique ID of the Lab Order Item.
_MDD_JCT_CREDIBLE_CLIENT_LAB_ACCESSIONS,Record Type,
_MDD_JCT_CREDIBLE_CLIENT_LAB_ACCESSIONS,Record ID,Unique ID of the Record.
_MDD_JCT_CREDIBLE_CLIENT_LAB_ACCESSIONS,Order Signed Date,
_MDD_JCT_CREDIBLE_CLIENT_LAB_ACCESSIONS,Order Signed By,
_MDD_JCT_CREDIBLE_CLIENT_LAB_ACCESSIONS,Ordering Prescriber User ID,Unique ID of the Ordering Prescriber User.
_MDD_JCT_CREDIBLE_CLIENT_LAB_ACCESSIONS,Ordering Prescriber User Name First & Last w/Initial,The ordering prescriber's name.
_MDD_JCT_CREDIBLE_CLIENT_LAB_ACCESSIONS,Order Type,The order type value as shaped by this module. A source SQL comment notes that the human-readable mapping of order type code values is still pending confirmation. Human-readable order-type mappings are still pending external confirmation.
_MDD_JCT_CREDIBLE_CLIENT_LAB_ACCESSIONS,Order Status,The status of the order as shaped by this module. This status is determined by module logic using whether the order end date is missing or in the future.
_MDD_JCT_CREDIBLE_CLIENT_LAB_ACCESSIONS,Order Created Date,The date the Order record was created.
_MDD_JCT_CREDIBLE_CLIENT_LAB_ACCESSIONS,Order Updated Date,The date the Order record was last updated.
_MDD_JCT_CREDIBLE_CLIENT_LAB_ACCESSIONS,Ordering External Prescriber ID,Unique ID of the Ordering External Prescriber.
_MDD_JCT_CREDIBLE_CLIENT_LAB_ACCESSIONS,Client ID External,
_MDD_JCT_CREDIBLE_CLIENT_LAB_ACCESSIONS,Client ID Social Security Number,
_MDD_JCT_CREDIBLE_CLIENT_LAB_ACCESSIONS,Client ID Fuzzy A2,
_MDD_JCT_CREDIBLE_CLIENT_LAB_ACCESSIONS,Client ID JCT Fuzzy A0,
_MDD_JCT_CREDIBLE_CLIENT_LAB_ACCESSIONS,Client ID JCT Fuzzy A1,
_MDD_JCT_CREDIBLE_CLIENT_LAB_ACCESSIONS,Client Name First & Last,The client's name formatted as first and last.
_MDD_JCT_CREDIBLE_CLIENT_LAB_ACCESSIONS,Client Name Last & First,"The client's name formatted as last, first."
_MDD_JCT_CREDIBLE_CLIENT_LAB_ACCESSIONS,Client Name First & Last w/Initial,
_MDD_JCT_CREDIBLE_CLIENT_LAB_ACCESSIONS,Client Name First & Last w/Initial & Client ID,Unique ID of the Client Name First & Last w/Initial & Client.
_MDD_JCT_CREDIBLE_CLIENT_LAB_ACCESSIONS,Client Name Last & First w/Initial,
_MDD_JCT_CREDIBLE_CLIENT_LAB_ACCESSIONS,Client Name Last & First w/Initial & Client ID,Unique ID of the Client Name Last & First w/Initial & Client.
_MDD_JCT_CREDIBLE_CLIENT_LAB_ACCESSIONS,Client Name Middle,
_MDD_JCT_CREDIBLE_CLIENT_LAB_ACCESSIONS,Client Name First,The client's first name.
_MDD_JCT_CREDIBLE_CLIENT_LAB_ACCESSIONS,Client Name Last,The client's last name.
_MDD_JCT_CREDIBLE_CLIENT_LAB_ACCESSIONS,Client Date of Birth,The client's date of birth.
_MDD_JCT_CREDIBLE_CLIENT_LAB_ACCESSIONS,Client Date of Death,
_MDD_JCT_CREDIBLE_CLIENT_LAB_ACCESSIONS,Client Admission Date,The date the client was admitted.
_MDD_JCT_CREDIBLE_CLIENT_LAB_ACCESSIONS,Client Admission Date Fiscal Year,The fiscal year of the client admission date.
_MDD_JCT_CREDIBLE_CLIENT_LAB_ACCESSIONS,Client Discharge Date,The date the client was discharged.
_MDD_JCT_CREDIBLE_CLIENT_LAB_ACCESSIONS,Client Discharge Date Fiscal Year,The fiscal year of the client discharge date.
_MDD_JCT_CREDIBLE_CLIENT_LAB_ACCESSIONS,Client Age in Hours,
_MDD_JCT_CREDIBLE_CLIENT_LAB_ACCESSIONS,Client Age in Days,The client's age expressed in days based on date of birth.
_MDD_JCT_CREDIBLE_CLIENT_LAB_ACCESSIONS,Client Age in Months,The client's age expressed in months based on date of birth.
_MDD_JCT_CREDIBLE_CLIENT_LAB_ACCESSIONS,Client Age in Years,The client's age expressed in years based on date of birth.
_MDD_JCT_CREDIBLE_CLIENT_LAB_ACCESSIONS,Client Age In Years Old Difference,
_MDD_JCT_CREDIBLE_CLIENT_LAB_ACCESSIONS,Client Status,The client status value as recorded.
_MDD_JCT_CREDIBLE_CLIENT_LAB_ACCESSIONS,Client Status ID,Unique ID of the Client Status.
_MDD_JCT_CREDIBLE_CLIENT_LAB_ACCESSIONS,Client Is Active,Indicates whether the client is active.
_MDD_JCT_CREDIBLE_CLIENT_LAB_ACCESSIONS,Client Is Inactive,Indicates whether the client is inactive.
_MDD_JCT_CREDIBLE_CLIENT_LAB_ACCESSIONS,Client Is Pending,
_MDD_JCT_CREDIBLE_CLIENT_LAB_ACCESSIONS,Client Visibility,
_MDD_JCT_CREDIBLE_CLIENT_LAB_ACCESSIONS,Client Ethnicity 1,
_MDD_JCT_CREDIBLE_CLIENT_LAB_ACCESSIONS,Client Ethnicity 1 ID,Unique ID of the Client Ethnicity 1.
_MDD_JCT_CREDIBLE_CLIENT_LAB_ACCESSIONS,Client Ethnicity 1 Granular,
_MDD_JCT_CREDIBLE_CLIENT_LAB_ACCESSIONS,Client Ethnicity 1 Granular ID,Unique ID of the Client Ethnicity 1 Granular.
_MDD_JCT_CREDIBLE_CLIENT_LAB_ACCESSIONS,Client Race 1,
_MDD_JCT_CREDIBLE_CLIENT_LAB_ACCESSIONS,Client Race 2,
_MDD_JCT_CREDIBLE_CLIENT_LAB_ACCESSIONS,Client Race 3,
_MDD_JCT_CREDIBLE_CLIENT_LAB_ACCESSIONS,Client Race 1 ID,Unique ID of the Client Race 1.
_MDD_JCT_CREDIBLE_CLIENT_LAB_ACCESSIONS,Client Race 2 ID,Unique ID of the Client Race 2.
_MDD_JCT_CREDIBLE_CLIENT_LAB_ACCESSIONS,Client Race 3 ID,Unique ID of the Client Race 3.
_MDD_JCT_CREDIBLE_CLIENT_LAB_ACCESSIONS,Client Race Granular,
_MDD_JCT_CREDIBLE_CLIENT_LAB_ACCESSIONS,Client Race Granular ID,Unique ID of the Client Race Granular.
_MDD_JCT_CREDIBLE_CLIENT_LAB_ACCESSIONS,Client Preferred Language,
_MDD_JCT_CREDIBLE_CLIENT_LAB_ACCESSIONS,Client Preferred Language ID,Unique ID of the Client Preferred Language.
_MDD_JCT_CREDIBLE_CLIENT_LAB_ACCESSIONS,Client Sex,"The client's sex as recorded. QuickMAR does not provide separate source fields for sex and gender, so this value is sourced from the same underlying field as [Client Gender]."
_MDD_JCT_CREDIBLE_CLIENT_LAB_ACCESSIONS,Client Sex ID,Unique ID of the Client Sex.
_MDD_JCT_CREDIBLE_CLIENT_LAB_ACCESSIONS,Client Employment Status,
_MDD_JCT_CREDIBLE_CLIENT_LAB_ACCESSIONS,Client Employment Status ID,Unique ID of the Client Employment Status.
_MDD_JCT_CREDIBLE_CLIENT_LAB_ACCESSIONS,Client Gender Identity,
_MDD_JCT_CREDIBLE_CLIENT_LAB_ACCESSIONS,Client Gender Identity ID,Unique ID of the Client Gender Identity.
_MDD_JCT_CREDIBLE_CLIENT_LAB_ACCESSIONS,Client Marital Status,
_MDD_JCT_CREDIBLE_CLIENT_LAB_ACCESSIONS,Client Marital Status ID,Unique ID of the Client Marital Status.
_MDD_JCT_CREDIBLE_CLIENT_LAB_ACCESSIONS,Client Sexual Orientation,
_MDD_JCT_CREDIBLE_CLIENT_LAB_ACCESSIONS,Client Sexual Orientation ID,Unique ID of the Client Sexual Orientation.
_MDD_JCT_CREDIBLE_CLIENT_LAB_ACCESSIONS,Client Military Status,
_MDD_JCT_CREDIBLE_CLIENT_LAB_ACCESSIONS,Client Military Status ID,Unique ID of the Client Military Status.
_MDD_JCT_CREDIBLE_CLIENT_LAB_ACCESSIONS,Client Created Date,The date the Client record was created.
_MDD_JCT_CREDIBLE_CLIENT_LAB_ACCESSIONS,Client Updated Date,The date the Client record was last updated.
_MDD_JCT_CREDIBLE_CLIENT_LAB_ACCESSIONS,Client Programs,
_MDD_JCT_CREDIBLE_CLIENT_LAB_ACCESSIONS,Client Teams,
_MDD_JCT_CREDIBLE_CLIENT_LAB_ACCESSIONS,Client Referral NPI,
_MDD_JCT_CREDIBLE_CLIENT_LAB_ACCESSIONS,Client Referral NPI Link,
_MDD_JCT_CREDIBLE_CLIENT_LAB_ACCESSIONS,Client Age Group,
_MDD_JCT_CREDIBLE_CLIENT_LAB_ACCESSIONS,Client Age Group Sort Order,
_MDD_JCT_CREDIBLE_CLIENT_LAB_ACCESSIONS,Client Age In Years Old,
_MDD_JCT_CREDIBLE_CLIENT_LAB_ACCESSIONS,Client ID FA0,
_MDD_JCT_CREDIBLE_CLIENT_LAB_ACCESSIONS,Client ID FA1,
_MDD_JCT_CREDIBLE_CLIENT_LAB_ACCESSIONS,Client Link,
_MDD_JCT_CREDIBLE_CLIENT_LAB_ACCESSIONS,Client Link Schedule (1st Available),
_MDD_JCT_CREDIBLE_CLIENT_LAB_ACCESSIONS,Client Link Add Service,
_MDD_JCT_CREDIBLE_CLIENT_LAB_ACCESSIONS,Client Link Allergies,
_MDD_JCT_CREDIBLE_CLIENT_LAB_ACCESSIONS,Client Link Amendments,
_MDD_JCT_CREDIBLE_CLIENT_LAB_ACCESSIONS,Client Link Attachments,
_MDD_JCT_CREDIBLE_CLIENT_LAB_ACCESSIONS,Client Link Authorizations,
_MDD_JCT_CREDIBLE_CLIENT_LAB_ACCESSIONS,Client Link Bed Assignments,
_MDD_JCT_CREDIBLE_CLIENT_LAB_ACCESSIONS,Client Link Client Profile Extended,
_MDD_JCT_CREDIBLE_CLIENT_LAB_ACCESSIONS,Client Link Contacts,
_MDD_JCT_CREDIBLE_CLIENT_LAB_ACCESSIONS,Client Link Claims,
_MDD_JCT_CREDIBLE_CLIENT_LAB_ACCESSIONS,Client Link Links,
_MDD_JCT_CREDIBLE_CLIENT_LAB_ACCESSIONS,Client Link Clinical Support,
_MDD_JCT_CREDIBLE_CLIENT_LAB_ACCESSIONS,Client Link Tx Plan (Credible Plan),
_MDD_JCT_CREDIBLE_CLIENT_LAB_ACCESSIONS,Client Link Dashboard,
_MDD_JCT_CREDIBLE_CLIENT_LAB_ACCESSIONS,Client Link Diagnosis,
_MDD_JCT_CREDIBLE_CLIENT_LAB_ACCESSIONS,Client Link eMAR Group,
_MDD_JCT_CREDIBLE_CLIENT_LAB_ACCESSIONS,Client Link eMAR,
_MDD_JCT_CREDIBLE_CLIENT_LAB_ACCESSIONS,Client Link Employee Assignments,
_MDD_JCT_CREDIBLE_CLIENT_LAB_ACCESSIONS,Client Link Episodes,
_MDD_JCT_CREDIBLE_CLIENT_LAB_ACCESSIONS,Client Link External Providers,
_MDD_JCT_CREDIBLE_CLIENT_LAB_ACCESSIONS,Client Link Family,
_MDD_JCT_CREDIBLE_CLIENT_LAB_ACCESSIONS,Client Link Form Groups,
_MDD_JCT_CREDIBLE_CLIENT_LAB_ACCESSIONS,Client Link GeoAreeas,
_MDD_JCT_CREDIBLE_CLIENT_LAB_ACCESSIONS,Client Link Implantable Devices,
_MDD_JCT_CREDIBLE_CLIENT_LAB_ACCESSIONS,Client Link Insurance,
_MDD_JCT_CREDIBLE_CLIENT_LAB_ACCESSIONS,Client Link Ledger,
_MDD_JCT_CREDIBLE_CLIENT_LAB_ACCESSIONS,Client Link Liability,
_MDD_JCT_CREDIBLE_CLIENT_LAB_ACCESSIONS,Client Link Log,
_MDD_JCT_CREDIBLE_CLIENT_LAB_ACCESSIONS,Client Link Medical Profile,
_MDD_JCT_CREDIBLE_CLIENT_LAB_ACCESSIONS,Client Link Medications,
_MDD_JCT_CREDIBLE_CLIENT_LAB_ACCESSIONS,Client Link Notes,
_MDD_JCT_CREDIBLE_CLIENT_LAB_ACCESSIONS,Client Link Notification,
_MDD_JCT_CREDIBLE_CLIENT_LAB_ACCESSIONS,Client Link Orders,
_MDD_JCT_CREDIBLE_CLIENT_LAB_ACCESSIONS,Client Link Overview,
_MDD_JCT_CREDIBLE_CLIENT_LAB_ACCESSIONS,Client Link Payments,
_MDD_JCT_CREDIBLE_CLIENT_LAB_ACCESSIONS,Client Link Payment Plans,
_MDD_JCT_CREDIBLE_CLIENT_LAB_ACCESSIONS,Client Link Program,
_MDD_JCT_CREDIBLE_CLIENT_LAB_ACCESSIONS,Client Link Profile,
_MDD_JCT_CREDIBLE_CLIENT_LAB_ACCESSIONS,Client Link Schedule,
_MDD_JCT_CREDIBLE_CLIENT_LAB_ACCESSIONS,Client Link Service List,
_MDD_JCT_CREDIBLE_CLIENT_LAB_ACCESSIONS,Client Link Schedule Grp,
_MDD_JCT_CREDIBLE_CLIENT_LAB_ACCESSIONS,Client Link Team,
_MDD_JCT_CREDIBLE_CLIENT_LAB_ACCESSIONS,Client Link Users,
_MDD_JCT_CREDIBLE_CLIENT_LAB_ACCESSIONS,Client Link Warnings,
_MDD_JCT_CREDIBLE_CLIENT_LAB_ACCESSIONS,Client Assigned Users Active Primary Count,
_MDD_JCT_CREDIBLE_CLIENT_LAB_ACCESSIONS,Client Assigned Users Primary Count,
_MDD_JCT_CREDIBLE_CLIENT_LAB_ACCESSIONS,Client Assigned Employees Primary,
_MDD_JCT_CREDIBLE_CLIENT_LAB_ACCESSIONS,Client Assigned Users Primary,
_MDD_JCT_CREDIBLE_CLIENT_LAB_ACCESSIONS,Client Assigned Users Active Primary,
_MDD_JCT_CREDIBLE_CLIENT_LAB_ACCESSIONS,Client Address Primary ID Fuzzy A0,
_MDD_JCT_CREDIBLE_CLIENT_LAB_ACCESSIONS,Client Address Primary 1,
_MDD_JCT_CREDIBLE_CLIENT_LAB_ACCESSIONS,Client Address Primary 2,
_MDD_JCT_CREDIBLE_CLIENT_LAB_ACCESSIONS,Client Address Primary City,
_MDD_JCT_CREDIBLE_CLIENT_LAB_ACCESSIONS,Client Address Primary State,
_MDD_JCT_CREDIBLE_CLIENT_LAB_ACCESSIONS,Client Address Primary Zip,
_MDD_JCT_CREDIBLE_CLIENT_LAB_ACCESSIONS,Client Address Primary County,
_MDD_JCT_CREDIBLE_CLIENT_LAB_ACCESSIONS,Client Address Primary Country,
_MDD_JCT_CREDIBLE_CLIENT_LAB_ACCESSIONS,Client Address Billing 1,
_MDD_JCT_CREDIBLE_CLIENT_LAB_ACCESSIONS,Client Address Billing 2,
_MDD_JCT_CREDIBLE_CLIENT_LAB_ACCESSIONS,Client Address Billing City,
_MDD_JCT_CREDIBLE_CLIENT_LAB_ACCESSIONS,Client Address Billing State,
_MDD_JCT_CREDIBLE_CLIENT_LAB_ACCESSIONS,Client Address Billing Zip,
_MDD_JCT_CREDIBLE_CLIENT_LAB_ACCESSIONS,Client Address Billing County,
_MDD_JCT_CREDIBLE_CLIENT_LAB_ACCESSIONS,Client Address Billing Country,
_MDD_JCT_CREDIBLE_CLIENT_LAB_ACCESSIONS,Client Phone Home Fuzzy A0,
_MDD_JCT_CREDIBLE_CLIENT_LAB_ACCESSIONS,Client Phone Home,
_MDD_JCT_CREDIBLE_CLIENT_LAB_ACCESSIONS,Client Phone Mobile Fuzzy A0,
_MDD_JCT_CREDIBLE_CLIENT_LAB_ACCESSIONS,Client Phone Mobile,
_MDD_JCT_CREDIBLE_CLIENT_LAB_ACCESSIONS,Lab Facility ID,Unique ID of the Lab Facility.
_MDD_JCT_CREDIBLE_CLIENT_LAB_ACCESSIONS,Lab Facility Name,
_MDD_JCT_CREDIBLE_CLIENT_LAB_ACCESSIONS,Insurance Plan ID,Unique ID of the Insurance Plan.
_MDD_JCT_CREDIBLE_CLIENT_LAB_ACCESSIONS,Payer ID,Unique ID of the Payer.
_MDD_JCT_CREDIBLE_CLIENT_LAB_ACCESSIONS,Insurance Plan Start Date,
_MDD_JCT_CREDIBLE_CLIENT_LAB_ACCESSIONS,Insurance Plan End Date,
_MDD_JCT_CREDIBLE_CLIENT_LAB_ACCESSIONS,Insurance Plan Billing Order,
_MDD_JCT_CREDIBLE_CLIENT_LAB_ACCESSIONS,Insurance Plan Policy Number,
_MDD_JCT_CREDIBLE_CLIENT_LAB_ACCESSIONS,Insurance Plan Policy Name,
_MDD_JCT_CREDIBLE_CLIENT_LAB_ACCESSIONS,Insurance Plan Policy Group No,
_MDD_JCT_CREDIBLE_CLIENT_LAB_ACCESSIONS,Insurance Plan Type,
_MDD_JCT_CREDIBLE_CLIENT_LAB_ACCESSIONS,Payer Name,
_MDD_JCT_CREDIBLE_CLIENT_LAB_ACCESSIONS,Payer Is CMS,
_MDD_JCT_CREDIBLE_CLIENT_LAB_ACCESSIONS,Payer Is Medicaid,
_MDD_JCT_CREDIBLE_CLIENT_LAB_ACCESSIONS,Payer Is Medicare,
_MDD_JCT_CREDIBLE_CLIENT_LAB_ACCESSIONS,Payer Type Class Code,
_MDD_JCT_CREDIBLE_CLIENT_LAB_ACCESSIONS,Insurance Plan Status,
_MDD_JCT_CREDIBLE_CLIENT_LAB_ACCESSIONS,Insurance Plan Subscriber,
_MDD_JCT_CREDIBLE_CLIENT_LAB_ACCESSIONS,Insurance Plan Created Date,The date the Insurance Plan record was created.
_MDD_JCT_CREDIBLE_CLIENT_LAB_ACCESSIONS,Insurance Plan Updated Date,The date the Insurance Plan record was last updated.
_MDD_JCT_CREDIBLE_CLIENT_LAB_ACCESSIONS,Payer Type,
_MDD_JCT_CREDIBLE_CLIENT_LAB_ACCESSIONS,Payer Type ID,Unique ID of the Payer Type.
_MDD_JCT_CREDIBLE_CLIENT_LAB_ACCESSIONS,Payer Type Category,
_MDD_JCT_CREDIBLE_CLIENT_LAB_ACCESSIONS,Payer Type Name,
_MDD_JCT_CREDIBLE_CLIENT_LAB_ACCESSIONS,Payer Is Tricare,
_MDD_JCT_CREDIBLE_CLIENT_LAB_ACCESSIONS,Payer Is Commercial,
_MDD_JCT_CREDIBLE_CLIENT_LAB_ACCESSIONS,Payer Code,
_MDD_JCT_CREDIBLE_CLIENT_LAB_ACCESSIONS,Payer Address 1,
_MDD_JCT_CREDIBLE_CLIENT_LAB_ACCESSIONS,Payer Address 2,
_MDD_JCT_CREDIBLE_CLIENT_LAB_ACCESSIONS,Payer Address City,
_MDD_JCT_CREDIBLE_CLIENT_LAB_ACCESSIONS,Payer State,
_MDD_JCT_CREDIBLE_CLIENT_LAB_ACCESSIONS,Payer Address Zip,
_MDD_JCT_CREDIBLE_CLIENT_LAB_ACCESSIONS,Payer Address Country,
_MDD_JCT_CREDIBLE_CLIENT_LAB_ACCESSIONS,Payer Phone,
_MDD_JCT_CREDIBLE_CLIENT_LAB_ACCESSIONS,Payer Fax,
_MDD_JCT_CREDIBLE_CLIENT_LAB_ACCESSIONS,Payer Created Date,The date the Payer record was created.
_MDD_JCT_CREDIBLE_CLIENT_LAB_ACCESSIONS,Payer Created By User ID,Unique ID of the Payer Created By User.
_MDD_JCT_CREDIBLE_CLIENT_LAB_ACCESSIONS,Payer Updated Date,The date the Payer record was last updated.
_MDD_JCT_CREDIBLE_CLIENT_LAB_ACCESSIONS,Lab Order Insurance Plan ID,Unique ID of the Lab Order Insurance Plan.
_MDD_JCT_CREDIBLE_CLIENT_LAB_ACCESSIONS,Lab Order Item Facility ID,Unique ID of the Lab Order Item Facility.
_MDD_JCT_CREDIBLE_CLIENT_LAB_ACCESSIONS,Lab Order Item Facility Name,
_MDD_JCT_CREDIBLE_CLIENT_LAB_ACCESSIONS,Lab Order Item Facility Account Number,
_MDD_JCT_CREDIBLE_CLIENT_LAB_ACCESSIONS,Lab Order Item Patient Instructions,
_MDD_JCT_CREDIBLE_CLIENT_LAB_ACCESSIONS,Lab Order Item Expiration Date,
_MDD_JCT_CREDIBLE_CLIENT_LAB_ACCESSIONS,Lab Order Item Dx 1 ICD10 Code,
_MDD_JCT_CREDIBLE_CLIENT_LAB_ACCESSIONS,Lab Order Item Dx 1 Description,
_MDD_JCT_CREDIBLE_CLIENT_LAB_ACCESSIONS,Lab Order Item Dx 2 ICD10 Code,
_MDD_JCT_CREDIBLE_CLIENT_LAB_ACCESSIONS,Lab Order Item Dx 2 Description,
_MDD_JCT_CREDIBLE_CLIENT_LAB_ACCESSIONS,Lab Order Item Dx 3 ICD10 Code,
_MDD_JCT_CREDIBLE_CLIENT_LAB_ACCESSIONS,Lab Order Item Dx 3 Description,
_MDD_JCT_CREDIBLE_CLIENT_LAB_ACCESSIONS,Lab Order ID External Secondary,
_MDD_JCT_CREDIBLE_CLIENT_LAB_ACCESSIONS,Lab Insurance ID,Unique ID of the Lab Insurance.
_MDD_JCT_CREDIBLE_CLIENT_LAB_ACCESSIONS,Lab Facility Account Number,
_MDD_JCT_CREDIBLE_CLIENT_LAB_ACCESSIONS,Lab Patient Instructions,
_MDD_JCT_CREDIBLE_CLIENT_LAB_ACCESSIONS,Lab Speciman Send Date,
_MDD_JCT_CREDIBLE_CLIENT_LAB_ACCESSIONS,Order Item Date,
_MDD_JCT_CREDIBLE_CLIENT_LAB_ACCESSIONS,Order Item Status,The status recorded for the order item.
_MDD_JCT_CREDIBLE_CLIENT_LAB_ACCESSIONS,Order Item Discontinued By User ID,Unique ID of the Order Item Discontinued By User.
_MDD_JCT_CREDIBLE_CLIENT_LAB_ACCESSIONS,Order Item Discontinued Date,
_MDD_JCT_CREDIBLE_CLIENT_LAB_ACCESSIONS,Order Item End By User ID,Unique ID of the Order Item End By User.
_MDD_JCT_CREDIBLE_CLIENT_LAB_ACCESSIONS,Order Item End,
_MDD_JCT_CREDIBLE_CLIENT_LAB_ACCESSIONS,Order Item Category,
_MDD_JCT_CREDIBLE_CLIENT_LAB_ACCESSIONS,Order Item Signed Date,
_MDD_JCT_CREDIBLE_CLIENT_LAB_ACCESSIONS,Order Item Signed By,
_MDD_JCT_CREDIBLE_CLIENT_LAB_ACCESSIONS,Order Item Completed By,
_MDD_JCT_CREDIBLE_CLIENT_LAB_ACCESSIONS,Order Item Completed Date,
_MDD_JCT_CREDIBLE_CLIENT_LAB_ACCESSIONS,Order Item Reason,
_MDD_JCT_CREDIBLE_CLIENT_LAB_ACCESSIONS,Order Item Type,
_MDD_JCT_CREDIBLE_CLIENT_LAB_ACCESSIONS,Order Item Is Medication,"This is an inferred classification based on medication-like details, not an explicit structured medication flag from QuickMAR. Indicates whether the order item is considered a medication item."
_MDD_JCT_CREDIBLE_CLIENT_LAB_ACCESSIONS,Order Item Is Prescription,Indicates whether the item is treated as a prescription.
_MDD_JCT_CREDIBLE_CLIENT_LAB_ACCESSIONS,Order Item Is Lab,Indicates whether the order item is treated as a lab item. A source SQL comment notes this field is currently placeholder logic and may later be inferred from [Order Type]. This is currently a provisional placeholder because lab classification may later be inferred from [Order Type].
_MDD_JCT_CREDIBLE_CLIENT_LAB_ACCESSIONS,Medication ID,Unique ID of the Medication.
_MDD_JCT_CREDIBLE_CLIENT_LAB_ACCESSIONS,Enrollment ID,Unique ID of the Enrollment.
_MDD_JCT_CREDIBLE_CLIENT_LAB_ACCESSIONS,Order Item Acknowledged Date,
_MDD_JCT_CREDIBLE_CLIENT_LAB_ACCESSIONS,Order Item Acknowledgement,
_MDD_JCT_CREDIBLE_CLIENT_LAB_ACCESSIONS,Dx ID,Unique ID of the Dx.
_MDD_JCT_CREDIBLE_CLIENT_LAB_ACCESSIONS,Dx ICD10 Code,
_MDD_JCT_CREDIBLE_CLIENT_LAB_ACCESSIONS,Order Item Due Date,
_MDD_JCT_CREDIBLE_CLIENT_LAB_ACCESSIONS,Order Item Ordering External Prescriber ID,Unique ID of the Order Item Ordering External Prescriber.
_MDD_JCT_CREDIBLE_CLIENT_LAB_ACCESSIONS,Order Item Prescriber ID,Unique ID of the Order Item Prescriber.
_MDD_JCT_CREDIBLE_CLIENT_LAB_ACCESSIONS,Program ID,Unique ID of the Program.
_MDD_JCT_CREDIBLE_CLIENT_LAB_ACCESSIONS,Enrollment Start,
_MDD_JCT_CREDIBLE_CLIENT_LAB_ACCESSIONS,Enrollment End,
_MDD_JCT_CREDIBLE_CLIENT_LAB_ACCESSIONS,Enrollment Discharge Date,
_MDD_JCT_CREDIBLE_CLIENT_LAB_ACCESSIONS,Enrollment Admission Date,
_MDD_JCT_CREDIBLE_CLIENT_LAB_ACCESSIONS,Enrollment Status,
_MDD_JCT_CREDIBLE_CLIENT_LAB_ACCESSIONS,Enrollment Outcome,
_MDD_JCT_CREDIBLE_CLIENT_LAB_ACCESSIONS,Enrollment Outcome ID,Unique ID of the Enrollment Outcome.
_MDD_JCT_CREDIBLE_CLIENT_LAB_ACCESSIONS,Enrollment Updated Date,The date the Enrollment record was last updated.
_MDD_JCT_CREDIBLE_CLIENT_LAB_ACCESSIONS,Enrollment Created Date,The date the Enrollment record was created.
_MDD_JCT_CREDIBLE_CLIENT_LAB_ACCESSIONS,Enrollment Updated By User ID,Unique ID of the Enrollment Updated By User.
_MDD_JCT_CREDIBLE_CLIENT_LAB_ACCESSIONS,Enrollment Date First Billable,
_MDD_JCT_CREDIBLE_CLIENT_LAB_ACCESSIONS,Enrollment Date Last Billable,
_MDD_JCT_CREDIBLE_CLIENT_LAB_ACCESSIONS,Enrollment Appointment Completed Count,
_MDD_JCT_CREDIBLE_CLIENT_LAB_ACCESSIONS,Enrollment Admission Type,
_MDD_JCT_CREDIBLE_CLIENT_LAB_ACCESSIONS,Enrollment Admission Source,
_MDD_JCT_CREDIBLE_CLIENT_LAB_ACCESSIONS,Enrollment Admission Dx,
_MDD_JCT_CREDIBLE_CLIENT_LAB_ACCESSIONS,Enrollment Referral Date,
_MDD_JCT_CREDIBLE_CLIENT_LAB_ACCESSIONS,Enrollment Referral Source,
_MDD_JCT_CREDIBLE_CLIENT_LAB_ACCESSIONS,Enrollment Referral By,
_MDD_JCT_CREDIBLE_CLIENT_LAB_ACCESSIONS,Enrollment Referral Provider NPI,
_MDD_JCT_CREDIBLE_CLIENT_LAB_ACCESSIONS,Enrollment Referral Provider NPI Link,
_MDD_JCT_CREDIBLE_CLIENT_LAB_ACCESSIONS,Enrollment Referral Provider Name First,The enrollment referral provider's first name.
_MDD_JCT_CREDIBLE_CLIENT_LAB_ACCESSIONS,Enrollment Referral Provider Name Last,The enrollment referral provider's last name.
_MDD_JCT_CREDIBLE_CLIENT_LAB_ACCESSIONS,Enrollment Referral Provider Name First & Last,
_MDD_JCT_CREDIBLE_CLIENT_LAB_ACCESSIONS,Enrollment Referral Provider Name Last & First,
_MDD_JCT_CREDIBLE_CLIENT_LAB_ACCESSIONS,Enrollment Open-Closed,
_MDD_JCT_CREDIBLE_CLIENT_LAB_ACCESSIONS,Enrollment Since Open Hours,
_MDD_JCT_CREDIBLE_CLIENT_LAB_ACCESSIONS,Enrollment Since Open Days,
_MDD_JCT_CREDIBLE_CLIENT_LAB_ACCESSIONS,Enrollment Since Open Weeks,
_MDD_JCT_CREDIBLE_CLIENT_LAB_ACCESSIONS,Enrollment Since Open Months,
_MDD_JCT_CREDIBLE_CLIENT_LAB_ACCESSIONS,Enrollment Since Open Years,
_MDD_JCT_CREDIBLE_CLIENT_LAB_ACCESSIONS,Enrollment Since Close Hours,
_MDD_JCT_CREDIBLE_CLIENT_LAB_ACCESSIONS,Enrollment Since Close Days,
_MDD_JCT_CREDIBLE_CLIENT_LAB_ACCESSIONS,Enrollment Since Close Weeks,
_MDD_JCT_CREDIBLE_CLIENT_LAB_ACCESSIONS,Enrollment Since Close Months,
_MDD_JCT_CREDIBLE_CLIENT_LAB_ACCESSIONS,Enrollment Since Close Years,
_MDD_JCT_CREDIBLE_CLIENT_LAB_ACCESSIONS,Enrollment Start Fiscal Year,
_MDD_JCT_CREDIBLE_CLIENT_LAB_ACCESSIONS,Enrollment End Fiscal Year,
_MDD_JCT_CREDIBLE_CLIENT_LAB_ACCESSIONS,Enrollment LoS Hours,
_MDD_JCT_CREDIBLE_CLIENT_LAB_ACCESSIONS,Enrollment LoS Days,
_MDD_JCT_CREDIBLE_CLIENT_LAB_ACCESSIONS,Enrollment LoS Weeks,
_MDD_JCT_CREDIBLE_CLIENT_LAB_ACCESSIONS,Enrollment LoS Months,
_MDD_JCT_CREDIBLE_CLIENT_LAB_ACCESSIONS,Enrollment LoS Years,
_MDD_JCT_CREDIBLE_CLIENT_LAB_ACCESSIONS,Enrollment Sequence ASC,
_MDD_JCT_CREDIBLE_CLIENT_LAB_ACCESSIONS,Enrollment Sequence DESC,
_MDD_JCT_CREDIBLE_CLIENT_LAB_ACCESSIONS,Enrollment Link,
_MDD_JCT_CREDIBLE_CLIENT_LAB_ACCESSIONS,Enrollment Likely Error,
_MDD_JCT_CREDIBLE_CLIENT_LAB_ACCESSIONS,Program ID External,
_MDD_JCT_CREDIBLE_CLIENT_LAB_ACCESSIONS,Program Name,
_MDD_JCT_CREDIBLE_CLIENT_LAB_ACCESSIONS,Program Code,
_MDD_JCT_CREDIBLE_CLIENT_LAB_ACCESSIONS,Program Group Without Nulls,
_MDD_JCT_CREDIBLE_CLIENT_LAB_ACCESSIONS,Program Group,
_MDD_JCT_CREDIBLE_CLIENT_LAB_ACCESSIONS,Program Group > Name,
_MDD_JCT_CREDIBLE_CLIENT_LAB_ACCESSIONS,Program Is Residential,
_MDD_JCT_CREDIBLE_CLIENT_LAB_ACCESSIONS,Program Tx Setting,
_MDD_JCT_CREDIBLE_CLIENT_LAB_ACCESSIONS,Program Revenue Code,
_MDD_JCT_CREDIBLE_CLIENT_LAB_ACCESSIONS,Program Created Date,The date the Program record was created.
_MDD_JCT_CREDIBLE_CLIENT_LAB_ACCESSIONS,Program Created Date Fiscal Year,
_MDD_JCT_CREDIBLE_CLIENT_LAB_ACCESSIONS,Program Created By Employee ID,Unique ID of the Program Created By Employee.
_MDD_JCT_CREDIBLE_CLIENT_LAB_ACCESSIONS,Program Updated Date,The date the Program record was last updated.
_MDD_JCT_CREDIBLE_CLIENT_LAB_ACCESSIONS,Program Updated Date Fiscal Year,
_MDD_JCT_CREDIBLE_CLIENT_LAB_ACCESSIONS,Program Updated By Employee ID,Unique ID of the Program Updated By Employee.
_MDD_JCT_CREDIBLE_CLIENT_LAB_ACCESSIONS,Program Active Episode Count,Count of active program episodes carried onto the lab accession row from related program context. This field is supplemental for lab analysis and is not a preferred primary measure for overall program census compared with Appointments or Enrollments.
_MDD_JCT_CREDIBLE_CLIENT_LAB_ACCESSIONS,Program Active Client Assignment Count,
_MDD_JCT_CREDIBLE_CLIENT_LAB_ACCESSIONS,Program Active Client Assignment Primary Count,
_MDD_JCT_CREDIBLE_CLIENT_LAB_ACCESSIONS,Medication ID RxNorm,
_MDD_JCT_CREDIBLE_CLIENT_LAB_ACCESSIONS,Medication ID National Drug Code,This NDC value can be linked to external NDC reference datasets for medication enrichment. The ndc recorded for the medication.
_MDD_JCT_CREDIBLE_CLIENT_LAB_ACCESSIONS,Med ID First Databank ID,Unique ID of the Med ID First Databank.
_MDD_JCT_CREDIBLE_CLIENT_LAB_ACCESSIONS,Medication Instructions Frequency Freetext,
_MDD_JCT_CREDIBLE_CLIENT_LAB_ACCESSIONS,Medication Instructions Dose,
_MDD_JCT_CREDIBLE_CLIENT_LAB_ACCESSIONS,Medication Dose Action,
_MDD_JCT_CREDIBLE_CLIENT_LAB_ACCESSIONS,Medication Instructions Freetext,
_MDD_JCT_CREDIBLE_CLIENT_LAB_ACCESSIONS,Medication Instructions Route,
_MDD_JCT_CREDIBLE_CLIENT_LAB_ACCESSIONS,Medication Instructions Route Per,
_MDD_JCT_CREDIBLE_CLIENT_LAB_ACCESSIONS,Medication Instructions Route Time,
_MDD_JCT_CREDIBLE_CLIENT_LAB_ACCESSIONS,Medication Instructions Combined,
_MDD_JCT_CREDIBLE_CLIENT_LAB_ACCESSIONS,Medication Instructions Rx,
_MDD_JCT_CREDIBLE_CLIENT_LAB_ACCESSIONS,Medication Strength,This is a best-effort parsed strength value and may not be fully accurate in all cases. The medication strength in a cleaned-up form.
_MDD_JCT_CREDIBLE_CLIENT_LAB_ACCESSIONS,Medication Strength Unit,This is a best-effort parsed unit value and may not be fully accurate in all cases. The unit parsed from the strength text.
_MDD_JCT_CREDIBLE_CLIENT_LAB_ACCESSIONS,Medication Status,
_MDD_JCT_CREDIBLE_CLIENT_LAB_ACCESSIONS,Medication Rx Refills,
_MDD_JCT_CREDIBLE_CLIENT_LAB_ACCESSIONS,Medication Rx Days Supply,
_MDD_JCT_CREDIBLE_CLIENT_LAB_ACCESSIONS,Medication Instruction Dose Qty,
_MDD_JCT_CREDIBLE_CLIENT_LAB_ACCESSIONS,Medication ICD10 Code,
_MDD_JCT_CREDIBLE_CLIENT_LAB_ACCESSIONS,Medication Schedule,
_MDD_JCT_CREDIBLE_CLIENT_LAB_ACCESSIONS,Medication Classification,
_MDD_JCT_CREDIBLE_CLIENT_LAB_ACCESSIONS,Medication Name,
_MDD_JCT_CREDIBLE_CLIENT_LAB_ACCESSIONS,Medication Date Started,
_MDD_JCT_CREDIBLE_CLIENT_LAB_ACCESSIONS,Medication Date Discontinued,
_MDD_JCT_CREDIBLE_CLIENT_LAB_ACCESSIONS,Medication Start,
_MDD_JCT_CREDIBLE_CLIENT_LAB_ACCESSIONS,Medication End,
_MDD_JCT_CREDIBLE_CLIENT_LAB_ACCESSIONS,Medication Date Changed,
_MDD_JCT_CREDIBLE_CLIENT_LAB_ACCESSIONS,Medication Reason,
_MDD_JCT_CREDIBLE_CLIENT_LAB_ACCESSIONS,Medication Prescription Status,
_MDD_JCT_CREDIBLE_CLIENT_LAB_ACCESSIONS,Medication Supervised By,
_MDD_JCT_CREDIBLE_CLIENT_LAB_ACCESSIONS,Medication Supervised By User ID,Unique ID of the Medication Supervised By User.
_MDD_JCT_CREDIBLE_CLIENT_LAB_ACCESSIONS,Medication Created By,
_MDD_JCT_CREDIBLE_CLIENT_LAB_ACCESSIONS,Medication Created By User ID,Unique ID of the Medication Created By User.
_MDD_JCT_CREDIBLE_CLIENT_LAB_ACCESSIONS,Medication Created Date,The date the Medication record was created.
_MDD_JCT_CREDIBLE_CLIENT_LAB_ACCESSIONS,Medication Updated Date,The date the Medication record was last updated.
_MDD_JCT_CREDIBLE_CLIENT_LAB_ACCESSIONS,Appointment ID,Unique ID of the Appointment.
_MDD_JCT_CREDIBLE_CLIENT_LAB_ACCESSIONS,Medication Order Status,
_MDD_JCT_CREDIBLE_CLIENT_LAB_ACCESSIONS,Medication Link NLM RxNav,
_MDD_JCT_CREDIBLE_CLIENT_LAB_FACILITIES,Lab Facility ID,Unique ID of the Lab Facility.
_MDD_JCT_CREDIBLE_CLIENT_LAB_FACILITIES,Lab Facility Name,
_MDD_JCT_CREDIBLE_CLIENT_LAB_FACILITIES_ACCOUNTS,Lab Facility ID,Unique ID of the Lab Facility.
_MDD_JCT_CREDIBLE_CLIENT_LAB_FACILITIES_ACCOUNTS,Lab Facility Name,
_MDD_JCT_CREDIBLE_CLIENT_LAB_FACILITIES_ACCOUNTS,Lab Facility Account Number,
_MDD_JCT_CREDIBLE_CLIENT_LAB_TESTS,Lab Test ID,Unique ID of the Lab Test.
_MDD_JCT_CREDIBLE_CLIENT_LAB_TESTS,Lab Accession ID,Unique ID of the Lab Accession.
_MDD_JCT_CREDIBLE_CLIENT_LAB_TESTS,Client ID,Unique ID of the Client.
_MDD_JCT_CREDIBLE_CLIENT_LAB_TESTS,Order ID,Unique ID of the Order.
_MDD_JCT_CREDIBLE_CLIENT_LAB_TESTS,Order Item ID,Unique ID of the Order Item.
_MDD_JCT_CREDIBLE_CLIENT_LAB_TESTS,Lab Order ID,Unique ID of the Lab Order.
_MDD_JCT_CREDIBLE_CLIENT_LAB_TESTS,Lab Order Item ID,Unique ID of the Lab Order Item.
_MDD_JCT_CREDIBLE_CLIENT_LAB_TESTS,Lab Test Type ID,Unique ID of the Lab Test Type.
_MDD_JCT_CREDIBLE_CLIENT_LAB_TESTS,Lab Test Sample Collection Date,
_MDD_JCT_CREDIBLE_CLIENT_LAB_TESTS,Lab Test Sample Volume,
_MDD_JCT_CREDIBLE_CLIENT_LAB_TESTS,Lab Test Sample Condition,
_MDD_JCT_CREDIBLE_CLIENT_LAB_TESTS,Lab Test Sample Received Date,
_MDD_JCT_CREDIBLE_CLIENT_LAB_TESTS,Lab Test Result Date,
_MDD_JCT_CREDIBLE_CLIENT_LAB_TESTS,Lab Test Type Code,
_MDD_JCT_CREDIBLE_CLIENT_LAB_TESTS,Lab Test Type Name,
_MDD_JCT_CREDIBLE_CLIENT_LAB_TESTS,Lab Test Created Date,The date the Lab Test record was created.
_MDD_JCT_CREDIBLE_CLIENT_LAB_TESTS,Lab Test Updated Date,The date the Lab Test record was last updated.
_MDD_JCT_CREDIBLE_CLIENT_LAB_TESTS,Record Type,
_MDD_JCT_CREDIBLE_CLIENT_LAB_TESTS,Record ID,Unique ID of the Record.
_MDD_JCT_CREDIBLE_CLIENT_LAB_TESTS,Lab Order ID External,
_MDD_JCT_CREDIBLE_CLIENT_LAB_TESTS,Lab Accession ID External,
_MDD_JCT_CREDIBLE_CLIENT_LAB_TESTS,Ordering User ID,Unique ID of the Ordering User.
_MDD_JCT_CREDIBLE_CLIENT_LAB_TESTS,Lab Accession Collection Date,
_MDD_JCT_CREDIBLE_CLIENT_LAB_TESTS,Lab Result Received Date,
_MDD_JCT_CREDIBLE_CLIENT_LAB_TESTS,Lab Accession Created Date,The date the Lab Accession record was created.
_MDD_JCT_CREDIBLE_CLIENT_LAB_TESTS,Lab Accession Updated Date,The date the Lab Accession record was last updated.
_MDD_JCT_CREDIBLE_CLIENT_LAB_TESTS,Order Signed Date,
_MDD_JCT_CREDIBLE_CLIENT_LAB_TESTS,Order Signed By,
_MDD_JCT_CREDIBLE_CLIENT_LAB_TESTS,Ordering Prescriber User ID,Unique ID of the Ordering Prescriber User.
_MDD_JCT_CREDIBLE_CLIENT_LAB_TESTS,Ordering Prescriber User Name First & Last w/Initial,The ordering prescriber's name.
_MDD_JCT_CREDIBLE_CLIENT_LAB_TESTS,Order Type,The order type value as shaped by this module. A source SQL comment notes that the human-readable mapping of order type code values is still pending confirmation. Human-readable order-type mappings are still pending external confirmation.
_MDD_JCT_CREDIBLE_CLIENT_LAB_TESTS,Order Status,The status of the order as shaped by this module. This status is determined by module logic using whether the order end date is missing or in the future.
_MDD_JCT_CREDIBLE_CLIENT_LAB_TESTS,Order Created Date,The date the Order record was created.
_MDD_JCT_CREDIBLE_CLIENT_LAB_TESTS,Order Updated Date,The date the Order record was last updated.
_MDD_JCT_CREDIBLE_CLIENT_LAB_TESTS,Ordering External Prescriber ID,Unique ID of the Ordering External Prescriber.
_MDD_JCT_CREDIBLE_CLIENT_LAB_TESTS,Client ID External,
_MDD_JCT_CREDIBLE_CLIENT_LAB_TESTS,Client ID Social Security Number,
_MDD_JCT_CREDIBLE_CLIENT_LAB_TESTS,Client ID Fuzzy A2,
_MDD_JCT_CREDIBLE_CLIENT_LAB_TESTS,Client ID JCT Fuzzy A0,
_MDD_JCT_CREDIBLE_CLIENT_LAB_TESTS,Client ID JCT Fuzzy A1,
_MDD_JCT_CREDIBLE_CLIENT_LAB_TESTS,Client Name First & Last,The client's name formatted as first and last.
_MDD_JCT_CREDIBLE_CLIENT_LAB_TESTS,Client Name Last & First,"The client's name formatted as last, first."
_MDD_JCT_CREDIBLE_CLIENT_LAB_TESTS,Client Name First & Last w/Initial,
_MDD_JCT_CREDIBLE_CLIENT_LAB_TESTS,Client Name First & Last w/Initial & Client ID,Unique ID of the Client Name First & Last w/Initial & Client.
_MDD_JCT_CREDIBLE_CLIENT_LAB_TESTS,Client Name Last & First w/Initial,
_MDD_JCT_CREDIBLE_CLIENT_LAB_TESTS,Client Name Last & First w/Initial & Client ID,Unique ID of the Client Name Last & First w/Initial & Client.
_MDD_JCT_CREDIBLE_CLIENT_LAB_TESTS,Client Name Middle,
_MDD_JCT_CREDIBLE_CLIENT_LAB_TESTS,Client Name First,The client's first name.
_MDD_JCT_CREDIBLE_CLIENT_LAB_TESTS,Client Name Last,The client's last name.
_MDD_JCT_CREDIBLE_CLIENT_LAB_TESTS,Client Date of Birth,The client's date of birth.
_MDD_JCT_CREDIBLE_CLIENT_LAB_TESTS,Client Date of Death,
_MDD_JCT_CREDIBLE_CLIENT_LAB_TESTS,Client Admission Date,The date the client was admitted.
_MDD_JCT_CREDIBLE_CLIENT_LAB_TESTS,Client Admission Date Fiscal Year,The fiscal year of the client admission date.
_MDD_JCT_CREDIBLE_CLIENT_LAB_TESTS,Client Discharge Date,The date the client was discharged.
_MDD_JCT_CREDIBLE_CLIENT_LAB_TESTS,Client Discharge Date Fiscal Year,The fiscal year of the client discharge date.
_MDD_JCT_CREDIBLE_CLIENT_LAB_TESTS,Client Age in Hours,
_MDD_JCT_CREDIBLE_CLIENT_LAB_TESTS,Client Age in Days,The client's age expressed in days based on date of birth.
_MDD_JCT_CREDIBLE_CLIENT_LAB_TESTS,Client Age in Months,The client's age expressed in months based on date of birth.
_MDD_JCT_CREDIBLE_CLIENT_LAB_TESTS,Client Age in Years,The client's age expressed in years based on date of birth.
_MDD_JCT_CREDIBLE_CLIENT_LAB_TESTS,Client Age In Years Old Difference,
_MDD_JCT_CREDIBLE_CLIENT_LAB_TESTS,Client Status,The client status value as recorded.
_MDD_JCT_CREDIBLE_CLIENT_LAB_TESTS,Client Status ID,Unique ID of the Client Status.
_MDD_JCT_CREDIBLE_CLIENT_LAB_TESTS,Client Is Active,Indicates whether the client is active.
_MDD_JCT_CREDIBLE_CLIENT_LAB_TESTS,Client Is Inactive,Indicates whether the client is inactive.
_MDD_JCT_CREDIBLE_CLIENT_LAB_TESTS,Client Is Pending,
_MDD_JCT_CREDIBLE_CLIENT_LAB_TESTS,Client Visibility,
_MDD_JCT_CREDIBLE_CLIENT_LAB_TESTS,Client Ethnicity 1,
_MDD_JCT_CREDIBLE_CLIENT_LAB_TESTS,Client Ethnicity 1 ID,Unique ID of the Client Ethnicity 1.
_MDD_JCT_CREDIBLE_CLIENT_LAB_TESTS,Client Ethnicity 1 Granular,
_MDD_JCT_CREDIBLE_CLIENT_LAB_TESTS,Client Ethnicity 1 Granular ID,Unique ID of the Client Ethnicity 1 Granular.
_MDD_JCT_CREDIBLE_CLIENT_LAB_TESTS,Client Race 1,
_MDD_JCT_CREDIBLE_CLIENT_LAB_TESTS,Client Race 2,
_MDD_JCT_CREDIBLE_CLIENT_LAB_TESTS,Client Race 3,
_MDD_JCT_CREDIBLE_CLIENT_LAB_TESTS,Client Race 1 ID,Unique ID of the Client Race 1.
_MDD_JCT_CREDIBLE_CLIENT_LAB_TESTS,Client Race 2 ID,Unique ID of the Client Race 2.
_MDD_JCT_CREDIBLE_CLIENT_LAB_TESTS,Client Race 3 ID,Unique ID of the Client Race 3.
_MDD_JCT_CREDIBLE_CLIENT_LAB_TESTS,Client Race Granular,
_MDD_JCT_CREDIBLE_CLIENT_LAB_TESTS,Client Race Granular ID,Unique ID of the Client Race Granular.
_MDD_JCT_CREDIBLE_CLIENT_LAB_TESTS,Client Preferred Language,
_MDD_JCT_CREDIBLE_CLIENT_LAB_TESTS,Client Preferred Language ID,Unique ID of the Client Preferred Language.
_MDD_JCT_CREDIBLE_CLIENT_LAB_TESTS,Client Sex,"The client's sex as recorded. QuickMAR does not provide separate source fields for sex and gender, so this value is sourced from the same underlying field as [Client Gender]."
_MDD_JCT_CREDIBLE_CLIENT_LAB_TESTS,Client Sex ID,Unique ID of the Client Sex.
_MDD_JCT_CREDIBLE_CLIENT_LAB_TESTS,Client Employment Status,
_MDD_JCT_CREDIBLE_CLIENT_LAB_TESTS,Client Employment Status ID,Unique ID of the Client Employment Status.
_MDD_JCT_CREDIBLE_CLIENT_LAB_TESTS,Client Gender Identity,
_MDD_JCT_CREDIBLE_CLIENT_LAB_TESTS,Client Gender Identity ID,Unique ID of the Client Gender Identity.
_MDD_JCT_CREDIBLE_CLIENT_LAB_TESTS,Client Marital Status,
_MDD_JCT_CREDIBLE_CLIENT_LAB_TESTS,Client Marital Status ID,Unique ID of the Client Marital Status.
_MDD_JCT_CREDIBLE_CLIENT_LAB_TESTS,Client Sexual Orientation,
_MDD_JCT_CREDIBLE_CLIENT_LAB_TESTS,Client Sexual Orientation ID,Unique ID of the Client Sexual Orientation.
_MDD_JCT_CREDIBLE_CLIENT_LAB_TESTS,Client Military Status,
_MDD_JCT_CREDIBLE_CLIENT_LAB_TESTS,Client Military Status ID,Unique ID of the Client Military Status.
_MDD_JCT_CREDIBLE_CLIENT_LAB_TESTS,Client Created Date,The date the Client record was created.
_MDD_JCT_CREDIBLE_CLIENT_LAB_TESTS,Client Updated Date,The date the Client record was last updated.
_MDD_JCT_CREDIBLE_CLIENT_LAB_TESTS,Client Programs,
_MDD_JCT_CREDIBLE_CLIENT_LAB_TESTS,Client Teams,
_MDD_JCT_CREDIBLE_CLIENT_LAB_TESTS,Client Referral NPI,
_MDD_JCT_CREDIBLE_CLIENT_LAB_TESTS,Client Referral NPI Link,
_MDD_JCT_CREDIBLE_CLIENT_LAB_TESTS,Client Age Group,
_MDD_JCT_CREDIBLE_CLIENT_LAB_TESTS,Client Age Group Sort Order,
_MDD_JCT_CREDIBLE_CLIENT_LAB_TESTS,Client Age In Years Old,
_MDD_JCT_CREDIBLE_CLIENT_LAB_TESTS,Client ID FA0,
_MDD_JCT_CREDIBLE_CLIENT_LAB_TESTS,Client ID FA1,
_MDD_JCT_CREDIBLE_CLIENT_LAB_TESTS,Client Link,
_MDD_JCT_CREDIBLE_CLIENT_LAB_TESTS,Client Link Schedule (1st Available),
_MDD_JCT_CREDIBLE_CLIENT_LAB_TESTS,Client Link Add Service,
_MDD_JCT_CREDIBLE_CLIENT_LAB_TESTS,Client Link Allergies,
_MDD_JCT_CREDIBLE_CLIENT_LAB_TESTS,Client Link Amendments,
_MDD_JCT_CREDIBLE_CLIENT_LAB_TESTS,Client Link Attachments,
_MDD_JCT_CREDIBLE_CLIENT_LAB_TESTS,Client Link Authorizations,
_MDD_JCT_CREDIBLE_CLIENT_LAB_TESTS,Client Link Bed Assignments,
_MDD_JCT_CREDIBLE_CLIENT_LAB_TESTS,Client Link Client Profile Extended,
_MDD_JCT_CREDIBLE_CLIENT_LAB_TESTS,Client Link Contacts,
_MDD_JCT_CREDIBLE_CLIENT_LAB_TESTS,Client Link Claims,
_MDD_JCT_CREDIBLE_CLIENT_LAB_TESTS,Client Link Links,
_MDD_JCT_CREDIBLE_CLIENT_LAB_TESTS,Client Link Clinical Support,
_MDD_JCT_CREDIBLE_CLIENT_LAB_TESTS,Client Link Tx Plan (Credible Plan),
_MDD_JCT_CREDIBLE_CLIENT_LAB_TESTS,Client Link Dashboard,
_MDD_JCT_CREDIBLE_CLIENT_LAB_TESTS,Client Link Diagnosis,
_MDD_JCT_CREDIBLE_CLIENT_LAB_TESTS,Client Link eMAR Group,
_MDD_JCT_CREDIBLE_CLIENT_LAB_TESTS,Client Link eMAR,
_MDD_JCT_CREDIBLE_CLIENT_LAB_TESTS,Client Link Employee Assignments,
_MDD_JCT_CREDIBLE_CLIENT_LAB_TESTS,Client Link Episodes,
_MDD_JCT_CREDIBLE_CLIENT_LAB_TESTS,Client Link External Providers,
_MDD_JCT_CREDIBLE_CLIENT_LAB_TESTS,Client Link Family,
_MDD_JCT_CREDIBLE_CLIENT_LAB_TESTS,Client Link Form Groups,
_MDD_JCT_CREDIBLE_CLIENT_LAB_TESTS,Client Link GeoAreeas,
_MDD_JCT_CREDIBLE_CLIENT_LAB_TESTS,Client Link Implantable Devices,
_MDD_JCT_CREDIBLE_CLIENT_LAB_TESTS,Client Link Insurance,
_MDD_JCT_CREDIBLE_CLIENT_LAB_TESTS,Client Link Ledger,
_MDD_JCT_CREDIBLE_CLIENT_LAB_TESTS,Client Link Liability,
_MDD_JCT_CREDIBLE_CLIENT_LAB_TESTS,Client Link Log,
_MDD_JCT_CREDIBLE_CLIENT_LAB_TESTS,Client Link Medical Profile,
_MDD_JCT_CREDIBLE_CLIENT_LAB_TESTS,Client Link Medications,
_MDD_JCT_CREDIBLE_CLIENT_LAB_TESTS,Client Link Notes,
_MDD_JCT_CREDIBLE_CLIENT_LAB_TESTS,Client Link Notification,
_MDD_JCT_CREDIBLE_CLIENT_LAB_TESTS,Client Link Orders,
_MDD_JCT_CREDIBLE_CLIENT_LAB_TESTS,Client Link Overview,
_MDD_JCT_CREDIBLE_CLIENT_LAB_TESTS,Client Link Payments,
_MDD_JCT_CREDIBLE_CLIENT_LAB_TESTS,Client Link Payment Plans,
_MDD_JCT_CREDIBLE_CLIENT_LAB_TESTS,Client Link Program,
_MDD_JCT_CREDIBLE_CLIENT_LAB_TESTS,Client Link Profile,
_MDD_JCT_CREDIBLE_CLIENT_LAB_TESTS,Client Link Schedule,
_MDD_JCT_CREDIBLE_CLIENT_LAB_TESTS,Client Link Service List,
_MDD_JCT_CREDIBLE_CLIENT_LAB_TESTS,Client Link Schedule Grp,
_MDD_JCT_CREDIBLE_CLIENT_LAB_TESTS,Client Link Team,
_MDD_JCT_CREDIBLE_CLIENT_LAB_TESTS,Client Link Users,
_MDD_JCT_CREDIBLE_CLIENT_LAB_TESTS,Client Link Warnings,
_MDD_JCT_CREDIBLE_CLIENT_LAB_TESTS,Client Assigned Users Active Primary Count,
_MDD_JCT_CREDIBLE_CLIENT_LAB_TESTS,Client Assigned Users Primary Count,
_MDD_JCT_CREDIBLE_CLIENT_LAB_TESTS,Client Assigned Employees Primary,
_MDD_JCT_CREDIBLE_CLIENT_LAB_TESTS,Client Assigned Users Primary,
_MDD_JCT_CREDIBLE_CLIENT_LAB_TESTS,Client Assigned Users Active Primary,
_MDD_JCT_CREDIBLE_CLIENT_LAB_TESTS,Client Address Primary ID Fuzzy A0,
_MDD_JCT_CREDIBLE_CLIENT_LAB_TESTS,Client Address Primary 1,
_MDD_JCT_CREDIBLE_CLIENT_LAB_TESTS,Client Address Primary 2,
_MDD_JCT_CREDIBLE_CLIENT_LAB_TESTS,Client Address Primary City,
_MDD_JCT_CREDIBLE_CLIENT_LAB_TESTS,Client Address Primary State,
_MDD_JCT_CREDIBLE_CLIENT_LAB_TESTS,Client Address Primary Zip,
_MDD_JCT_CREDIBLE_CLIENT_LAB_TESTS,Client Address Primary County,
_MDD_JCT_CREDIBLE_CLIENT_LAB_TESTS,Client Address Primary Country,
_MDD_JCT_CREDIBLE_CLIENT_LAB_TESTS,Client Address Billing 1,
_MDD_JCT_CREDIBLE_CLIENT_LAB_TESTS,Client Address Billing 2,
_MDD_JCT_CREDIBLE_CLIENT_LAB_TESTS,Client Address Billing City,
_MDD_JCT_CREDIBLE_CLIENT_LAB_TESTS,Client Address Billing State,
_MDD_JCT_CREDIBLE_CLIENT_LAB_TESTS,Client Address Billing Zip,
_MDD_JCT_CREDIBLE_CLIENT_LAB_TESTS,Client Address Billing County,
_MDD_JCT_CREDIBLE_CLIENT_LAB_TESTS,Client Address Billing Country,
_MDD_JCT_CREDIBLE_CLIENT_LAB_TESTS,Client Phone Home Fuzzy A0,
_MDD_JCT_CREDIBLE_CLIENT_LAB_TESTS,Client Phone Home,
_MDD_JCT_CREDIBLE_CLIENT_LAB_TESTS,Client Phone Mobile Fuzzy A0,
_MDD_JCT_CREDIBLE_CLIENT_LAB_TESTS,Client Phone Mobile,
_MDD_JCT_CREDIBLE_CLIENT_LAB_TESTS,Lab Facility ID,Unique ID of the Lab Facility.
_MDD_JCT_CREDIBLE_CLIENT_LAB_TESTS,Lab Facility Name,
_MDD_JCT_CREDIBLE_CLIENT_LAB_TESTS,Insurance Plan ID,Unique ID of the Insurance Plan.
_MDD_JCT_CREDIBLE_CLIENT_LAB_TESTS,Payer ID,Unique ID of the Payer.
_MDD_JCT_CREDIBLE_CLIENT_LAB_TESTS,Insurance Plan Start Date,
_MDD_JCT_CREDIBLE_CLIENT_LAB_TESTS,Insurance Plan End Date,
_MDD_JCT_CREDIBLE_CLIENT_LAB_TESTS,Insurance Plan Billing Order,
_MDD_JCT_CREDIBLE_CLIENT_LAB_TESTS,Insurance Plan Policy Number,
_MDD_JCT_CREDIBLE_CLIENT_LAB_TESTS,Insurance Plan Policy Name,
_MDD_JCT_CREDIBLE_CLIENT_LAB_TESTS,Insurance Plan Policy Group No,
_MDD_JCT_CREDIBLE_CLIENT_LAB_TESTS,Insurance Plan Type,
_MDD_JCT_CREDIBLE_CLIENT_LAB_TESTS,Payer Name,
_MDD_JCT_CREDIBLE_CLIENT_LAB_TESTS,Payer Is CMS,
_MDD_JCT_CREDIBLE_CLIENT_LAB_TESTS,Payer Is Medicaid,
_MDD_JCT_CREDIBLE_CLIENT_LAB_TESTS,Payer Is Medicare,
_MDD_JCT_CREDIBLE_CLIENT_LAB_TESTS,Payer Type Class Code,
_MDD_JCT_CREDIBLE_CLIENT_LAB_TESTS,Insurance Plan Status,
_MDD_JCT_CREDIBLE_CLIENT_LAB_TESTS,Insurance Plan Subscriber,
_MDD_JCT_CREDIBLE_CLIENT_LAB_TESTS,Insurance Plan Created Date,The date the Insurance Plan record was created.
_MDD_JCT_CREDIBLE_CLIENT_LAB_TESTS,Insurance Plan Updated Date,The date the Insurance Plan record was last updated.
_MDD_JCT_CREDIBLE_CLIENT_LAB_TESTS,Payer Type,
_MDD_JCT_CREDIBLE_CLIENT_LAB_TESTS,Payer Type ID,Unique ID of the Payer Type.
_MDD_JCT_CREDIBLE_CLIENT_LAB_TESTS,Payer Type Category,
_MDD_JCT_CREDIBLE_CLIENT_LAB_TESTS,Payer Type Name,
_MDD_JCT_CREDIBLE_CLIENT_LAB_TESTS,Payer Is Tricare,
_MDD_JCT_CREDIBLE_CLIENT_LAB_TESTS,Payer Is Commercial,
_MDD_JCT_CREDIBLE_CLIENT_LAB_TESTS,Payer Code,
_MDD_JCT_CREDIBLE_CLIENT_LAB_TESTS,Payer Address 1,
_MDD_JCT_CREDIBLE_CLIENT_LAB_TESTS,Payer Address 2,
_MDD_JCT_CREDIBLE_CLIENT_LAB_TESTS,Payer Address City,
_MDD_JCT_CREDIBLE_CLIENT_LAB_TESTS,Payer State,
_MDD_JCT_CREDIBLE_CLIENT_LAB_TESTS,Payer Address Zip,
_MDD_JCT_CREDIBLE_CLIENT_LAB_TESTS,Payer Address Country,
_MDD_JCT_CREDIBLE_CLIENT_LAB_TESTS,Payer Phone,
_MDD_JCT_CREDIBLE_CLIENT_LAB_TESTS,Payer Fax,
_MDD_JCT_CREDIBLE_CLIENT_LAB_TESTS,Payer Created Date,The date the Payer record was created.
_MDD_JCT_CREDIBLE_CLIENT_LAB_TESTS,Payer Created By User ID,Unique ID of the Payer Created By User.
_MDD_JCT_CREDIBLE_CLIENT_LAB_TESTS,Payer Updated Date,The date the Payer record was last updated.
_MDD_JCT_CREDIBLE_CLIENT_LAB_TESTS,Lab Order Insurance Plan ID,Unique ID of the Lab Order Insurance Plan.
_MDD_JCT_CREDIBLE_CLIENT_LAB_TESTS,Lab Order Item Facility ID,Unique ID of the Lab Order Item Facility.
_MDD_JCT_CREDIBLE_CLIENT_LAB_TESTS,Lab Order Item Facility Name,
_MDD_JCT_CREDIBLE_CLIENT_LAB_TESTS,Lab Order Item Facility Account Number,
_MDD_JCT_CREDIBLE_CLIENT_LAB_TESTS,Lab Order Item Patient Instructions,
_MDD_JCT_CREDIBLE_CLIENT_LAB_TESTS,Lab Order Item Expiration Date,
_MDD_JCT_CREDIBLE_CLIENT_LAB_TESTS,Lab Order Item Dx 1 ICD10 Code,
_MDD_JCT_CREDIBLE_CLIENT_LAB_TESTS,Lab Order Item Dx 1 Description,
_MDD_JCT_CREDIBLE_CLIENT_LAB_TESTS,Lab Order Item Dx 2 ICD10 Code,
_MDD_JCT_CREDIBLE_CLIENT_LAB_TESTS,Lab Order Item Dx 2 Description,
_MDD_JCT_CREDIBLE_CLIENT_LAB_TESTS,Lab Order Item Dx 3 ICD10 Code,
_MDD_JCT_CREDIBLE_CLIENT_LAB_TESTS,Lab Order Item Dx 3 Description,
_MDD_JCT_CREDIBLE_CLIENT_LAB_TESTS,Lab Order ID External Secondary,
_MDD_JCT_CREDIBLE_CLIENT_LAB_TESTS,Lab Insurance ID,Unique ID of the Lab Insurance.
_MDD_JCT_CREDIBLE_CLIENT_LAB_TESTS,Lab Facility Account Number,
_MDD_JCT_CREDIBLE_CLIENT_LAB_TESTS,Lab Patient Instructions,
_MDD_JCT_CREDIBLE_CLIENT_LAB_TESTS,Lab Speciman Send Date,
_MDD_JCT_CREDIBLE_CLIENT_LAB_TESTS,Order Item Date,
_MDD_JCT_CREDIBLE_CLIENT_LAB_TESTS,Order Item Status,The status recorded for the order item.
_MDD_JCT_CREDIBLE_CLIENT_LAB_TESTS,Order Item Discontinued By User ID,Unique ID of the Order Item Discontinued By User.
_MDD_JCT_CREDIBLE_CLIENT_LAB_TESTS,Order Item Discontinued Date,
_MDD_JCT_CREDIBLE_CLIENT_LAB_TESTS,Order Item End By User ID,Unique ID of the Order Item End By User.
_MDD_JCT_CREDIBLE_CLIENT_LAB_TESTS,Order Item End,
_MDD_JCT_CREDIBLE_CLIENT_LAB_TESTS,Order Item Category,
_MDD_JCT_CREDIBLE_CLIENT_LAB_TESTS,Order Item Signed Date,
_MDD_JCT_CREDIBLE_CLIENT_LAB_TESTS,Order Item Signed By,
_MDD_JCT_CREDIBLE_CLIENT_LAB_TESTS,Order Item Completed By,
_MDD_JCT_CREDIBLE_CLIENT_LAB_TESTS,Order Item Completed Date,
_MDD_JCT_CREDIBLE_CLIENT_LAB_TESTS,Order Item Reason,
_MDD_JCT_CREDIBLE_CLIENT_LAB_TESTS,Order Item Type,
_MDD_JCT_CREDIBLE_CLIENT_LAB_TESTS,Order Item Is Medication,"This is an inferred classification based on medication-like details, not an explicit structured medication flag from QuickMAR. Indicates whether the order item is considered a medication item."
_MDD_JCT_CREDIBLE_CLIENT_LAB_TESTS,Order Item Is Prescription,Indicates whether the item is treated as a prescription.
_MDD_JCT_CREDIBLE_CLIENT_LAB_TESTS,Order Item Is Lab,Indicates whether the order item is treated as a lab item. A source SQL comment notes this field is currently placeholder logic and may later be inferred from [Order Type]. This is currently a provisional placeholder because lab classification may later be inferred from [Order Type].
_MDD_JCT_CREDIBLE_CLIENT_LAB_TESTS,Medication ID,Unique ID of the Medication.
_MDD_JCT_CREDIBLE_CLIENT_LAB_TESTS,Enrollment ID,Unique ID of the Enrollment.
_MDD_JCT_CREDIBLE_CLIENT_LAB_TESTS,Order Item Acknowledged Date,
_MDD_JCT_CREDIBLE_CLIENT_LAB_TESTS,Order Item Acknowledgement,
_MDD_JCT_CREDIBLE_CLIENT_LAB_TESTS,Dx ID,Unique ID of the Dx.
_MDD_JCT_CREDIBLE_CLIENT_LAB_TESTS,Dx ICD10 Code,
_MDD_JCT_CREDIBLE_CLIENT_LAB_TESTS,Order Item Due Date,
_MDD_JCT_CREDIBLE_CLIENT_LAB_TESTS,Order Item Ordering External Prescriber ID,Unique ID of the Order Item Ordering External Prescriber.
_MDD_JCT_CREDIBLE_CLIENT_LAB_TESTS,Order Item Prescriber ID,Unique ID of the Order Item Prescriber.
_MDD_JCT_CREDIBLE_CLIENT_LAB_TESTS,Program ID,Unique ID of the Program.
_MDD_JCT_CREDIBLE_CLIENT_LAB_TESTS,Enrollment Start,
_MDD_JCT_CREDIBLE_CLIENT_LAB_TESTS,Enrollment End,
_MDD_JCT_CREDIBLE_CLIENT_LAB_TESTS,Enrollment Discharge Date,
_MDD_JCT_CREDIBLE_CLIENT_LAB_TESTS,Enrollment Admission Date,
_MDD_JCT_CREDIBLE_CLIENT_LAB_TESTS,Enrollment Status,
_MDD_JCT_CREDIBLE_CLIENT_LAB_TESTS,Enrollment Outcome,
_MDD_JCT_CREDIBLE_CLIENT_LAB_TESTS,Enrollment Outcome ID,Unique ID of the Enrollment Outcome.
_MDD_JCT_CREDIBLE_CLIENT_LAB_TESTS,Enrollment Updated Date,The date the Enrollment record was last updated.
_MDD_JCT_CREDIBLE_CLIENT_LAB_TESTS,Enrollment Created Date,The date the Enrollment record was created.
_MDD_JCT_CREDIBLE_CLIENT_LAB_TESTS,Enrollment Updated By User ID,Unique ID of the Enrollment Updated By User.
_MDD_JCT_CREDIBLE_CLIENT_LAB_TESTS,Enrollment Date First Billable,
_MDD_JCT_CREDIBLE_CLIENT_LAB_TESTS,Enrollment Date Last Billable,
_MDD_JCT_CREDIBLE_CLIENT_LAB_TESTS,Enrollment Appointment Completed Count,
_MDD_JCT_CREDIBLE_CLIENT_LAB_TESTS,Enrollment Admission Type,
_MDD_JCT_CREDIBLE_CLIENT_LAB_TESTS,Enrollment Admission Source,
_MDD_JCT_CREDIBLE_CLIENT_LAB_TESTS,Enrollment Admission Dx,
_MDD_JCT_CREDIBLE_CLIENT_LAB_TESTS,Enrollment Referral Date,
_MDD_JCT_CREDIBLE_CLIENT_LAB_TESTS,Enrollment Referral Source,
_MDD_JCT_CREDIBLE_CLIENT_LAB_TESTS,Enrollment Referral By,
_MDD_JCT_CREDIBLE_CLIENT_LAB_TESTS,Enrollment Referral Provider NPI,
_MDD_JCT_CREDIBLE_CLIENT_LAB_TESTS,Enrollment Referral Provider NPI Link,
_MDD_JCT_CREDIBLE_CLIENT_LAB_TESTS,Enrollment Referral Provider Name First,The enrollment referral provider's first name.
_MDD_JCT_CREDIBLE_CLIENT_LAB_TESTS,Enrollment Referral Provider Name Last,The enrollment referral provider's last name.
_MDD_JCT_CREDIBLE_CLIENT_LAB_TESTS,Enrollment Referral Provider Name First & Last,
_MDD_JCT_CREDIBLE_CLIENT_LAB_TESTS,Enrollment Referral Provider Name Last & First,
_MDD_JCT_CREDIBLE_CLIENT_LAB_TESTS,Enrollment Open-Closed,
_MDD_JCT_CREDIBLE_CLIENT_LAB_TESTS,Enrollment Since Open Hours,
_MDD_JCT_CREDIBLE_CLIENT_LAB_TESTS,Enrollment Since Open Days,
_MDD_JCT_CREDIBLE_CLIENT_LAB_TESTS,Enrollment Since Open Weeks,
_MDD_JCT_CREDIBLE_CLIENT_LAB_TESTS,Enrollment Since Open Months,
_MDD_JCT_CREDIBLE_CLIENT_LAB_TESTS,Enrollment Since Open Years,
_MDD_JCT_CREDIBLE_CLIENT_LAB_TESTS,Enrollment Since Close Hours,
_MDD_JCT_CREDIBLE_CLIENT_LAB_TESTS,Enrollment Since Close Days,
_MDD_JCT_CREDIBLE_CLIENT_LAB_TESTS,Enrollment Since Close Weeks,
_MDD_JCT_CREDIBLE_CLIENT_LAB_TESTS,Enrollment Since Close Months,
_MDD_JCT_CREDIBLE_CLIENT_LAB_TESTS,Enrollment Since Close Years,
_MDD_JCT_CREDIBLE_CLIENT_LAB_TESTS,Enrollment Start Fiscal Year,
_MDD_JCT_CREDIBLE_CLIENT_LAB_TESTS,Enrollment End Fiscal Year,
_MDD_JCT_CREDIBLE_CLIENT_LAB_TESTS,Enrollment LoS Hours,
_MDD_JCT_CREDIBLE_CLIENT_LAB_TESTS,Enrollment LoS Days,
_MDD_JCT_CREDIBLE_CLIENT_LAB_TESTS,Enrollment LoS Weeks,
_MDD_JCT_CREDIBLE_CLIENT_LAB_TESTS,Enrollment LoS Months,
_MDD_JCT_CREDIBLE_CLIENT_LAB_TESTS,Enrollment LoS Years,
_MDD_JCT_CREDIBLE_CLIENT_LAB_TESTS,Enrollment Sequence ASC,
_MDD_JCT_CREDIBLE_CLIENT_LAB_TESTS,Enrollment Sequence DESC,
_MDD_JCT_CREDIBLE_CLIENT_LAB_TESTS,Enrollment Link,
_MDD_JCT_CREDIBLE_CLIENT_LAB_TESTS,Enrollment Likely Error,
_MDD_JCT_CREDIBLE_CLIENT_LAB_TESTS,Program ID External,
_MDD_JCT_CREDIBLE_CLIENT_LAB_TESTS,Program Name,
_MDD_JCT_CREDIBLE_CLIENT_LAB_TESTS,Program Code,
_MDD_JCT_CREDIBLE_CLIENT_LAB_TESTS,Program Group Without Nulls,
_MDD_JCT_CREDIBLE_CLIENT_LAB_TESTS,Program Group,
_MDD_JCT_CREDIBLE_CLIENT_LAB_TESTS,Program Group > Name,
_MDD_JCT_CREDIBLE_CLIENT_LAB_TESTS,Program Is Residential,
_MDD_JCT_CREDIBLE_CLIENT_LAB_TESTS,Program Tx Setting,
_MDD_JCT_CREDIBLE_CLIENT_LAB_TESTS,Program Revenue Code,
_MDD_JCT_CREDIBLE_CLIENT_LAB_TESTS,Program Created Date,The date the Program record was created.
_MDD_JCT_CREDIBLE_CLIENT_LAB_TESTS,Program Created Date Fiscal Year,
_MDD_JCT_CREDIBLE_CLIENT_LAB_TESTS,Program Created By Employee ID,Unique ID of the Program Created By Employee.
_MDD_JCT_CREDIBLE_CLIENT_LAB_TESTS,Program Updated Date,The date the Program record was last updated.
_MDD_JCT_CREDIBLE_CLIENT_LAB_TESTS,Program Updated Date Fiscal Year,
_MDD_JCT_CREDIBLE_CLIENT_LAB_TESTS,Program Updated By Employee ID,Unique ID of the Program Updated By Employee.
_MDD_JCT_CREDIBLE_CLIENT_LAB_TESTS,Program Active Episode Count,Count of active program episodes carried onto the lab test row from related program context. This field is supplemental for lab analysis and is not a preferred primary measure for overall program census compared with Appointments or Enrollments.
_MDD_JCT_CREDIBLE_CLIENT_LAB_TESTS,Program Active Client Assignment Count,
_MDD_JCT_CREDIBLE_CLIENT_LAB_TESTS,Program Active Client Assignment Primary Count,
_MDD_JCT_CREDIBLE_CLIENT_LAB_TESTS,Medication ID RxNorm,
_MDD_JCT_CREDIBLE_CLIENT_LAB_TESTS,Medication ID National Drug Code,This NDC value can be linked to external NDC reference datasets for medication enrichment. The ndc recorded for the medication.
_MDD_JCT_CREDIBLE_CLIENT_LAB_TESTS,Med ID First Databank ID,Unique ID of the Med ID First Databank.
_MDD_JCT_CREDIBLE_CLIENT_LAB_TESTS,Medication Instructions Frequency Freetext,
_MDD_JCT_CREDIBLE_CLIENT_LAB_TESTS,Medication Instructions Dose,
_MDD_JCT_CREDIBLE_CLIENT_LAB_TESTS,Medication Dose Action,
_MDD_JCT_CREDIBLE_CLIENT_LAB_TESTS,Medication Instructions Freetext,
_MDD_JCT_CREDIBLE_CLIENT_LAB_TESTS,Medication Instructions Route,
_MDD_JCT_CREDIBLE_CLIENT_LAB_TESTS,Medication Instructions Route Per,
_MDD_JCT_CREDIBLE_CLIENT_LAB_TESTS,Medication Instructions Route Time,
_MDD_JCT_CREDIBLE_CLIENT_LAB_TESTS,Medication Instructions Combined,
_MDD_JCT_CREDIBLE_CLIENT_LAB_TESTS,Medication Instructions Rx,
_MDD_JCT_CREDIBLE_CLIENT_LAB_TESTS,Medication Strength,This is a best-effort parsed strength value and may not be fully accurate in all cases. The medication strength in a cleaned-up form.
_MDD_JCT_CREDIBLE_CLIENT_LAB_TESTS,Medication Strength Unit,This is a best-effort parsed unit value and may not be fully accurate in all cases. The unit parsed from the strength text.
_MDD_JCT_CREDIBLE_CLIENT_LAB_TESTS,Medication Status,
_MDD_JCT_CREDIBLE_CLIENT_LAB_TESTS,Medication Rx Refills,
_MDD_JCT_CREDIBLE_CLIENT_LAB_TESTS,Medication Rx Days Supply,
_MDD_JCT_CREDIBLE_CLIENT_LAB_TESTS,Medication Instruction Dose Qty,
_MDD_JCT_CREDIBLE_CLIENT_LAB_TESTS,Medication ICD10 Code,
_MDD_JCT_CREDIBLE_CLIENT_LAB_TESTS,Medication Schedule,
_MDD_JCT_CREDIBLE_CLIENT_LAB_TESTS,Medication Classification,
_MDD_JCT_CREDIBLE_CLIENT_LAB_TESTS,Medication Name,
_MDD_JCT_CREDIBLE_CLIENT_LAB_TESTS,Medication Date Started,
_MDD_JCT_CREDIBLE_CLIENT_LAB_TESTS,Medication Date Discontinued,
_MDD_JCT_CREDIBLE_CLIENT_LAB_TESTS,Medication Start,
_MDD_JCT_CREDIBLE_CLIENT_LAB_TESTS,Medication End,
_MDD_JCT_CREDIBLE_CLIENT_LAB_TESTS,Medication Date Changed,
_MDD_JCT_CREDIBLE_CLIENT_LAB_TESTS,Medication Reason,
_MDD_JCT_CREDIBLE_CLIENT_LAB_TESTS,Medication Prescription Status,
_MDD_JCT_CREDIBLE_CLIENT_LAB_TESTS,Medication Supervised By,
_MDD_JCT_CREDIBLE_CLIENT_LAB_TESTS,Medication Supervised By User ID,Unique ID of the Medication Supervised By User.
_MDD_JCT_CREDIBLE_CLIENT_LAB_TESTS,Medication Created By,
_MDD_JCT_CREDIBLE_CLIENT_LAB_TESTS,Medication Created By User ID,Unique ID of the Medication Created By User.
_MDD_JCT_CREDIBLE_CLIENT_LAB_TESTS,Medication Created Date,The date the Medication record was created.
_MDD_JCT_CREDIBLE_CLIENT_LAB_TESTS,Medication Updated Date,The date the Medication record was last updated.
_MDD_JCT_CREDIBLE_CLIENT_LAB_TESTS,Appointment ID,Unique ID of the Appointment.
_MDD_JCT_CREDIBLE_CLIENT_LAB_TESTS,Medication Order Status,
_MDD_JCT_CREDIBLE_CLIENT_LAB_TESTS,Medication Link NLM RxNav,
_MDD_JCT_CREDIBLE_CLIENT_LAB_TESTS,User ID,Unique ID of the User.
_MDD_JCT_CREDIBLE_CLIENT_LAB_TESTS,Lab Order Transmission Date,
_MDD_JCT_CREDIBLE_CLIENT_LAB_TEST_RESULTS,Lab Test Result ID,Unique ID of the Lab Test Result.
_MDD_JCT_CREDIBLE_CLIENT_LAB_TEST_RESULTS,Lab Test ID,Unique ID of the Lab Test.
_MDD_JCT_CREDIBLE_CLIENT_LAB_TEST_RESULTS,Lab Accession ID,Unique ID of the Lab Accession.
_MDD_JCT_CREDIBLE_CLIENT_LAB_TEST_RESULTS,Client ID,Unique ID of the Client.
_MDD_JCT_CREDIBLE_CLIENT_LAB_TEST_RESULTS,Order ID,Unique ID of the Order.
_MDD_JCT_CREDIBLE_CLIENT_LAB_TEST_RESULTS,Order Item ID,Unique ID of the Order Item.
_MDD_JCT_CREDIBLE_CLIENT_LAB_TEST_RESULTS,Lab Order ID,Unique ID of the Lab Order.
_MDD_JCT_CREDIBLE_CLIENT_LAB_TEST_RESULTS,Lab Order Item ID,Unique ID of the Lab Order Item.
_MDD_JCT_CREDIBLE_CLIENT_LAB_TEST_RESULTS,Lab Test Type ID,Unique ID of the Lab Test Type.
_MDD_JCT_CREDIBLE_CLIENT_LAB_TEST_RESULTS,Lab Test Result Value,
_MDD_JCT_CREDIBLE_CLIENT_LAB_TEST_RESULTS,Lab Test Result Units,
_MDD_JCT_CREDIBLE_CLIENT_LAB_TEST_RESULTS,Lab Test Result Abnormal,
_MDD_JCT_CREDIBLE_CLIENT_LAB_TEST_RESULTS,Lab Test Result Abnormal Panic Flag,
_MDD_JCT_CREDIBLE_CLIENT_LAB_TEST_RESULTS,Lab Test Result Range,
_MDD_JCT_CREDIBLE_CLIENT_LAB_TEST_RESULTS,Lab Test Result Created Date,The date the Lab Test Result record was created.
_MDD_JCT_CREDIBLE_CLIENT_LAB_TEST_RESULTS,Lab Test Result Updated Date,The date the Lab Test Result record was last updated.
_MDD_JCT_CREDIBLE_CLIENT_LAB_TEST_RESULTS,Lab Test Sample Collection Date,
_MDD_JCT_CREDIBLE_CLIENT_LAB_TEST_RESULTS,Lab Test Sample Volume,
_MDD_JCT_CREDIBLE_CLIENT_LAB_TEST_RESULTS,Lab Test Sample Condition,
_MDD_JCT_CREDIBLE_CLIENT_LAB_TEST_RESULTS,Lab Test Sample Received Date,
_MDD_JCT_CREDIBLE_CLIENT_LAB_TEST_RESULTS,Lab Test Result Date,
_MDD_JCT_CREDIBLE_CLIENT_LAB_TEST_RESULTS,Lab Order ID External,
_MDD_JCT_CREDIBLE_CLIENT_LAB_TEST_RESULTS,Ordering User ID,Unique ID of the Ordering User.
_MDD_JCT_CREDIBLE_CLIENT_LAB_TEST_RESULTS,Lab Accession Collection Date,
_MDD_JCT_CREDIBLE_CLIENT_LAB_TEST_RESULTS,Lab Result Received Date,
_MDD_JCT_CREDIBLE_CLIENT_LAB_TEST_RESULTS,Lab Accession Created Date,The date the Lab Accession record was created.
_MDD_JCT_CREDIBLE_CLIENT_LAB_TEST_RESULTS,Lab Accession Updated Date,The date the Lab Accession record was last updated.
_MDD_JCT_CREDIBLE_CLIENT_LAB_TEST_RESULTS,Lab Test Type Code,
_MDD_JCT_CREDIBLE_CLIENT_LAB_TEST_RESULTS,Lab Test Type Name,
_MDD_JCT_CREDIBLE_CLIENT_LAB_TEST_RESULTS,Record Type,
_MDD_JCT_CREDIBLE_CLIENT_LAB_TEST_RESULTS,Record ID,Unique ID of the Record.
_MDD_JCT_CREDIBLE_CLIENT_LAB_TEST_RESULTS,Lab Accession ID External,
_MDD_JCT_CREDIBLE_CLIENT_LAB_TEST_RESULTS,Order Signed Date,
_MDD_JCT_CREDIBLE_CLIENT_LAB_TEST_RESULTS,Order Signed By,
_MDD_JCT_CREDIBLE_CLIENT_LAB_TEST_RESULTS,Ordering Prescriber User ID,Unique ID of the Ordering Prescriber User.
_MDD_JCT_CREDIBLE_CLIENT_LAB_TEST_RESULTS,Ordering Prescriber User Name First & Last w/Initial,The ordering prescriber's name.
_MDD_JCT_CREDIBLE_CLIENT_LAB_TEST_RESULTS,Order Type,The order type value as shaped by this module. A source SQL comment notes that the human-readable mapping of order type code values is still pending confirmation. Human-readable order-type mappings are still pending external confirmation.
_MDD_JCT_CREDIBLE_CLIENT_LAB_TEST_RESULTS,Order Status,The status of the order as shaped by this module. This status is determined by module logic using whether the order end date is missing or in the future.
_MDD_JCT_CREDIBLE_CLIENT_LAB_TEST_RESULTS,Order Created Date,The date the Order record was created.
_MDD_JCT_CREDIBLE_CLIENT_LAB_TEST_RESULTS,Order Updated Date,The date the Order record was last updated.
_MDD_JCT_CREDIBLE_CLIENT_LAB_TEST_RESULTS,Ordering External Prescriber ID,Unique ID of the Ordering External Prescriber.
_MDD_JCT_CREDIBLE_CLIENT_LAB_TEST_RESULTS,Client ID External,
_MDD_JCT_CREDIBLE_CLIENT_LAB_TEST_RESULTS,Client ID Social Security Number,
_MDD_JCT_CREDIBLE_CLIENT_LAB_TEST_RESULTS,Client ID Fuzzy A2,
_MDD_JCT_CREDIBLE_CLIENT_LAB_TEST_RESULTS,Client ID JCT Fuzzy A0,
_MDD_JCT_CREDIBLE_CLIENT_LAB_TEST_RESULTS,Client ID JCT Fuzzy A1,
_MDD_JCT_CREDIBLE_CLIENT_LAB_TEST_RESULTS,Client Name First & Last,The client's name formatted as first and last.
_MDD_JCT_CREDIBLE_CLIENT_LAB_TEST_RESULTS,Client Name Last & First,"The client's name formatted as last, first."
_MDD_JCT_CREDIBLE_CLIENT_LAB_TEST_RESULTS,Client Name First & Last w/Initial,
_MDD_JCT_CREDIBLE_CLIENT_LAB_TEST_RESULTS,Client Name First & Last w/Initial & Client ID,Unique ID of the Client Name First & Last w/Initial & Client.
_MDD_JCT_CREDIBLE_CLIENT_LAB_TEST_RESULTS,Client Name Last & First w/Initial,
_MDD_JCT_CREDIBLE_CLIENT_LAB_TEST_RESULTS,Client Name Last & First w/Initial & Client ID,Unique ID of the Client Name Last & First w/Initial & Client.
_MDD_JCT_CREDIBLE_CLIENT_LAB_TEST_RESULTS,Client Name Middle,
_MDD_JCT_CREDIBLE_CLIENT_LAB_TEST_RESULTS,Client Name First,The client's first name.
_MDD_JCT_CREDIBLE_CLIENT_LAB_TEST_RESULTS,Client Name Last,The client's last name.
_MDD_JCT_CREDIBLE_CLIENT_LAB_TEST_RESULTS,Client Date of Birth,The client's date of birth.
_MDD_JCT_CREDIBLE_CLIENT_LAB_TEST_RESULTS,Client Date of Death,
_MDD_JCT_CREDIBLE_CLIENT_LAB_TEST_RESULTS,Client Admission Date,The date the client was admitted.
_MDD_JCT_CREDIBLE_CLIENT_LAB_TEST_RESULTS,Client Admission Date Fiscal Year,The fiscal year of the client admission date.
_MDD_JCT_CREDIBLE_CLIENT_LAB_TEST_RESULTS,Client Discharge Date,The date the client was discharged.
_MDD_JCT_CREDIBLE_CLIENT_LAB_TEST_RESULTS,Client Discharge Date Fiscal Year,The fiscal year of the client discharge date.
_MDD_JCT_CREDIBLE_CLIENT_LAB_TEST_RESULTS,Client Age in Hours,
_MDD_JCT_CREDIBLE_CLIENT_LAB_TEST_RESULTS,Client Age in Days,The client's age expressed in days based on date of birth.
_MDD_JCT_CREDIBLE_CLIENT_LAB_TEST_RESULTS,Client Age in Months,The client's age expressed in months based on date of birth.
_MDD_JCT_CREDIBLE_CLIENT_LAB_TEST_RESULTS,Client Age in Years,The client's age expressed in years based on date of birth.
_MDD_JCT_CREDIBLE_CLIENT_LAB_TEST_RESULTS,Client Age In Years Old Difference,
_MDD_JCT_CREDIBLE_CLIENT_LAB_TEST_RESULTS,Client Status,The client status value as recorded.
_MDD_JCT_CREDIBLE_CLIENT_LAB_TEST_RESULTS,Client Status ID,Unique ID of the Client Status.
_MDD_JCT_CREDIBLE_CLIENT_LAB_TEST_RESULTS,Client Is Active,Indicates whether the client is active.
_MDD_JCT_CREDIBLE_CLIENT_LAB_TEST_RESULTS,Client Is Inactive,Indicates whether the client is inactive.
_MDD_JCT_CREDIBLE_CLIENT_LAB_TEST_RESULTS,Client Is Pending,
_MDD_JCT_CREDIBLE_CLIENT_LAB_TEST_RESULTS,Client Visibility,
_MDD_JCT_CREDIBLE_CLIENT_LAB_TEST_RESULTS,Client Ethnicity 1,
_MDD_JCT_CREDIBLE_CLIENT_LAB_TEST_RESULTS,Client Ethnicity 1 ID,Unique ID of the Client Ethnicity 1.
_MDD_JCT_CREDIBLE_CLIENT_LAB_TEST_RESULTS,Client Ethnicity 1 Granular,
_MDD_JCT_CREDIBLE_CLIENT_LAB_TEST_RESULTS,Client Ethnicity 1 Granular ID,Unique ID of the Client Ethnicity 1 Granular.
_MDD_JCT_CREDIBLE_CLIENT_LAB_TEST_RESULTS,Client Race 1,
_MDD_JCT_CREDIBLE_CLIENT_LAB_TEST_RESULTS,Client Race 2,
_MDD_JCT_CREDIBLE_CLIENT_LAB_TEST_RESULTS,Client Race 3,
_MDD_JCT_CREDIBLE_CLIENT_LAB_TEST_RESULTS,Client Race 1 ID,Unique ID of the Client Race 1.
_MDD_JCT_CREDIBLE_CLIENT_LAB_TEST_RESULTS,Client Race 2 ID,Unique ID of the Client Race 2.
_MDD_JCT_CREDIBLE_CLIENT_LAB_TEST_RESULTS,Client Race 3 ID,Unique ID of the Client Race 3.
_MDD_JCT_CREDIBLE_CLIENT_LAB_TEST_RESULTS,Client Race Granular,
_MDD_JCT_CREDIBLE_CLIENT_LAB_TEST_RESULTS,Client Race Granular ID,Unique ID of the Client Race Granular.
_MDD_JCT_CREDIBLE_CLIENT_LAB_TEST_RESULTS,Client Preferred Language,
_MDD_JCT_CREDIBLE_CLIENT_LAB_TEST_RESULTS,Client Preferred Language ID,Unique ID of the Client Preferred Language.
_MDD_JCT_CREDIBLE_CLIENT_LAB_TEST_RESULTS,Client Sex,"The client's sex as recorded. QuickMAR does not provide separate source fields for sex and gender, so this value is sourced from the same underlying field as [Client Gender]."
_MDD_JCT_CREDIBLE_CLIENT_LAB_TEST_RESULTS,Client Sex ID,Unique ID of the Client Sex.
_MDD_JCT_CREDIBLE_CLIENT_LAB_TEST_RESULTS,Client Employment Status,
_MDD_JCT_CREDIBLE_CLIENT_LAB_TEST_RESULTS,Client Employment Status ID,Unique ID of the Client Employment Status.
_MDD_JCT_CREDIBLE_CLIENT_LAB_TEST_RESULTS,Client Gender Identity,
_MDD_JCT_CREDIBLE_CLIENT_LAB_TEST_RESULTS,Client Gender Identity ID,Unique ID of the Client Gender Identity.
_MDD_JCT_CREDIBLE_CLIENT_LAB_TEST_RESULTS,Client Marital Status,
_MDD_JCT_CREDIBLE_CLIENT_LAB_TEST_RESULTS,Client Marital Status ID,Unique ID of the Client Marital Status.
_MDD_JCT_CREDIBLE_CLIENT_LAB_TEST_RESULTS,Client Sexual Orientation,
_MDD_JCT_CREDIBLE_CLIENT_LAB_TEST_RESULTS,Client Sexual Orientation ID,Unique ID of the Client Sexual Orientation.
_MDD_JCT_CREDIBLE_CLIENT_LAB_TEST_RESULTS,Client Military Status,
_MDD_JCT_CREDIBLE_CLIENT_LAB_TEST_RESULTS,Client Military Status ID,Unique ID of the Client Military Status.
_MDD_JCT_CREDIBLE_CLIENT_LAB_TEST_RESULTS,Client Created Date,The date the Client record was created.
_MDD_JCT_CREDIBLE_CLIENT_LAB_TEST_RESULTS,Client Updated Date,The date the Client record was last updated.
_MDD_JCT_CREDIBLE_CLIENT_LAB_TEST_RESULTS,Client Programs,
_MDD_JCT_CREDIBLE_CLIENT_LAB_TEST_RESULTS,Client Teams,
_MDD_JCT_CREDIBLE_CLIENT_LAB_TEST_RESULTS,Client Referral NPI,
_MDD_JCT_CREDIBLE_CLIENT_LAB_TEST_RESULTS,Client Referral NPI Link,
_MDD_JCT_CREDIBLE_CLIENT_LAB_TEST_RESULTS,Client Age Group,
_MDD_JCT_CREDIBLE_CLIENT_LAB_TEST_RESULTS,Client Age Group Sort Order,
_MDD_JCT_CREDIBLE_CLIENT_LAB_TEST_RESULTS,Client Age In Years Old,
_MDD_JCT_CREDIBLE_CLIENT_LAB_TEST_RESULTS,Client ID FA0,
_MDD_JCT_CREDIBLE_CLIENT_LAB_TEST_RESULTS,Client ID FA1,
_MDD_JCT_CREDIBLE_CLIENT_LAB_TEST_RESULTS,Client Link,
_MDD_JCT_CREDIBLE_CLIENT_LAB_TEST_RESULTS,Client Link Schedule (1st Available),
_MDD_JCT_CREDIBLE_CLIENT_LAB_TEST_RESULTS,Client Link Add Service,
_MDD_JCT_CREDIBLE_CLIENT_LAB_TEST_RESULTS,Client Link Allergies,
_MDD_JCT_CREDIBLE_CLIENT_LAB_TEST_RESULTS,Client Link Amendments,
_MDD_JCT_CREDIBLE_CLIENT_LAB_TEST_RESULTS,Client Link Attachments,
_MDD_JCT_CREDIBLE_CLIENT_LAB_TEST_RESULTS,Client Link Authorizations,
_MDD_JCT_CREDIBLE_CLIENT_LAB_TEST_RESULTS,Client Link Bed Assignments,
_MDD_JCT_CREDIBLE_CLIENT_LAB_TEST_RESULTS,Client Link Client Profile Extended,
_MDD_JCT_CREDIBLE_CLIENT_LAB_TEST_RESULTS,Client Link Contacts,
_MDD_JCT_CREDIBLE_CLIENT_LAB_TEST_RESULTS,Client Link Claims,
_MDD_JCT_CREDIBLE_CLIENT_LAB_TEST_RESULTS,Client Link Links,
_MDD_JCT_CREDIBLE_CLIENT_LAB_TEST_RESULTS,Client Link Clinical Support,
_MDD_JCT_CREDIBLE_CLIENT_LAB_TEST_RESULTS,Client Link Tx Plan (Credible Plan),
_MDD_JCT_CREDIBLE_CLIENT_LAB_TEST_RESULTS,Client Link Dashboard,
_MDD_JCT_CREDIBLE_CLIENT_LAB_TEST_RESULTS,Client Link Diagnosis,
_MDD_JCT_CREDIBLE_CLIENT_LAB_TEST_RESULTS,Client Link eMAR Group,
_MDD_JCT_CREDIBLE_CLIENT_LAB_TEST_RESULTS,Client Link eMAR,
_MDD_JCT_CREDIBLE_CLIENT_LAB_TEST_RESULTS,Client Link Employee Assignments,
_MDD_JCT_CREDIBLE_CLIENT_LAB_TEST_RESULTS,Client Link Episodes,
_MDD_JCT_CREDIBLE_CLIENT_LAB_TEST_RESULTS,Client Link External Providers,
_MDD_JCT_CREDIBLE_CLIENT_LAB_TEST_RESULTS,Client Link Family,
_MDD_JCT_CREDIBLE_CLIENT_LAB_TEST_RESULTS,Client Link Form Groups,
_MDD_JCT_CREDIBLE_CLIENT_LAB_TEST_RESULTS,Client Link GeoAreeas,
_MDD_JCT_CREDIBLE_CLIENT_LAB_TEST_RESULTS,Client Link Implantable Devices,
_MDD_JCT_CREDIBLE_CLIENT_LAB_TEST_RESULTS,Client Link Insurance,
_MDD_JCT_CREDIBLE_CLIENT_LAB_TEST_RESULTS,Client Link Ledger,
_MDD_JCT_CREDIBLE_CLIENT_LAB_TEST_RESULTS,Client Link Liability,
_MDD_JCT_CREDIBLE_CLIENT_LAB_TEST_RESULTS,Client Link Log,
_MDD_JCT_CREDIBLE_CLIENT_LAB_TEST_RESULTS,Client Link Medical Profile,
_MDD_JCT_CREDIBLE_CLIENT_LAB_TEST_RESULTS,Client Link Medications,
_MDD_JCT_CREDIBLE_CLIENT_LAB_TEST_RESULTS,Client Link Notes,
_MDD_JCT_CREDIBLE_CLIENT_LAB_TEST_RESULTS,Client Link Notification,
_MDD_JCT_CREDIBLE_CLIENT_LAB_TEST_RESULTS,Client Link Orders,
_MDD_JCT_CREDIBLE_CLIENT_LAB_TEST_RESULTS,Client Link Overview,
_MDD_JCT_CREDIBLE_CLIENT_LAB_TEST_RESULTS,Client Link Payments,
_MDD_JCT_CREDIBLE_CLIENT_LAB_TEST_RESULTS,Client Link Payment Plans,
_MDD_JCT_CREDIBLE_CLIENT_LAB_TEST_RESULTS,Client Link Program,
_MDD_JCT_CREDIBLE_CLIENT_LAB_TEST_RESULTS,Client Link Profile,
_MDD_JCT_CREDIBLE_CLIENT_LAB_TEST_RESULTS,Client Link Schedule,
_MDD_JCT_CREDIBLE_CLIENT_LAB_TEST_RESULTS,Client Link Service List,
_MDD_JCT_CREDIBLE_CLIENT_LAB_TEST_RESULTS,Client Link Schedule Grp,
_MDD_JCT_CREDIBLE_CLIENT_LAB_TEST_RESULTS,Client Link Team,
_MDD_JCT_CREDIBLE_CLIENT_LAB_TEST_RESULTS,Client Link Users,
_MDD_JCT_CREDIBLE_CLIENT_LAB_TEST_RESULTS,Client Link Warnings,
_MDD_JCT_CREDIBLE_CLIENT_LAB_TEST_RESULTS,Client Assigned Users Active Primary Count,
_MDD_JCT_CREDIBLE_CLIENT_LAB_TEST_RESULTS,Client Assigned Users Primary Count,
_MDD_JCT_CREDIBLE_CLIENT_LAB_TEST_RESULTS,Client Assigned Employees Primary,
_MDD_JCT_CREDIBLE_CLIENT_LAB_TEST_RESULTS,Client Assigned Users Primary,
_MDD_JCT_CREDIBLE_CLIENT_LAB_TEST_RESULTS,Client Assigned Users Active Primary,
_MDD_JCT_CREDIBLE_CLIENT_LAB_TEST_RESULTS,Client Address Primary ID Fuzzy A0,
_MDD_JCT_CREDIBLE_CLIENT_LAB_TEST_RESULTS,Client Address Primary 1,
_MDD_JCT_CREDIBLE_CLIENT_LAB_TEST_RESULTS,Client Address Primary 2,
_MDD_JCT_CREDIBLE_CLIENT_LAB_TEST_RESULTS,Client Address Primary City,
_MDD_JCT_CREDIBLE_CLIENT_LAB_TEST_RESULTS,Client Address Primary State,
_MDD_JCT_CREDIBLE_CLIENT_LAB_TEST_RESULTS,Client Address Primary Zip,
_MDD_JCT_CREDIBLE_CLIENT_LAB_TEST_RESULTS,Client Address Primary County,
_MDD_JCT_CREDIBLE_CLIENT_LAB_TEST_RESULTS,Client Address Primary Country,
_MDD_JCT_CREDIBLE_CLIENT_LAB_TEST_RESULTS,Client Address Billing 1,
_MDD_JCT_CREDIBLE_CLIENT_LAB_TEST_RESULTS,Client Address Billing 2,
_MDD_JCT_CREDIBLE_CLIENT_LAB_TEST_RESULTS,Client Address Billing City,
_MDD_JCT_CREDIBLE_CLIENT_LAB_TEST_RESULTS,Client Address Billing State,
_MDD_JCT_CREDIBLE_CLIENT_LAB_TEST_RESULTS,Client Address Billing Zip,
_MDD_JCT_CREDIBLE_CLIENT_LAB_TEST_RESULTS,Client Address Billing County,
_MDD_JCT_CREDIBLE_CLIENT_LAB_TEST_RESULTS,Client Address Billing Country,
_MDD_JCT_CREDIBLE_CLIENT_LAB_TEST_RESULTS,Client Phone Home Fuzzy A0,
_MDD_JCT_CREDIBLE_CLIENT_LAB_TEST_RESULTS,Client Phone Home,
_MDD_JCT_CREDIBLE_CLIENT_LAB_TEST_RESULTS,Client Phone Mobile Fuzzy A0,
_MDD_JCT_CREDIBLE_CLIENT_LAB_TEST_RESULTS,Client Phone Mobile,
_MDD_JCT_CREDIBLE_CLIENT_LAB_TEST_RESULTS,Lab Facility ID,Unique ID of the Lab Facility.
_MDD_JCT_CREDIBLE_CLIENT_LAB_TEST_RESULTS,Lab Facility Name,
_MDD_JCT_CREDIBLE_CLIENT_LAB_TEST_RESULTS,Insurance Plan ID,Unique ID of the Insurance Plan.
_MDD_JCT_CREDIBLE_CLIENT_LAB_TEST_RESULTS,Payer ID,Unique ID of the Payer.
_MDD_JCT_CREDIBLE_CLIENT_LAB_TEST_RESULTS,Insurance Plan Start Date,
_MDD_JCT_CREDIBLE_CLIENT_LAB_TEST_RESULTS,Insurance Plan End Date,
_MDD_JCT_CREDIBLE_CLIENT_LAB_TEST_RESULTS,Insurance Plan Billing Order,
_MDD_JCT_CREDIBLE_CLIENT_LAB_TEST_RESULTS,Insurance Plan Policy Number,
_MDD_JCT_CREDIBLE_CLIENT_LAB_TEST_RESULTS,Insurance Plan Policy Name,
_MDD_JCT_CREDIBLE_CLIENT_LAB_TEST_RESULTS,Insurance Plan Policy Group No,
_MDD_JCT_CREDIBLE_CLIENT_LAB_TEST_RESULTS,Insurance Plan Type,
_MDD_JCT_CREDIBLE_CLIENT_LAB_TEST_RESULTS,Payer Name,
_MDD_JCT_CREDIBLE_CLIENT_LAB_TEST_RESULTS,Payer Is CMS,
_MDD_JCT_CREDIBLE_CLIENT_LAB_TEST_RESULTS,Payer Is Medicaid,
_MDD_JCT_CREDIBLE_CLIENT_LAB_TEST_RESULTS,Payer Is Medicare,
_MDD_JCT_CREDIBLE_CLIENT_LAB_TEST_RESULTS,Payer Type Class Code,
_MDD_JCT_CREDIBLE_CLIENT_LAB_TEST_RESULTS,Insurance Plan Status,
_MDD_JCT_CREDIBLE_CLIENT_LAB_TEST_RESULTS,Insurance Plan Subscriber,
_MDD_JCT_CREDIBLE_CLIENT_LAB_TEST_RESULTS,Insurance Plan Created Date,The date the Insurance Plan record was created.
_MDD_JCT_CREDIBLE_CLIENT_LAB_TEST_RESULTS,Insurance Plan Updated Date,The date the Insurance Plan record was last updated.
_MDD_JCT_CREDIBLE_CLIENT_LAB_TEST_RESULTS,Payer Type,
_MDD_JCT_CREDIBLE_CLIENT_LAB_TEST_RESULTS,Payer Type ID,Unique ID of the Payer Type.
_MDD_JCT_CREDIBLE_CLIENT_LAB_TEST_RESULTS,Payer Type Category,
_MDD_JCT_CREDIBLE_CLIENT_LAB_TEST_RESULTS,Payer Type Name,
_MDD_JCT_CREDIBLE_CLIENT_LAB_TEST_RESULTS,Payer Is Tricare,
_MDD_JCT_CREDIBLE_CLIENT_LAB_TEST_RESULTS,Payer Is Commercial,
_MDD_JCT_CREDIBLE_CLIENT_LAB_TEST_RESULTS,Payer Code,
_MDD_JCT_CREDIBLE_CLIENT_LAB_TEST_RESULTS,Payer Address 1,
_MDD_JCT_CREDIBLE_CLIENT_LAB_TEST_RESULTS,Payer Address 2,
_MDD_JCT_CREDIBLE_CLIENT_LAB_TEST_RESULTS,Payer Address City,
_MDD_JCT_CREDIBLE_CLIENT_LAB_TEST_RESULTS,Payer State,
_MDD_JCT_CREDIBLE_CLIENT_LAB_TEST_RESULTS,Payer Address Zip,
_MDD_JCT_CREDIBLE_CLIENT_LAB_TEST_RESULTS,Payer Address Country,
_MDD_JCT_CREDIBLE_CLIENT_LAB_TEST_RESULTS,Payer Phone,
_MDD_JCT_CREDIBLE_CLIENT_LAB_TEST_RESULTS,Payer Fax,
_MDD_JCT_CREDIBLE_CLIENT_LAB_TEST_RESULTS,Payer Created Date,The date the Payer record was created.
_MDD_JCT_CREDIBLE_CLIENT_LAB_TEST_RESULTS,Payer Created By User ID,Unique ID of the Payer Created By User.
_MDD_JCT_CREDIBLE_CLIENT_LAB_TEST_RESULTS,Payer Updated Date,The date the Payer record was last updated.
_MDD_JCT_CREDIBLE_CLIENT_LAB_TEST_RESULTS,Lab Order Insurance Plan ID,Unique ID of the Lab Order Insurance Plan.
_MDD_JCT_CREDIBLE_CLIENT_LAB_TEST_RESULTS,Lab Order Item Facility ID,Unique ID of the Lab Order Item Facility.
_MDD_JCT_CREDIBLE_CLIENT_LAB_TEST_RESULTS,Lab Order Item Facility Name,
_MDD_JCT_CREDIBLE_CLIENT_LAB_TEST_RESULTS,Lab Order Item Facility Account Number,
_MDD_JCT_CREDIBLE_CLIENT_LAB_TEST_RESULTS,Lab Order Item Patient Instructions,
_MDD_JCT_CREDIBLE_CLIENT_LAB_TEST_RESULTS,Lab Order Item Expiration Date,
_MDD_JCT_CREDIBLE_CLIENT_LAB_TEST_RESULTS,Lab Order Item Dx 1 ICD10 Code,
_MDD_JCT_CREDIBLE_CLIENT_LAB_TEST_RESULTS,Lab Order Item Dx 1 Description,
_MDD_JCT_CREDIBLE_CLIENT_LAB_TEST_RESULTS,Lab Order Item Dx 2 ICD10 Code,
_MDD_JCT_CREDIBLE_CLIENT_LAB_TEST_RESULTS,Lab Order Item Dx 2 Description,
_MDD_JCT_CREDIBLE_CLIENT_LAB_TEST_RESULTS,Lab Order Item Dx 3 ICD10 Code,
_MDD_JCT_CREDIBLE_CLIENT_LAB_TEST_RESULTS,Lab Order Item Dx 3 Description,
_MDD_JCT_CREDIBLE_CLIENT_LAB_TEST_RESULTS,Lab Order ID External Secondary,
_MDD_JCT_CREDIBLE_CLIENT_LAB_TEST_RESULTS,Lab Insurance ID,Unique ID of the Lab Insurance.
_MDD_JCT_CREDIBLE_CLIENT_LAB_TEST_RESULTS,Lab Facility Account Number,
_MDD_JCT_CREDIBLE_CLIENT_LAB_TEST_RESULTS,Lab Patient Instructions,
_MDD_JCT_CREDIBLE_CLIENT_LAB_TEST_RESULTS,Lab Speciman Send Date,
_MDD_JCT_CREDIBLE_CLIENT_LAB_TEST_RESULTS,Order Item Date,
_MDD_JCT_CREDIBLE_CLIENT_LAB_TEST_RESULTS,Order Item Status,The status recorded for the order item.
_MDD_JCT_CREDIBLE_CLIENT_LAB_TEST_RESULTS,Order Item Discontinued By User ID,Unique ID of the Order Item Discontinued By User.
_MDD_JCT_CREDIBLE_CLIENT_LAB_TEST_RESULTS,Order Item Discontinued Date,
_MDD_JCT_CREDIBLE_CLIENT_LAB_TEST_RESULTS,Order Item End By User ID,Unique ID of the Order Item End By User.
_MDD_JCT_CREDIBLE_CLIENT_LAB_TEST_RESULTS,Order Item End,
_MDD_JCT_CREDIBLE_CLIENT_LAB_TEST_RESULTS,Order Item Category,
_MDD_JCT_CREDIBLE_CLIENT_LAB_TEST_RESULTS,Order Item Signed Date,
_MDD_JCT_CREDIBLE_CLIENT_LAB_TEST_RESULTS,Order Item Signed By,
_MDD_JCT_CREDIBLE_CLIENT_LAB_TEST_RESULTS,Order Item Completed By,
_MDD_JCT_CREDIBLE_CLIENT_LAB_TEST_RESULTS,Order Item Completed Date,
_MDD_JCT_CREDIBLE_CLIENT_LAB_TEST_RESULTS,Order Item Reason,
_MDD_JCT_CREDIBLE_CLIENT_LAB_TEST_RESULTS,Order Item Type,
_MDD_JCT_CREDIBLE_CLIENT_LAB_TEST_RESULTS,Order Item Is Medication,"This is an inferred classification based on medication-like details, not an explicit structured medication flag from QuickMAR. Indicates whether the order item is considered a medication item."
_MDD_JCT_CREDIBLE_CLIENT_LAB_TEST_RESULTS,Order Item Is Prescription,Indicates whether the item is treated as a prescription.
_MDD_JCT_CREDIBLE_CLIENT_LAB_TEST_RESULTS,Order Item Is Lab,Indicates whether the order item is treated as a lab item. A source SQL comment notes this field is currently placeholder logic and may later be inferred from [Order Type]. This is currently a provisional placeholder because lab classification may later be inferred from [Order Type].
_MDD_JCT_CREDIBLE_CLIENT_LAB_TEST_RESULTS,Medication ID,Unique ID of the Medication.
_MDD_JCT_CREDIBLE_CLIENT_LAB_TEST_RESULTS,Enrollment ID,Unique ID of the Enrollment.
_MDD_JCT_CREDIBLE_CLIENT_LAB_TEST_RESULTS,Order Item Acknowledged Date,
_MDD_JCT_CREDIBLE_CLIENT_LAB_TEST_RESULTS,Order Item Acknowledgement,
_MDD_JCT_CREDIBLE_CLIENT_LAB_TEST_RESULTS,Dx ID,Unique ID of the Dx.
_MDD_JCT_CREDIBLE_CLIENT_LAB_TEST_RESULTS,Dx ICD10 Code,
_MDD_JCT_CREDIBLE_CLIENT_LAB_TEST_RESULTS,Order Item Due Date,
_MDD_JCT_CREDIBLE_CLIENT_LAB_TEST_RESULTS,Order Item Ordering External Prescriber ID,Unique ID of the Order Item Ordering External Prescriber.
_MDD_JCT_CREDIBLE_CLIENT_LAB_TEST_RESULTS,Order Item Prescriber ID,Unique ID of the Order Item Prescriber.
_MDD_JCT_CREDIBLE_CLIENT_LAB_TEST_RESULTS,Program ID,Unique ID of the Program.
_MDD_JCT_CREDIBLE_CLIENT_LAB_TEST_RESULTS,Enrollment Start,
_MDD_JCT_CREDIBLE_CLIENT_LAB_TEST_RESULTS,Enrollment End,
_MDD_JCT_CREDIBLE_CLIENT_LAB_TEST_RESULTS,Enrollment Discharge Date,
_MDD_JCT_CREDIBLE_CLIENT_LAB_TEST_RESULTS,Enrollment Admission Date,
_MDD_JCT_CREDIBLE_CLIENT_LAB_TEST_RESULTS,Enrollment Status,
_MDD_JCT_CREDIBLE_CLIENT_LAB_TEST_RESULTS,Enrollment Outcome,
_MDD_JCT_CREDIBLE_CLIENT_LAB_TEST_RESULTS,Enrollment Outcome ID,Unique ID of the Enrollment Outcome.
_MDD_JCT_CREDIBLE_CLIENT_LAB_TEST_RESULTS,Enrollment Updated Date,The date the Enrollment record was last updated.
_MDD_JCT_CREDIBLE_CLIENT_LAB_TEST_RESULTS,Enrollment Created Date,The date the Enrollment record was created.
_MDD_JCT_CREDIBLE_CLIENT_LAB_TEST_RESULTS,Enrollment Updated By User ID,Unique ID of the Enrollment Updated By User.
_MDD_JCT_CREDIBLE_CLIENT_LAB_TEST_RESULTS,Enrollment Date First Billable,
_MDD_JCT_CREDIBLE_CLIENT_LAB_TEST_RESULTS,Enrollment Date Last Billable,
_MDD_JCT_CREDIBLE_CLIENT_LAB_TEST_RESULTS,Enrollment Appointment Completed Count,
_MDD_JCT_CREDIBLE_CLIENT_LAB_TEST_RESULTS,Enrollment Admission Type,
_MDD_JCT_CREDIBLE_CLIENT_LAB_TEST_RESULTS,Enrollment Admission Source,
_MDD_JCT_CREDIBLE_CLIENT_LAB_TEST_RESULTS,Enrollment Admission Dx,
_MDD_JCT_CREDIBLE_CLIENT_LAB_TEST_RESULTS,Enrollment Referral Date,
_MDD_JCT_CREDIBLE_CLIENT_LAB_TEST_RESULTS,Enrollment Referral Source,
_MDD_JCT_CREDIBLE_CLIENT_LAB_TEST_RESULTS,Enrollment Referral By,
_MDD_JCT_CREDIBLE_CLIENT_LAB_TEST_RESULTS,Enrollment Referral Provider NPI,
_MDD_JCT_CREDIBLE_CLIENT_LAB_TEST_RESULTS,Enrollment Referral Provider NPI Link,
_MDD_JCT_CREDIBLE_CLIENT_LAB_TEST_RESULTS,Enrollment Referral Provider Name First,The enrollment referral provider's first name.
_MDD_JCT_CREDIBLE_CLIENT_LAB_TEST_RESULTS,Enrollment Referral Provider Name Last,The enrollment referral provider's last name.
_MDD_JCT_CREDIBLE_CLIENT_LAB_TEST_RESULTS,Enrollment Referral Provider Name First & Last,
_MDD_JCT_CREDIBLE_CLIENT_LAB_TEST_RESULTS,Enrollment Referral Provider Name Last & First,
_MDD_JCT_CREDIBLE_CLIENT_LAB_TEST_RESULTS,Enrollment Open-Closed,
_MDD_JCT_CREDIBLE_CLIENT_LAB_TEST_RESULTS,Enrollment Since Open Hours,
_MDD_JCT_CREDIBLE_CLIENT_LAB_TEST_RESULTS,Enrollment Since Open Days,
_MDD_JCT_CREDIBLE_CLIENT_LAB_TEST_RESULTS,Enrollment Since Open Weeks,
_MDD_JCT_CREDIBLE_CLIENT_LAB_TEST_RESULTS,Enrollment Since Open Months,
_MDD_JCT_CREDIBLE_CLIENT_LAB_TEST_RESULTS,Enrollment Since Open Years,
_MDD_JCT_CREDIBLE_CLIENT_LAB_TEST_RESULTS,Enrollment Since Close Hours,
_MDD_JCT_CREDIBLE_CLIENT_LAB_TEST_RESULTS,Enrollment Since Close Days,
_MDD_JCT_CREDIBLE_CLIENT_LAB_TEST_RESULTS,Enrollment Since Close Weeks,
_MDD_JCT_CREDIBLE_CLIENT_LAB_TEST_RESULTS,Enrollment Since Close Months,
_MDD_JCT_CREDIBLE_CLIENT_LAB_TEST_RESULTS,Enrollment Since Close Years,
_MDD_JCT_CREDIBLE_CLIENT_LAB_TEST_RESULTS,Enrollment Start Fiscal Year,
_MDD_JCT_CREDIBLE_CLIENT_LAB_TEST_RESULTS,Enrollment End Fiscal Year,
_MDD_JCT_CREDIBLE_CLIENT_LAB_TEST_RESULTS,Enrollment LoS Hours,
_MDD_JCT_CREDIBLE_CLIENT_LAB_TEST_RESULTS,Enrollment LoS Days,
_MDD_JCT_CREDIBLE_CLIENT_LAB_TEST_RESULTS,Enrollment LoS Weeks,
_MDD_JCT_CREDIBLE_CLIENT_LAB_TEST_RESULTS,Enrollment LoS Months,
_MDD_JCT_CREDIBLE_CLIENT_LAB_TEST_RESULTS,Enrollment LoS Years,
_MDD_JCT_CREDIBLE_CLIENT_LAB_TEST_RESULTS,Enrollment Sequence ASC,
_MDD_JCT_CREDIBLE_CLIENT_LAB_TEST_RESULTS,Enrollment Sequence DESC,
_MDD_JCT_CREDIBLE_CLIENT_LAB_TEST_RESULTS,Enrollment Link,
_MDD_JCT_CREDIBLE_CLIENT_LAB_TEST_RESULTS,Enrollment Likely Error,
_MDD_JCT_CREDIBLE_CLIENT_LAB_TEST_RESULTS,Program ID External,
_MDD_JCT_CREDIBLE_CLIENT_LAB_TEST_RESULTS,Program Name,
_MDD_JCT_CREDIBLE_CLIENT_LAB_TEST_RESULTS,Program Code,
_MDD_JCT_CREDIBLE_CLIENT_LAB_TEST_RESULTS,Program Group Without Nulls,
_MDD_JCT_CREDIBLE_CLIENT_LAB_TEST_RESULTS,Program Group,
_MDD_JCT_CREDIBLE_CLIENT_LAB_TEST_RESULTS,Program Group > Name,
_MDD_JCT_CREDIBLE_CLIENT_LAB_TEST_RESULTS,Program Is Residential,
_MDD_JCT_CREDIBLE_CLIENT_LAB_TEST_RESULTS,Program Tx Setting,
_MDD_JCT_CREDIBLE_CLIENT_LAB_TEST_RESULTS,Program Revenue Code,
_MDD_JCT_CREDIBLE_CLIENT_LAB_TEST_RESULTS,Program Created Date,The date the Program record was created.
_MDD_JCT_CREDIBLE_CLIENT_LAB_TEST_RESULTS,Program Created Date Fiscal Year,
_MDD_JCT_CREDIBLE_CLIENT_LAB_TEST_RESULTS,Program Created By Employee ID,Unique ID of the Program Created By Employee.
_MDD_JCT_CREDIBLE_CLIENT_LAB_TEST_RESULTS,Program Updated Date,The date the Program record was last updated.
_MDD_JCT_CREDIBLE_CLIENT_LAB_TEST_RESULTS,Program Updated Date Fiscal Year,
_MDD_JCT_CREDIBLE_CLIENT_LAB_TEST_RESULTS,Program Updated By Employee ID,Unique ID of the Program Updated By Employee.
_MDD_JCT_CREDIBLE_CLIENT_LAB_TEST_RESULTS,Program Active Episode Count,Count of active program episodes carried onto the lab test result row from related program context. This field is supplemental for lab analysis and is not a preferred primary measure for overall program census compared with Appointments or Enrollments.
_MDD_JCT_CREDIBLE_CLIENT_LAB_TEST_RESULTS,Program Active Client Assignment Count,
_MDD_JCT_CREDIBLE_CLIENT_LAB_TEST_RESULTS,Program Active Client Assignment Primary Count,
_MDD_JCT_CREDIBLE_CLIENT_LAB_TEST_RESULTS,Medication ID RxNorm,
_MDD_JCT_CREDIBLE_CLIENT_LAB_TEST_RESULTS,Medication ID National Drug Code,This NDC value can be linked to external NDC reference datasets for medication enrichment. The ndc recorded for the medication.
_MDD_JCT_CREDIBLE_CLIENT_LAB_TEST_RESULTS,Med ID First Databank ID,Unique ID of the Med ID First Databank.
_MDD_JCT_CREDIBLE_CLIENT_LAB_TEST_RESULTS,Medication Instructions Frequency Freetext,
_MDD_JCT_CREDIBLE_CLIENT_LAB_TEST_RESULTS,Medication Instructions Dose,
_MDD_JCT_CREDIBLE_CLIENT_LAB_TEST_RESULTS,Medication Dose Action,
_MDD_JCT_CREDIBLE_CLIENT_LAB_TEST_RESULTS,Medication Instructions Freetext,
_MDD_JCT_CREDIBLE_CLIENT_LAB_TEST_RESULTS,Medication Instructions Route,
_MDD_JCT_CREDIBLE_CLIENT_LAB_TEST_RESULTS,Medication Instructions Route Per,
_MDD_JCT_CREDIBLE_CLIENT_LAB_TEST_RESULTS,Medication Instructions Route Time,
_MDD_JCT_CREDIBLE_CLIENT_LAB_TEST_RESULTS,Medication Instructions Combined,
_MDD_JCT_CREDIBLE_CLIENT_LAB_TEST_RESULTS,Medication Instructions Rx,
_MDD_JCT_CREDIBLE_CLIENT_LAB_TEST_RESULTS,Medication Strength,This is a best-effort parsed strength value and may not be fully accurate in all cases. The medication strength in a cleaned-up form.
_MDD_JCT_CREDIBLE_CLIENT_LAB_TEST_RESULTS,Medication Strength Unit,This is a best-effort parsed unit value and may not be fully accurate in all cases. The unit parsed from the strength text.
_MDD_JCT_CREDIBLE_CLIENT_LAB_TEST_RESULTS,Medication Status,
_MDD_JCT_CREDIBLE_CLIENT_LAB_TEST_RESULTS,Medication Rx Refills,
_MDD_JCT_CREDIBLE_CLIENT_LAB_TEST_RESULTS,Medication Rx Days Supply,
_MDD_JCT_CREDIBLE_CLIENT_LAB_TEST_RESULTS,Medication Instruction Dose Qty,
_MDD_JCT_CREDIBLE_CLIENT_LAB_TEST_RESULTS,Medication ICD10 Code,
_MDD_JCT_CREDIBLE_CLIENT_LAB_TEST_RESULTS,Medication Schedule,
_MDD_JCT_CREDIBLE_CLIENT_LAB_TEST_RESULTS,Medication Classification,
_MDD_JCT_CREDIBLE_CLIENT_LAB_TEST_RESULTS,Medication Name,
_MDD_JCT_CREDIBLE_CLIENT_LAB_TEST_RESULTS,Medication Date Started,
_MDD_JCT_CREDIBLE_CLIENT_LAB_TEST_RESULTS,Medication Date Discontinued,
_MDD_JCT_CREDIBLE_CLIENT_LAB_TEST_RESULTS,Medication Start,
_MDD_JCT_CREDIBLE_CLIENT_LAB_TEST_RESULTS,Medication End,
_MDD_JCT_CREDIBLE_CLIENT_LAB_TEST_RESULTS,Medication Date Changed,
_MDD_JCT_CREDIBLE_CLIENT_LAB_TEST_RESULTS,Medication Reason,
_MDD_JCT_CREDIBLE_CLIENT_LAB_TEST_RESULTS,Medication Prescription Status,
_MDD_JCT_CREDIBLE_CLIENT_LAB_TEST_RESULTS,Medication Supervised By,
_MDD_JCT_CREDIBLE_CLIENT_LAB_TEST_RESULTS,Medication Supervised By User ID,Unique ID of the Medication Supervised By User.
_MDD_JCT_CREDIBLE_CLIENT_LAB_TEST_RESULTS,Medication Created By,
_MDD_JCT_CREDIBLE_CLIENT_LAB_TEST_RESULTS,Medication Created By User ID,Unique ID of the Medication Created By User.
_MDD_JCT_CREDIBLE_CLIENT_LAB_TEST_RESULTS,Medication Created Date,The date the Medication record was created.
_MDD_JCT_CREDIBLE_CLIENT_LAB_TEST_RESULTS,Medication Updated Date,The date the Medication record was last updated.
_MDD_JCT_CREDIBLE_CLIENT_LAB_TEST_RESULTS,Appointment ID,Unique ID of the Appointment.
_MDD_JCT_CREDIBLE_CLIENT_LAB_TEST_RESULTS,Medication Order Status,
_MDD_JCT_CREDIBLE_CLIENT_LAB_TEST_RESULTS,Medication Link NLM RxNav,
_MDD_JCT_CREDIBLE_CLIENT_LAB_TEST_RESULTS,User ID,Unique ID of the User.
_MDD_JCT_CREDIBLE_CLIENT_LAB_TEST_RESULTS,Lab Order Transmission Date,
_MDD_JCT_CREDIBLE_CLIENT_LAB_TEST_TYPES,Lab Test Type ID,Unique ID of the Lab Test Type.
_MDD_JCT_CREDIBLE_CLIENT_LAB_TEST_TYPES,Lab Test Type Facility ID,Unique ID of the Lab Test Type Facility.
_MDD_JCT_CREDIBLE_CLIENT_LAB_TEST_TYPES,Lab Test Type Description,
_MDD_JCT_CREDIBLE_CLIENT_LAB_TEST_TYPES,Lab Test Type LOINC Code,
_MDD_JCT_CREDIBLE_CLIENT_MEDS,Medication ID,Unique ID of the Medication.
_MDD_JCT_CREDIBLE_CLIENT_MEDS,Medication ID RxNorm,The drug ID assigned by the US National Library of Medicine.
_MDD_JCT_CREDIBLE_CLIENT_MEDS,Medication ID National Drug Code,The drug ID assigned by the FDA.
_MDD_JCT_CREDIBLE_CLIENT_MEDS,Med ID First Databank ID,Unique ID of the Med ID First Databank.
_MDD_JCT_CREDIBLE_CLIENT_MEDS,Client ID,Unique ID of the Client.
_MDD_JCT_CREDIBLE_CLIENT_MEDS,Medication Instructions Frequency Freetext,"Freeform frequency by a prescriber, typically associated with medication."
_MDD_JCT_CREDIBLE_CLIENT_MEDS,Medication Instructions Dose,"Dosage instructed by a prescriber, typically associated with medication."
_MDD_JCT_CREDIBLE_CLIENT_MEDS,Medication Dose Action,The action/method of dosing done by the human.
_MDD_JCT_CREDIBLE_CLIENT_MEDS,Medication Instructions Freetext,"Freeform instructions by a prescriber, typically associated with medication."
_MDD_JCT_CREDIBLE_CLIENT_MEDS,Medication Instructions Route,"Route of medication by a prescriber, typcailly associated with medication."
_MDD_JCT_CREDIBLE_CLIENT_MEDS,Medication Instructions Route Per,"Route per frequency of medication by a prescriber, typcailly associated with medication."
_MDD_JCT_CREDIBLE_CLIENT_MEDS,Medication Instructions Route Time,"Route temporal type of medication by a prescriber, typcailly associated with medication."
_MDD_JCT_CREDIBLE_CLIENT_MEDS,Medication Instructions Combined,Combined instructions typically associated with medication.
_MDD_JCT_CREDIBLE_CLIENT_MEDS,Medication Instructions Rx,Combined instructions typically associated with medication.
_MDD_JCT_CREDIBLE_CLIENT_MEDS,Medication Strength,The strength of the medicine associated with a given time span.
_MDD_JCT_CREDIBLE_CLIENT_MEDS,Medication Strength Unit,The strength unit used to express the strength of the medicine associated with a given time span.
_MDD_JCT_CREDIBLE_CLIENT_MEDS,Medication Status,"The individual's status in the system, typically ""active"", ""inactive"", or ""pending"". The client status value as recorded."
_MDD_JCT_CREDIBLE_CLIENT_MEDS,Medication Rx Refills,
_MDD_JCT_CREDIBLE_CLIENT_MEDS,Medication Rx Days Supply,
_MDD_JCT_CREDIBLE_CLIENT_MEDS,Medication Instruction Dose Qty,A quantity of medication instructed to take.
_MDD_JCT_CREDIBLE_CLIENT_MEDS,Medication ICD10 Code,"The diagnosis code associated with the International Statistical Classification of Diseases and Related Health Problems, 10th Revision."
_MDD_JCT_CREDIBLE_CLIENT_MEDS,Medication Schedule,The medication schedule number as defined by the DEA.
_MDD_JCT_CREDIBLE_CLIENT_MEDS,Medication Classification,*Not defined broadly. See specific fields for nuanced definition.*.
_MDD_JCT_CREDIBLE_CLIENT_MEDS,Medication Name,
_MDD_JCT_CREDIBLE_CLIENT_MEDS,Medication Date Started,DO NOT USE.
_MDD_JCT_CREDIBLE_CLIENT_MEDS,Medication Date Discontinued,DO NOT USE.
_MDD_JCT_CREDIBLE_CLIENT_MEDS,Medication Start,"The start of the time span, as a date or datetime value."
_MDD_JCT_CREDIBLE_CLIENT_MEDS,Medication End,"The end of the time span, as a date or datetime value."
_MDD_JCT_CREDIBLE_CLIENT_MEDS,Medication Date Changed,The date when a change was made to the medication.
_MDD_JCT_CREDIBLE_CLIENT_MEDS,Medication Reason,The reason associated with the time span.
_MDD_JCT_CREDIBLE_CLIENT_MEDS,Medication Prescription Status,"Indicates whether a medication associated with a time span is prescribed by an agency prescriber, an external provider, or over the counter."
_MDD_JCT_CREDIBLE_CLIENT_MEDS,Order ID,Unique ID of the Order.
_MDD_JCT_CREDIBLE_CLIENT_MEDS,Medication Supervised By,
_MDD_JCT_CREDIBLE_CLIENT_MEDS,Medication Supervised By User ID,Unique ID of the Medication Supervised By User.
_MDD_JCT_CREDIBLE_CLIENT_MEDS,Medication Created By,
_MDD_JCT_CREDIBLE_CLIENT_MEDS,Medication Created By User ID,Unique ID of the Medication Created By User.
_MDD_JCT_CREDIBLE_CLIENT_MEDS,Medication Created Date,The date the Medication record was created.
_MDD_JCT_CREDIBLE_CLIENT_MEDS,Medication Updated Date,The date the Medication record was last updated.
_MDD_JCT_CREDIBLE_CLIENT_MEDS,Appointment ID,Unique ID of the Appointment.
_MDD_JCT_CREDIBLE_CLIENT_MEDS,Medication Order Status,The status of the order as shaped by this module. This status is determined by module logic using whether the order end date is missing or in the future.
_MDD_JCT_CREDIBLE_CLIENT_MEDS,Medication Link NLM RxNav,
_MDD_JCT_CREDIBLE_CLIENT_MEDS,Client ID External,
_MDD_JCT_CREDIBLE_CLIENT_MEDS,Client ID Social Security Number,
_MDD_JCT_CREDIBLE_CLIENT_MEDS,Client ID Fuzzy A2,
_MDD_JCT_CREDIBLE_CLIENT_MEDS,Client ID JCT Fuzzy A0,
_MDD_JCT_CREDIBLE_CLIENT_MEDS,Client ID JCT Fuzzy A1,
_MDD_JCT_CREDIBLE_CLIENT_MEDS,Client Name First & Last,The client's name formatted as first and last.
_MDD_JCT_CREDIBLE_CLIENT_MEDS,Client Name Last & First,"The client's name formatted as last, first."
_MDD_JCT_CREDIBLE_CLIENT_MEDS,Client Name First & Last w/Initial,
_MDD_JCT_CREDIBLE_CLIENT_MEDS,Client Name First & Last w/Initial & Client ID,Unique ID of the Client Name First & Last w/Initial & Client.
_MDD_JCT_CREDIBLE_CLIENT_MEDS,Client Name Last & First w/Initial,
_MDD_JCT_CREDIBLE_CLIENT_MEDS,Client Name Last & First w/Initial & Client ID,Unique ID of the Client Name Last & First w/Initial & Client.
_MDD_JCT_CREDIBLE_CLIENT_MEDS,Client Name Middle,
_MDD_JCT_CREDIBLE_CLIENT_MEDS,Client Name First,The client's first name.
_MDD_JCT_CREDIBLE_CLIENT_MEDS,Client Name Last,The client's last name.
_MDD_JCT_CREDIBLE_CLIENT_MEDS,Client Date of Birth,The client's date of birth.
_MDD_JCT_CREDIBLE_CLIENT_MEDS,Client Date of Death,
_MDD_JCT_CREDIBLE_CLIENT_MEDS,Client Admission Date,The date the client was admitted.
_MDD_JCT_CREDIBLE_CLIENT_MEDS,Client Admission Date Fiscal Year,The fiscal year of the client admission date.
_MDD_JCT_CREDIBLE_CLIENT_MEDS,Client Discharge Date,The date the client was discharged.
_MDD_JCT_CREDIBLE_CLIENT_MEDS,Client Discharge Date Fiscal Year,The fiscal year of the client discharge date.
_MDD_JCT_CREDIBLE_CLIENT_MEDS,Client Age in Hours,
_MDD_JCT_CREDIBLE_CLIENT_MEDS,Client Age in Days,The client's age expressed in days based on date of birth.
_MDD_JCT_CREDIBLE_CLIENT_MEDS,Client Age in Months,The client's age expressed in months based on date of birth.
_MDD_JCT_CREDIBLE_CLIENT_MEDS,Client Age in Years,The client's age expressed in years based on date of birth.
_MDD_JCT_CREDIBLE_CLIENT_MEDS,Client Age In Years Old Difference,
_MDD_JCT_CREDIBLE_CLIENT_MEDS,Client Status,The client status value as recorded.
_MDD_JCT_CREDIBLE_CLIENT_MEDS,Client Status ID,Unique ID of the Client Status.
_MDD_JCT_CREDIBLE_CLIENT_MEDS,Client Is Active,Indicates whether the client is active.
_MDD_JCT_CREDIBLE_CLIENT_MEDS,Client Is Inactive,Indicates whether the client is inactive.
_MDD_JCT_CREDIBLE_CLIENT_MEDS,Client Is Pending,
_MDD_JCT_CREDIBLE_CLIENT_MEDS,Client Visibility,
_MDD_JCT_CREDIBLE_CLIENT_MEDS,Client Ethnicity 1,
_MDD_JCT_CREDIBLE_CLIENT_MEDS,Client Ethnicity 1 ID,Unique ID of the Client Ethnicity 1.
_MDD_JCT_CREDIBLE_CLIENT_MEDS,Client Ethnicity 1 Granular,
_MDD_JCT_CREDIBLE_CLIENT_MEDS,Client Ethnicity 1 Granular ID,Unique ID of the Client Ethnicity 1 Granular.
_MDD_JCT_CREDIBLE_CLIENT_MEDS,Client Race 1,
_MDD_JCT_CREDIBLE_CLIENT_MEDS,Client Race 2,
_MDD_JCT_CREDIBLE_CLIENT_MEDS,Client Race 3,
_MDD_JCT_CREDIBLE_CLIENT_MEDS,Client Race 1 ID,Unique ID of the Client Race 1.
_MDD_JCT_CREDIBLE_CLIENT_MEDS,Client Race 2 ID,Unique ID of the Client Race 2.
_MDD_JCT_CREDIBLE_CLIENT_MEDS,Client Race 3 ID,Unique ID of the Client Race 3.
_MDD_JCT_CREDIBLE_CLIENT_MEDS,Client Race Granular,
_MDD_JCT_CREDIBLE_CLIENT_MEDS,Client Race Granular ID,Unique ID of the Client Race Granular.
_MDD_JCT_CREDIBLE_CLIENT_MEDS,Client Preferred Language,
_MDD_JCT_CREDIBLE_CLIENT_MEDS,Client Preferred Language ID,Unique ID of the Client Preferred Language.
_MDD_JCT_CREDIBLE_CLIENT_MEDS,Client Sex,"The client's sex as recorded. QuickMAR does not provide separate source fields for sex and gender, so this value is sourced from the same underlying field as [Client Gender]."
_MDD_JCT_CREDIBLE_CLIENT_MEDS,Client Sex ID,Unique ID of the Client Sex.
_MDD_JCT_CREDIBLE_CLIENT_MEDS,Client Employment Status,
_MDD_JCT_CREDIBLE_CLIENT_MEDS,Client Employment Status ID,Unique ID of the Client Employment Status.
_MDD_JCT_CREDIBLE_CLIENT_MEDS,Client Gender Identity,
_MDD_JCT_CREDIBLE_CLIENT_MEDS,Client Gender Identity ID,Unique ID of the Client Gender Identity.
_MDD_JCT_CREDIBLE_CLIENT_MEDS,Client Marital Status,
_MDD_JCT_CREDIBLE_CLIENT_MEDS,Client Marital Status ID,Unique ID of the Client Marital Status.
_MDD_JCT_CREDIBLE_CLIENT_MEDS,Client Sexual Orientation,
_MDD_JCT_CREDIBLE_CLIENT_MEDS,Client Sexual Orientation ID,Unique ID of the Client Sexual Orientation.
_MDD_JCT_CREDIBLE_CLIENT_MEDS,Client Military Status,
_MDD_JCT_CREDIBLE_CLIENT_MEDS,Client Military Status ID,Unique ID of the Client Military Status.
_MDD_JCT_CREDIBLE_CLIENT_MEDS,Client Created Date,The date the Client record was created.
_MDD_JCT_CREDIBLE_CLIENT_MEDS,Client Updated Date,The date the Client record was last updated.
_MDD_JCT_CREDIBLE_CLIENT_MEDS,Client Programs,
_MDD_JCT_CREDIBLE_CLIENT_MEDS,Client Teams,
_MDD_JCT_CREDIBLE_CLIENT_MEDS,Client Referral NPI,
_MDD_JCT_CREDIBLE_CLIENT_MEDS,Client Referral NPI Link,
_MDD_JCT_CREDIBLE_CLIENT_MEDS,Client Age Group,
_MDD_JCT_CREDIBLE_CLIENT_MEDS,Client Age Group Sort Order,
_MDD_JCT_CREDIBLE_CLIENT_MEDS,Client Age In Years Old,
_MDD_JCT_CREDIBLE_CLIENT_MEDS,Client ID FA0,
_MDD_JCT_CREDIBLE_CLIENT_MEDS,Client ID FA1,
_MDD_JCT_CREDIBLE_CLIENT_MEDS,Client Link,
_MDD_JCT_CREDIBLE_CLIENT_MEDS,Client Link Schedule (1st Available),
_MDD_JCT_CREDIBLE_CLIENT_MEDS,Client Link Add Service,
_MDD_JCT_CREDIBLE_CLIENT_MEDS,Client Link Allergies,
_MDD_JCT_CREDIBLE_CLIENT_MEDS,Client Link Amendments,
_MDD_JCT_CREDIBLE_CLIENT_MEDS,Client Link Attachments,
_MDD_JCT_CREDIBLE_CLIENT_MEDS,Client Link Authorizations,
_MDD_JCT_CREDIBLE_CLIENT_MEDS,Client Link Bed Assignments,
_MDD_JCT_CREDIBLE_CLIENT_MEDS,Client Link Client Profile Extended,
_MDD_JCT_CREDIBLE_CLIENT_MEDS,Client Link Contacts,
_MDD_JCT_CREDIBLE_CLIENT_MEDS,Client Link Claims,
_MDD_JCT_CREDIBLE_CLIENT_MEDS,Client Link Links,
_MDD_JCT_CREDIBLE_CLIENT_MEDS,Client Link Clinical Support,
_MDD_JCT_CREDIBLE_CLIENT_MEDS,Client Link Tx Plan (Credible Plan),
_MDD_JCT_CREDIBLE_CLIENT_MEDS,Client Link Dashboard,
_MDD_JCT_CREDIBLE_CLIENT_MEDS,Client Link Diagnosis,
_MDD_JCT_CREDIBLE_CLIENT_MEDS,Client Link eMAR Group,
_MDD_JCT_CREDIBLE_CLIENT_MEDS,Client Link eMAR,
_MDD_JCT_CREDIBLE_CLIENT_MEDS,Client Link Employee Assignments,
_MDD_JCT_CREDIBLE_CLIENT_MEDS,Client Link Episodes,
_MDD_JCT_CREDIBLE_CLIENT_MEDS,Client Link External Providers,
_MDD_JCT_CREDIBLE_CLIENT_MEDS,Client Link Family,
_MDD_JCT_CREDIBLE_CLIENT_MEDS,Client Link Form Groups,
_MDD_JCT_CREDIBLE_CLIENT_MEDS,Client Link GeoAreeas,
_MDD_JCT_CREDIBLE_CLIENT_MEDS,Client Link Implantable Devices,
_MDD_JCT_CREDIBLE_CLIENT_MEDS,Client Link Insurance,
_MDD_JCT_CREDIBLE_CLIENT_MEDS,Client Link Ledger,
_MDD_JCT_CREDIBLE_CLIENT_MEDS,Client Link Liability,
_MDD_JCT_CREDIBLE_CLIENT_MEDS,Client Link Log,
_MDD_JCT_CREDIBLE_CLIENT_MEDS,Client Link Medical Profile,
_MDD_JCT_CREDIBLE_CLIENT_MEDS,Client Link Medications,
_MDD_JCT_CREDIBLE_CLIENT_MEDS,Client Link Notes,
_MDD_JCT_CREDIBLE_CLIENT_MEDS,Client Link Notification,
_MDD_JCT_CREDIBLE_CLIENT_MEDS,Client Link Orders,
_MDD_JCT_CREDIBLE_CLIENT_MEDS,Client Link Overview,
_MDD_JCT_CREDIBLE_CLIENT_MEDS,Client Link Payments,
_MDD_JCT_CREDIBLE_CLIENT_MEDS,Client Link Payment Plans,
_MDD_JCT_CREDIBLE_CLIENT_MEDS,Client Link Program,
_MDD_JCT_CREDIBLE_CLIENT_MEDS,Client Link Profile,
_MDD_JCT_CREDIBLE_CLIENT_MEDS,Client Link Schedule,
_MDD_JCT_CREDIBLE_CLIENT_MEDS,Client Link Service List,
_MDD_JCT_CREDIBLE_CLIENT_MEDS,Client Link Schedule Grp,
_MDD_JCT_CREDIBLE_CLIENT_MEDS,Client Link Team,
_MDD_JCT_CREDIBLE_CLIENT_MEDS,Client Link Users,
_MDD_JCT_CREDIBLE_CLIENT_MEDS,Client Link Warnings,
_MDD_JCT_CREDIBLE_CLIENT_MEDS,Client Assigned Users Active Primary Count,
_MDD_JCT_CREDIBLE_CLIENT_MEDS,Client Assigned Users Primary Count,
_MDD_JCT_CREDIBLE_CLIENT_MEDS,Client Assigned Employees Primary,
_MDD_JCT_CREDIBLE_CLIENT_MEDS,Client Assigned Users Primary,
_MDD_JCT_CREDIBLE_CLIENT_MEDS,Client Assigned Users Active Primary,
_MDD_JCT_CREDIBLE_CLIENT_MEDS,Client Address Primary ID Fuzzy A0,
_MDD_JCT_CREDIBLE_CLIENT_MEDS,Client Address Primary 1,
_MDD_JCT_CREDIBLE_CLIENT_MEDS,Client Address Primary 2,
_MDD_JCT_CREDIBLE_CLIENT_MEDS,Client Address Primary City,
_MDD_JCT_CREDIBLE_CLIENT_MEDS,Client Address Primary State,
_MDD_JCT_CREDIBLE_CLIENT_MEDS,Client Address Primary Zip,
_MDD_JCT_CREDIBLE_CLIENT_MEDS,Client Address Primary County,
_MDD_JCT_CREDIBLE_CLIENT_MEDS,Client Address Primary Country,
_MDD_JCT_CREDIBLE_CLIENT_MEDS,Client Address Billing 1,
_MDD_JCT_CREDIBLE_CLIENT_MEDS,Client Address Billing 2,
_MDD_JCT_CREDIBLE_CLIENT_MEDS,Client Address Billing City,
_MDD_JCT_CREDIBLE_CLIENT_MEDS,Client Address Billing State,
_MDD_JCT_CREDIBLE_CLIENT_MEDS,Client Address Billing Zip,
_MDD_JCT_CREDIBLE_CLIENT_MEDS,Client Address Billing County,
_MDD_JCT_CREDIBLE_CLIENT_MEDS,Client Address Billing Country,
_MDD_JCT_CREDIBLE_CLIENT_MEDS,Client Phone Home Fuzzy A0,
_MDD_JCT_CREDIBLE_CLIENT_MEDS,Client Phone Home,
_MDD_JCT_CREDIBLE_CLIENT_MEDS,Client Phone Mobile Fuzzy A0,
_MDD_JCT_CREDIBLE_CLIENT_MEDS,Client Phone Mobile,
_MDD_JCT_CREDIBLE_CLIENT_MEDS,Order Signed Date,
_MDD_JCT_CREDIBLE_CLIENT_MEDS,Order Signed By,
_MDD_JCT_CREDIBLE_CLIENT_MEDS,Ordering Prescriber User ID,Unique ID of the Ordering Prescriber User.
_MDD_JCT_CREDIBLE_CLIENT_MEDS,Ordering Prescriber User Name First & Last w/Initial,The ordering prescriber's name.
_MDD_JCT_CREDIBLE_CLIENT_MEDS,Order Type,The order type value as shaped by this module. A source SQL comment notes that the human-readable mapping of order type code values is still pending confirmation. Human-readable order-type mappings are still pending external confirmation.
_MDD_JCT_CREDIBLE_CLIENT_MEDS,Order Status,The status of the order as shaped by this module. This status is determined by module logic using whether the order end date is missing or in the future.
_MDD_JCT_CREDIBLE_CLIENT_MEDS,Order Created Date,The date the Order record was created.
_MDD_JCT_CREDIBLE_CLIENT_MEDS,Order Updated Date,The date the Order record was last updated.
_MDD_JCT_CREDIBLE_CLIENT_MEDS,Ordering External Prescriber ID,Unique ID of the Ordering External Prescriber.
_MDD_JCT_CREDIBLE_CLIENT_MEDS,Lab Facility ID,Unique ID of the Lab Facility.
_MDD_JCT_CREDIBLE_CLIENT_MEDS,Lab Facility Name,
_MDD_JCT_CREDIBLE_CLIENT_MEDS,Insurance Plan ID,Unique ID of the Insurance Plan.
_MDD_JCT_CREDIBLE_CLIENT_MEDS,Payer ID,Unique ID of the Payer.
_MDD_JCT_CREDIBLE_CLIENT_MEDS,Insurance Plan Start Date,
_MDD_JCT_CREDIBLE_CLIENT_MEDS,Insurance Plan End Date,
_MDD_JCT_CREDIBLE_CLIENT_MEDS,Insurance Plan Billing Order,
_MDD_JCT_CREDIBLE_CLIENT_MEDS,Insurance Plan Policy Number,
_MDD_JCT_CREDIBLE_CLIENT_MEDS,Insurance Plan Policy Name,
_MDD_JCT_CREDIBLE_CLIENT_MEDS,Insurance Plan Policy Group No,
_MDD_JCT_CREDIBLE_CLIENT_MEDS,Insurance Plan Type,
_MDD_JCT_CREDIBLE_CLIENT_MEDS,Payer Name,
_MDD_JCT_CREDIBLE_CLIENT_MEDS,Payer Is CMS,
_MDD_JCT_CREDIBLE_CLIENT_MEDS,Payer Is Medicaid,
_MDD_JCT_CREDIBLE_CLIENT_MEDS,Payer Is Medicare,
_MDD_JCT_CREDIBLE_CLIENT_MEDS,Payer Type Class Code,
_MDD_JCT_CREDIBLE_CLIENT_MEDS,Insurance Plan Status,
_MDD_JCT_CREDIBLE_CLIENT_MEDS,Insurance Plan Subscriber,
_MDD_JCT_CREDIBLE_CLIENT_MEDS,Insurance Plan Created Date,The date the Insurance Plan record was created.
_MDD_JCT_CREDIBLE_CLIENT_MEDS,Insurance Plan Updated Date,The date the Insurance Plan record was last updated.
_MDD_JCT_CREDIBLE_CLIENT_MEDS,Payer Type,
_MDD_JCT_CREDIBLE_CLIENT_MEDS,Payer Type ID,Unique ID of the Payer Type.
_MDD_JCT_CREDIBLE_CLIENT_MEDS,Payer Type Category,
_MDD_JCT_CREDIBLE_CLIENT_MEDS,Payer Type Name,
_MDD_JCT_CREDIBLE_CLIENT_MEDS,Payer Is Tricare,
_MDD_JCT_CREDIBLE_CLIENT_MEDS,Payer Is Commercial,
_MDD_JCT_CREDIBLE_CLIENT_MEDS,Payer Code,
_MDD_JCT_CREDIBLE_CLIENT_MEDS,Payer Address 1,
_MDD_JCT_CREDIBLE_CLIENT_MEDS,Payer Address 2,
_MDD_JCT_CREDIBLE_CLIENT_MEDS,Payer Address City,
_MDD_JCT_CREDIBLE_CLIENT_MEDS,Payer State,
_MDD_JCT_CREDIBLE_CLIENT_MEDS,Payer Address Zip,
_MDD_JCT_CREDIBLE_CLIENT_MEDS,Payer Address Country,
_MDD_JCT_CREDIBLE_CLIENT_MEDS,Payer Phone,
_MDD_JCT_CREDIBLE_CLIENT_MEDS,Payer Fax,
_MDD_JCT_CREDIBLE_CLIENT_MEDS,Payer Created Date,The date the Payer record was created.
_MDD_JCT_CREDIBLE_CLIENT_MEDS,Payer Created By User ID,Unique ID of the Payer Created By User.
_MDD_JCT_CREDIBLE_CLIENT_MEDS,Payer Updated Date,The date the Payer record was last updated.
_MDD_JCT_CREDIBLE_CLIENT_ORDERS_LAB_ITEMS,Lab Order Item ID,Unique ID of the Lab Order Item.
_MDD_JCT_CREDIBLE_CLIENT_ORDERS_LAB_ITEMS,Order Item ID,Unique ID of the Order Item.
_MDD_JCT_CREDIBLE_CLIENT_ORDERS_LAB_ITEMS,Lab Order Insurance Plan ID,Unique ID of the Lab Order Insurance Plan.
_MDD_JCT_CREDIBLE_CLIENT_ORDERS_LAB_ITEMS,Lab Order Item Facility ID,Unique ID of the Lab Order Item Facility.
_MDD_JCT_CREDIBLE_CLIENT_ORDERS_LAB_ITEMS,Lab Order Item Facility Name,
_MDD_JCT_CREDIBLE_CLIENT_ORDERS_LAB_ITEMS,Lab Order Item Facility Account Number,
_MDD_JCT_CREDIBLE_CLIENT_ORDERS_LAB_ITEMS,Lab Order Item Patient Instructions,
_MDD_JCT_CREDIBLE_CLIENT_ORDERS_LAB_ITEMS,Lab Order Item Expiration Date,
_MDD_JCT_CREDIBLE_CLIENT_ORDERS_LAB_ITEMS,Lab Order Item Dx 1 ICD10 Code,
_MDD_JCT_CREDIBLE_CLIENT_ORDERS_LAB_ITEMS,Lab Order Item Dx 1 Description,
_MDD_JCT_CREDIBLE_CLIENT_ORDERS_LAB_ITEMS,Lab Order Item Dx 2 ICD10 Code,
_MDD_JCT_CREDIBLE_CLIENT_ORDERS_LAB_ITEMS,Lab Order Item Dx 2 Description,
_MDD_JCT_CREDIBLE_CLIENT_ORDERS_LAB_ITEMS,Lab Order Item Dx 3 ICD10 Code,
_MDD_JCT_CREDIBLE_CLIENT_ORDERS_LAB_ITEMS,Lab Order Item Dx 3 Description,
_MDD_JCT_CREDIBLE_CLIENT_ORDERS_LAB_ITEMS,Order ID,Unique ID of the Order.
_MDD_JCT_CREDIBLE_CLIENT_ORDERS_LAB_ITEMS,Client ID,Unique ID of the Client.
_MDD_JCT_CREDIBLE_CLIENT_ORDERS_LAB_ITEMS,Lab Order ID External,
_MDD_JCT_CREDIBLE_CLIENT_ORDERS_LAB_ITEMS,Lab Order ID External Secondary,
_MDD_JCT_CREDIBLE_CLIENT_ORDERS_LAB_ITEMS,Lab Insurance ID,Unique ID of the Lab Insurance.
_MDD_JCT_CREDIBLE_CLIENT_ORDERS_LAB_ITEMS,Lab Facility ID,Unique ID of the Lab Facility.
_MDD_JCT_CREDIBLE_CLIENT_ORDERS_LAB_ITEMS,Lab Facility Account Number,
_MDD_JCT_CREDIBLE_CLIENT_ORDERS_LAB_ITEMS,Lab Patient Instructions,
_MDD_JCT_CREDIBLE_CLIENT_ORDERS_LAB_ITEMS,Lab Speciman Send Date,
_MDD_JCT_CREDIBLE_CLIENT_ORDERS_LAB_ITEMS,Order Item Date,
_MDD_JCT_CREDIBLE_CLIENT_ORDERS_LAB_ITEMS,Order Item Status,The status recorded for the order item.
_MDD_JCT_CREDIBLE_CLIENT_ORDERS_LAB_ITEMS,Order Item Discontinued By User ID,Unique ID of the Order Item Discontinued By User.
_MDD_JCT_CREDIBLE_CLIENT_ORDERS_LAB_ITEMS,Order Item Discontinued Date,
_MDD_JCT_CREDIBLE_CLIENT_ORDERS_LAB_ITEMS,Order Item End By User ID,Unique ID of the Order Item End By User.
_MDD_JCT_CREDIBLE_CLIENT_ORDERS_LAB_ITEMS,Order Item End,
_MDD_JCT_CREDIBLE_CLIENT_ORDERS_LAB_ITEMS,Order Item Category,
_MDD_JCT_CREDIBLE_CLIENT_ORDERS_LAB_ITEMS,Order Item Signed Date,
_MDD_JCT_CREDIBLE_CLIENT_ORDERS_LAB_ITEMS,Order Item Signed By,
_MDD_JCT_CREDIBLE_CLIENT_ORDERS_LAB_ITEMS,Order Item Completed By,
_MDD_JCT_CREDIBLE_CLIENT_ORDERS_LAB_ITEMS,Order Item Completed Date,
_MDD_JCT_CREDIBLE_CLIENT_ORDERS_LAB_ITEMS,Order Item Reason,
_MDD_JCT_CREDIBLE_CLIENT_ORDERS_LAB_ITEMS,Order Item Type,
_MDD_JCT_CREDIBLE_CLIENT_ORDERS_LAB_ITEMS,Order Item Is Medication,"This is an inferred classification based on medication-like details, not an explicit structured medication flag from QuickMAR. Indicates whether the order item is considered a medication item."
_MDD_JCT_CREDIBLE_CLIENT_ORDERS_LAB_ITEMS,Order Item Is Prescription,Indicates whether the item is treated as a prescription.
_MDD_JCT_CREDIBLE_CLIENT_ORDERS_LAB_ITEMS,Order Item Is Lab,Indicates whether the order item is treated as a lab item. A source SQL comment notes this field is currently placeholder logic and may later be inferred from [Order Type]. This is currently a provisional placeholder because lab classification may later be inferred from [Order Type].
_MDD_JCT_CREDIBLE_CLIENT_ORDERS_LAB_ITEMS,Medication ID,Unique ID of the Medication.
_MDD_JCT_CREDIBLE_CLIENT_ORDERS_LAB_ITEMS,Enrollment ID,Unique ID of the Enrollment.
_MDD_JCT_CREDIBLE_CLIENT_ORDERS_LAB_ITEMS,Order Item Acknowledged Date,
_MDD_JCT_CREDIBLE_CLIENT_ORDERS_LAB_ITEMS,Order Item Acknowledgement,
_MDD_JCT_CREDIBLE_CLIENT_ORDERS_LAB_ITEMS,Dx ID,Unique ID of the Dx.
_MDD_JCT_CREDIBLE_CLIENT_ORDERS_LAB_ITEMS,Dx ICD10 Code,
_MDD_JCT_CREDIBLE_CLIENT_ORDERS_LAB_ITEMS,Order Item Due Date,
_MDD_JCT_CREDIBLE_CLIENT_ORDERS_LAB_ITEMS,Order Item Ordering External Prescriber ID,Unique ID of the Order Item Ordering External Prescriber.
_MDD_JCT_CREDIBLE_CLIENT_ORDERS_LAB_ITEMS,Order Item Prescriber ID,Unique ID of the Order Item Prescriber.
_MDD_JCT_CREDIBLE_CLIENT_ORDERS_LAB_ITEMS,Ordering Prescriber User Name First & Last w/Initial,The ordering prescriber's name.
_MDD_JCT_CREDIBLE_CLIENT_ORDERS_LAB_ITEMS,Lab Order ID,Unique ID of the Lab Order.
_MDD_JCT_CREDIBLE_CLIENT_ORDERS_LAB_ITEMS,Order Signed Date,
_MDD_JCT_CREDIBLE_CLIENT_ORDERS_LAB_ITEMS,Order Signed By,
_MDD_JCT_CREDIBLE_CLIENT_ORDERS_LAB_ITEMS,Ordering Prescriber User ID,Unique ID of the Ordering Prescriber User.
_MDD_JCT_CREDIBLE_CLIENT_ORDERS_LAB_ITEMS,Order Type,The order type value as shaped by this module. A source SQL comment notes that the human-readable mapping of order type code values is still pending confirmation. Human-readable order-type mappings are still pending external confirmation.
_MDD_JCT_CREDIBLE_CLIENT_ORDERS_LAB_ITEMS,Order Status,The status of the order as shaped by this module. This status is determined by module logic using whether the order end date is missing or in the future.
_MDD_JCT_CREDIBLE_CLIENT_ORDERS_LAB_ITEMS,Order Created Date,The date the Order record was created.
_MDD_JCT_CREDIBLE_CLIENT_ORDERS_LAB_ITEMS,Order Updated Date,The date the Order record was last updated.
_MDD_JCT_CREDIBLE_CLIENT_ORDERS_LAB_ITEMS,Ordering External Prescriber ID,Unique ID of the Ordering External Prescriber.
_MDD_JCT_CREDIBLE_CLIENT_ORDERS_LAB_ITEMS,Client ID External,
_MDD_JCT_CREDIBLE_CLIENT_ORDERS_LAB_ITEMS,Client ID Social Security Number,
_MDD_JCT_CREDIBLE_CLIENT_ORDERS_LAB_ITEMS,Client ID Fuzzy A2,
_MDD_JCT_CREDIBLE_CLIENT_ORDERS_LAB_ITEMS,Client ID JCT Fuzzy A0,
_MDD_JCT_CREDIBLE_CLIENT_ORDERS_LAB_ITEMS,Client ID JCT Fuzzy A1,
_MDD_JCT_CREDIBLE_CLIENT_ORDERS_LAB_ITEMS,Client Name First & Last,The client's name formatted as first and last.
_MDD_JCT_CREDIBLE_CLIENT_ORDERS_LAB_ITEMS,Client Name Last & First,"The client's name formatted as last, first."
_MDD_JCT_CREDIBLE_CLIENT_ORDERS_LAB_ITEMS,Client Name First & Last w/Initial,
_MDD_JCT_CREDIBLE_CLIENT_ORDERS_LAB_ITEMS,Client Name First & Last w/Initial & Client ID,Unique ID of the Client Name First & Last w/Initial & Client.
_MDD_JCT_CREDIBLE_CLIENT_ORDERS_LAB_ITEMS,Client Name Last & First w/Initial,
_MDD_JCT_CREDIBLE_CLIENT_ORDERS_LAB_ITEMS,Client Name Last & First w/Initial & Client ID,Unique ID of the Client Name Last & First w/Initial & Client.
_MDD_JCT_CREDIBLE_CLIENT_ORDERS_LAB_ITEMS,Client Name Middle,
_MDD_JCT_CREDIBLE_CLIENT_ORDERS_LAB_ITEMS,Client Name First,The client's first name.
_MDD_JCT_CREDIBLE_CLIENT_ORDERS_LAB_ITEMS,Client Name Last,The client's last name.
_MDD_JCT_CREDIBLE_CLIENT_ORDERS_LAB_ITEMS,Client Date of Birth,The client's date of birth.
_MDD_JCT_CREDIBLE_CLIENT_ORDERS_LAB_ITEMS,Client Date of Death,
_MDD_JCT_CREDIBLE_CLIENT_ORDERS_LAB_ITEMS,Client Admission Date,The date the client was admitted.
_MDD_JCT_CREDIBLE_CLIENT_ORDERS_LAB_ITEMS,Client Admission Date Fiscal Year,The fiscal year of the client admission date.
_MDD_JCT_CREDIBLE_CLIENT_ORDERS_LAB_ITEMS,Client Discharge Date,The date the client was discharged.
_MDD_JCT_CREDIBLE_CLIENT_ORDERS_LAB_ITEMS,Client Discharge Date Fiscal Year,The fiscal year of the client discharge date.
_MDD_JCT_CREDIBLE_CLIENT_ORDERS_LAB_ITEMS,Client Age in Hours,
_MDD_JCT_CREDIBLE_CLIENT_ORDERS_LAB_ITEMS,Client Age in Days,The client's age expressed in days based on date of birth.
_MDD_JCT_CREDIBLE_CLIENT_ORDERS_LAB_ITEMS,Client Age in Months,The client's age expressed in months based on date of birth.
_MDD_JCT_CREDIBLE_CLIENT_ORDERS_LAB_ITEMS,Client Age in Years,The client's age expressed in years based on date of birth.
_MDD_JCT_CREDIBLE_CLIENT_ORDERS_LAB_ITEMS,Client Age In Years Old Difference,
_MDD_JCT_CREDIBLE_CLIENT_ORDERS_LAB_ITEMS,Client Status,The client status value as recorded.
_MDD_JCT_CREDIBLE_CLIENT_ORDERS_LAB_ITEMS,Client Status ID,Unique ID of the Client Status.
_MDD_JCT_CREDIBLE_CLIENT_ORDERS_LAB_ITEMS,Client Is Active,Indicates whether the client is active.
_MDD_JCT_CREDIBLE_CLIENT_ORDERS_LAB_ITEMS,Client Is Inactive,Indicates whether the client is inactive.
_MDD_JCT_CREDIBLE_CLIENT_ORDERS_LAB_ITEMS,Client Is Pending,
_MDD_JCT_CREDIBLE_CLIENT_ORDERS_LAB_ITEMS,Client Visibility,
_MDD_JCT_CREDIBLE_CLIENT_ORDERS_LAB_ITEMS,Client Ethnicity 1,
_MDD_JCT_CREDIBLE_CLIENT_ORDERS_LAB_ITEMS,Client Ethnicity 1 ID,Unique ID of the Client Ethnicity 1.
_MDD_JCT_CREDIBLE_CLIENT_ORDERS_LAB_ITEMS,Client Ethnicity 1 Granular,
_MDD_JCT_CREDIBLE_CLIENT_ORDERS_LAB_ITEMS,Client Ethnicity 1 Granular ID,Unique ID of the Client Ethnicity 1 Granular.
_MDD_JCT_CREDIBLE_CLIENT_ORDERS_LAB_ITEMS,Client Race 1,
_MDD_JCT_CREDIBLE_CLIENT_ORDERS_LAB_ITEMS,Client Race 2,
_MDD_JCT_CREDIBLE_CLIENT_ORDERS_LAB_ITEMS,Client Race 3,
_MDD_JCT_CREDIBLE_CLIENT_ORDERS_LAB_ITEMS,Client Race 1 ID,Unique ID of the Client Race 1.
_MDD_JCT_CREDIBLE_CLIENT_ORDERS_LAB_ITEMS,Client Race 2 ID,Unique ID of the Client Race 2.
_MDD_JCT_CREDIBLE_CLIENT_ORDERS_LAB_ITEMS,Client Race 3 ID,Unique ID of the Client Race 3.
_MDD_JCT_CREDIBLE_CLIENT_ORDERS_LAB_ITEMS,Client Race Granular,
_MDD_JCT_CREDIBLE_CLIENT_ORDERS_LAB_ITEMS,Client Race Granular ID,Unique ID of the Client Race Granular.
_MDD_JCT_CREDIBLE_CLIENT_ORDERS_LAB_ITEMS,Client Preferred Language,
_MDD_JCT_CREDIBLE_CLIENT_ORDERS_LAB_ITEMS,Client Preferred Language ID,Unique ID of the Client Preferred Language.
_MDD_JCT_CREDIBLE_CLIENT_ORDERS_LAB_ITEMS,Client Sex,"The client's sex as recorded. QuickMAR does not provide separate source fields for sex and gender, so this value is sourced from the same underlying field as [Client Gender]."
_MDD_JCT_CREDIBLE_CLIENT_ORDERS_LAB_ITEMS,Client Sex ID,Unique ID of the Client Sex.
_MDD_JCT_CREDIBLE_CLIENT_ORDERS_LAB_ITEMS,Client Employment Status,
_MDD_JCT_CREDIBLE_CLIENT_ORDERS_LAB_ITEMS,Client Employment Status ID,Unique ID of the Client Employment Status.
_MDD_JCT_CREDIBLE_CLIENT_ORDERS_LAB_ITEMS,Client Gender Identity,
_MDD_JCT_CREDIBLE_CLIENT_ORDERS_LAB_ITEMS,Client Gender Identity ID,Unique ID of the Client Gender Identity.
_MDD_JCT_CREDIBLE_CLIENT_ORDERS_LAB_ITEMS,Client Marital Status,
_MDD_JCT_CREDIBLE_CLIENT_ORDERS_LAB_ITEMS,Client Marital Status ID,Unique ID of the Client Marital Status.
_MDD_JCT_CREDIBLE_CLIENT_ORDERS_LAB_ITEMS,Client Sexual Orientation,
_MDD_JCT_CREDIBLE_CLIENT_ORDERS_LAB_ITEMS,Client Sexual Orientation ID,Unique ID of the Client Sexual Orientation.
_MDD_JCT_CREDIBLE_CLIENT_ORDERS_LAB_ITEMS,Client Military Status,
_MDD_JCT_CREDIBLE_CLIENT_ORDERS_LAB_ITEMS,Client Military Status ID,Unique ID of the Client Military Status.
_MDD_JCT_CREDIBLE_CLIENT_ORDERS_LAB_ITEMS,Client Created Date,The date the Client record was created.
_MDD_JCT_CREDIBLE_CLIENT_ORDERS_LAB_ITEMS,Client Updated Date,The date the Client record was last updated.
_MDD_JCT_CREDIBLE_CLIENT_ORDERS_LAB_ITEMS,Client Programs,
_MDD_JCT_CREDIBLE_CLIENT_ORDERS_LAB_ITEMS,Client Teams,
_MDD_JCT_CREDIBLE_CLIENT_ORDERS_LAB_ITEMS,Client Referral NPI,
_MDD_JCT_CREDIBLE_CLIENT_ORDERS_LAB_ITEMS,Client Referral NPI Link,
_MDD_JCT_CREDIBLE_CLIENT_ORDERS_LAB_ITEMS,Client Age Group,
_MDD_JCT_CREDIBLE_CLIENT_ORDERS_LAB_ITEMS,Client Age Group Sort Order,
_MDD_JCT_CREDIBLE_CLIENT_ORDERS_LAB_ITEMS,Client Age In Years Old,
_MDD_JCT_CREDIBLE_CLIENT_ORDERS_LAB_ITEMS,Client ID FA0,
_MDD_JCT_CREDIBLE_CLIENT_ORDERS_LAB_ITEMS,Client ID FA1,
_MDD_JCT_CREDIBLE_CLIENT_ORDERS_LAB_ITEMS,Client Link,
_MDD_JCT_CREDIBLE_CLIENT_ORDERS_LAB_ITEMS,Client Link Schedule (1st Available),
_MDD_JCT_CREDIBLE_CLIENT_ORDERS_LAB_ITEMS,Client Link Add Service,
_MDD_JCT_CREDIBLE_CLIENT_ORDERS_LAB_ITEMS,Client Link Allergies,
_MDD_JCT_CREDIBLE_CLIENT_ORDERS_LAB_ITEMS,Client Link Amendments,
_MDD_JCT_CREDIBLE_CLIENT_ORDERS_LAB_ITEMS,Client Link Attachments,
_MDD_JCT_CREDIBLE_CLIENT_ORDERS_LAB_ITEMS,Client Link Authorizations,
_MDD_JCT_CREDIBLE_CLIENT_ORDERS_LAB_ITEMS,Client Link Bed Assignments,
_MDD_JCT_CREDIBLE_CLIENT_ORDERS_LAB_ITEMS,Client Link Client Profile Extended,
_MDD_JCT_CREDIBLE_CLIENT_ORDERS_LAB_ITEMS,Client Link Contacts,
_MDD_JCT_CREDIBLE_CLIENT_ORDERS_LAB_ITEMS,Client Link Claims,
_MDD_JCT_CREDIBLE_CLIENT_ORDERS_LAB_ITEMS,Client Link Links,
_MDD_JCT_CREDIBLE_CLIENT_ORDERS_LAB_ITEMS,Client Link Clinical Support,
_MDD_JCT_CREDIBLE_CLIENT_ORDERS_LAB_ITEMS,Client Link Tx Plan (Credible Plan),
_MDD_JCT_CREDIBLE_CLIENT_ORDERS_LAB_ITEMS,Client Link Dashboard,
_MDD_JCT_CREDIBLE_CLIENT_ORDERS_LAB_ITEMS,Client Link Diagnosis,
_MDD_JCT_CREDIBLE_CLIENT_ORDERS_LAB_ITEMS,Client Link eMAR Group,
_MDD_JCT_CREDIBLE_CLIENT_ORDERS_LAB_ITEMS,Client Link eMAR,
_MDD_JCT_CREDIBLE_CLIENT_ORDERS_LAB_ITEMS,Client Link Employee Assignments,
_MDD_JCT_CREDIBLE_CLIENT_ORDERS_LAB_ITEMS,Client Link Episodes,
_MDD_JCT_CREDIBLE_CLIENT_ORDERS_LAB_ITEMS,Client Link External Providers,
_MDD_JCT_CREDIBLE_CLIENT_ORDERS_LAB_ITEMS,Client Link Family,
_MDD_JCT_CREDIBLE_CLIENT_ORDERS_LAB_ITEMS,Client Link Form Groups,
_MDD_JCT_CREDIBLE_CLIENT_ORDERS_LAB_ITEMS,Client Link GeoAreeas,
_MDD_JCT_CREDIBLE_CLIENT_ORDERS_LAB_ITEMS,Client Link Implantable Devices,
_MDD_JCT_CREDIBLE_CLIENT_ORDERS_LAB_ITEMS,Client Link Insurance,
_MDD_JCT_CREDIBLE_CLIENT_ORDERS_LAB_ITEMS,Client Link Ledger,
_MDD_JCT_CREDIBLE_CLIENT_ORDERS_LAB_ITEMS,Client Link Liability,
_MDD_JCT_CREDIBLE_CLIENT_ORDERS_LAB_ITEMS,Client Link Log,
_MDD_JCT_CREDIBLE_CLIENT_ORDERS_LAB_ITEMS,Client Link Medical Profile,
_MDD_JCT_CREDIBLE_CLIENT_ORDERS_LAB_ITEMS,Client Link Medications,
_MDD_JCT_CREDIBLE_CLIENT_ORDERS_LAB_ITEMS,Client Link Notes,
_MDD_JCT_CREDIBLE_CLIENT_ORDERS_LAB_ITEMS,Client Link Notification,
_MDD_JCT_CREDIBLE_CLIENT_ORDERS_LAB_ITEMS,Client Link Orders,
_MDD_JCT_CREDIBLE_CLIENT_ORDERS_LAB_ITEMS,Client Link Overview,
_MDD_JCT_CREDIBLE_CLIENT_ORDERS_LAB_ITEMS,Client Link Payments,
_MDD_JCT_CREDIBLE_CLIENT_ORDERS_LAB_ITEMS,Client Link Payment Plans,
_MDD_JCT_CREDIBLE_CLIENT_ORDERS_LAB_ITEMS,Client Link Program,
_MDD_JCT_CREDIBLE_CLIENT_ORDERS_LAB_ITEMS,Client Link Profile,
_MDD_JCT_CREDIBLE_CLIENT_ORDERS_LAB_ITEMS,Client Link Schedule,
_MDD_JCT_CREDIBLE_CLIENT_ORDERS_LAB_ITEMS,Client Link Service List,
_MDD_JCT_CREDIBLE_CLIENT_ORDERS_LAB_ITEMS,Client Link Schedule Grp,
_MDD_JCT_CREDIBLE_CLIENT_ORDERS_LAB_ITEMS,Client Link Team,
_MDD_JCT_CREDIBLE_CLIENT_ORDERS_LAB_ITEMS,Client Link Users,
_MDD_JCT_CREDIBLE_CLIENT_ORDERS_LAB_ITEMS,Client Link Warnings,
_MDD_JCT_CREDIBLE_CLIENT_ORDERS_LAB_ITEMS,Client Assigned Users Active Primary Count,
_MDD_JCT_CREDIBLE_CLIENT_ORDERS_LAB_ITEMS,Client Assigned Users Primary Count,
_MDD_JCT_CREDIBLE_CLIENT_ORDERS_LAB_ITEMS,Client Assigned Employees Primary,
_MDD_JCT_CREDIBLE_CLIENT_ORDERS_LAB_ITEMS,Client Assigned Users Primary,
_MDD_JCT_CREDIBLE_CLIENT_ORDERS_LAB_ITEMS,Client Assigned Users Active Primary,
_MDD_JCT_CREDIBLE_CLIENT_ORDERS_LAB_ITEMS,Client Address Primary ID Fuzzy A0,
_MDD_JCT_CREDIBLE_CLIENT_ORDERS_LAB_ITEMS,Client Address Primary 1,
_MDD_JCT_CREDIBLE_CLIENT_ORDERS_LAB_ITEMS,Client Address Primary 2,
_MDD_JCT_CREDIBLE_CLIENT_ORDERS_LAB_ITEMS,Client Address Primary City,
_MDD_JCT_CREDIBLE_CLIENT_ORDERS_LAB_ITEMS,Client Address Primary State,
_MDD_JCT_CREDIBLE_CLIENT_ORDERS_LAB_ITEMS,Client Address Primary Zip,
_MDD_JCT_CREDIBLE_CLIENT_ORDERS_LAB_ITEMS,Client Address Primary County,
_MDD_JCT_CREDIBLE_CLIENT_ORDERS_LAB_ITEMS,Client Address Primary Country,
_MDD_JCT_CREDIBLE_CLIENT_ORDERS_LAB_ITEMS,Client Address Billing 1,
_MDD_JCT_CREDIBLE_CLIENT_ORDERS_LAB_ITEMS,Client Address Billing 2,
_MDD_JCT_CREDIBLE_CLIENT_ORDERS_LAB_ITEMS,Client Address Billing City,
_MDD_JCT_CREDIBLE_CLIENT_ORDERS_LAB_ITEMS,Client Address Billing State,
_MDD_JCT_CREDIBLE_CLIENT_ORDERS_LAB_ITEMS,Client Address Billing Zip,
_MDD_JCT_CREDIBLE_CLIENT_ORDERS_LAB_ITEMS,Client Address Billing County,
_MDD_JCT_CREDIBLE_CLIENT_ORDERS_LAB_ITEMS,Client Address Billing Country,
_MDD_JCT_CREDIBLE_CLIENT_ORDERS_LAB_ITEMS,Client Phone Home Fuzzy A0,
_MDD_JCT_CREDIBLE_CLIENT_ORDERS_LAB_ITEMS,Client Phone Home,
_MDD_JCT_CREDIBLE_CLIENT_ORDERS_LAB_ITEMS,Client Phone Mobile Fuzzy A0,
_MDD_JCT_CREDIBLE_CLIENT_ORDERS_LAB_ITEMS,Client Phone Mobile,
_MDD_JCT_CREDIBLE_CLIENT_ORDERS_LAB_ITEMS,Lab Facility Name,
_MDD_JCT_CREDIBLE_CLIENT_ORDERS_LAB_ITEMS,Insurance Plan ID,Unique ID of the Insurance Plan.
_MDD_JCT_CREDIBLE_CLIENT_ORDERS_LAB_ITEMS,Payer ID,Unique ID of the Payer.
_MDD_JCT_CREDIBLE_CLIENT_ORDERS_LAB_ITEMS,Insurance Plan Start Date,
_MDD_JCT_CREDIBLE_CLIENT_ORDERS_LAB_ITEMS,Insurance Plan End Date,
_MDD_JCT_CREDIBLE_CLIENT_ORDERS_LAB_ITEMS,Insurance Plan Billing Order,
_MDD_JCT_CREDIBLE_CLIENT_ORDERS_LAB_ITEMS,Insurance Plan Policy Number,
_MDD_JCT_CREDIBLE_CLIENT_ORDERS_LAB_ITEMS,Insurance Plan Policy Name,
_MDD_JCT_CREDIBLE_CLIENT_ORDERS_LAB_ITEMS,Insurance Plan Policy Group No,
_MDD_JCT_CREDIBLE_CLIENT_ORDERS_LAB_ITEMS,Insurance Plan Type,
_MDD_JCT_CREDIBLE_CLIENT_ORDERS_LAB_ITEMS,Payer Name,
_MDD_JCT_CREDIBLE_CLIENT_ORDERS_LAB_ITEMS,Payer Is CMS,
_MDD_JCT_CREDIBLE_CLIENT_ORDERS_LAB_ITEMS,Payer Is Medicaid,
_MDD_JCT_CREDIBLE_CLIENT_ORDERS_LAB_ITEMS,Payer Is Medicare,
_MDD_JCT_CREDIBLE_CLIENT_ORDERS_LAB_ITEMS,Payer Type Class Code,
_MDD_JCT_CREDIBLE_CLIENT_ORDERS_LAB_ITEMS,Insurance Plan Status,
_MDD_JCT_CREDIBLE_CLIENT_ORDERS_LAB_ITEMS,Insurance Plan Subscriber,
_MDD_JCT_CREDIBLE_CLIENT_ORDERS_LAB_ITEMS,Insurance Plan Created Date,The date the Insurance Plan record was created.
_MDD_JCT_CREDIBLE_CLIENT_ORDERS_LAB_ITEMS,Insurance Plan Updated Date,The date the Insurance Plan record was last updated.
_MDD_JCT_CREDIBLE_CLIENT_ORDERS_LAB_ITEMS,Payer Type,
_MDD_JCT_CREDIBLE_CLIENT_ORDERS_LAB_ITEMS,Payer Type ID,Unique ID of the Payer Type.
_MDD_JCT_CREDIBLE_CLIENT_ORDERS_LAB_ITEMS,Payer Type Category,
_MDD_JCT_CREDIBLE_CLIENT_ORDERS_LAB_ITEMS,Payer Type Name,
_MDD_JCT_CREDIBLE_CLIENT_ORDERS_LAB_ITEMS,Payer Is Tricare,
_MDD_JCT_CREDIBLE_CLIENT_ORDERS_LAB_ITEMS,Payer Is Commercial,
_MDD_JCT_CREDIBLE_CLIENT_ORDERS_LAB_ITEMS,Payer Code,
_MDD_JCT_CREDIBLE_CLIENT_ORDERS_LAB_ITEMS,Payer Address 1,
_MDD_JCT_CREDIBLE_CLIENT_ORDERS_LAB_ITEMS,Payer Address 2,
_MDD_JCT_CREDIBLE_CLIENT_ORDERS_LAB_ITEMS,Payer Address City,
_MDD_JCT_CREDIBLE_CLIENT_ORDERS_LAB_ITEMS,Payer State,
_MDD_JCT_CREDIBLE_CLIENT_ORDERS_LAB_ITEMS,Payer Address Zip,
_MDD_JCT_CREDIBLE_CLIENT_ORDERS_LAB_ITEMS,Payer Address Country,
_MDD_JCT_CREDIBLE_CLIENT_ORDERS_LAB_ITEMS,Payer Phone,
_MDD_JCT_CREDIBLE_CLIENT_ORDERS_LAB_ITEMS,Payer Fax,
_MDD_JCT_CREDIBLE_CLIENT_ORDERS_LAB_ITEMS,Payer Created Date,The date the Payer record was created.
_MDD_JCT_CREDIBLE_CLIENT_ORDERS_LAB_ITEMS,Payer Created By User ID,Unique ID of the Payer Created By User.
_MDD_JCT_CREDIBLE_CLIENT_ORDERS_LAB_ITEMS,Payer Updated Date,The date the Payer record was last updated.
_MDD_JCT_CREDIBLE_CLIENT_ORDERS_LAB_ITEMS,Program ID,Unique ID of the Program.
_MDD_JCT_CREDIBLE_CLIENT_ORDERS_LAB_ITEMS,Enrollment Start,
_MDD_JCT_CREDIBLE_CLIENT_ORDERS_LAB_ITEMS,Enrollment End,
_MDD_JCT_CREDIBLE_CLIENT_ORDERS_LAB_ITEMS,Enrollment Discharge Date,
_MDD_JCT_CREDIBLE_CLIENT_ORDERS_LAB_ITEMS,Enrollment Admission Date,
_MDD_JCT_CREDIBLE_CLIENT_ORDERS_LAB_ITEMS,Enrollment Status,
_MDD_JCT_CREDIBLE_CLIENT_ORDERS_LAB_ITEMS,Enrollment Outcome,
_MDD_JCT_CREDIBLE_CLIENT_ORDERS_LAB_ITEMS,Enrollment Outcome ID,Unique ID of the Enrollment Outcome.
_MDD_JCT_CREDIBLE_CLIENT_ORDERS_LAB_ITEMS,Enrollment Updated Date,The date the Enrollment record was last updated.
_MDD_JCT_CREDIBLE_CLIENT_ORDERS_LAB_ITEMS,Enrollment Created Date,The date the Enrollment record was created.
_MDD_JCT_CREDIBLE_CLIENT_ORDERS_LAB_ITEMS,Enrollment Updated By User ID,Unique ID of the Enrollment Updated By User.
_MDD_JCT_CREDIBLE_CLIENT_ORDERS_LAB_ITEMS,Enrollment Date First Billable,
_MDD_JCT_CREDIBLE_CLIENT_ORDERS_LAB_ITEMS,Enrollment Date Last Billable,
_MDD_JCT_CREDIBLE_CLIENT_ORDERS_LAB_ITEMS,Enrollment Appointment Completed Count,
_MDD_JCT_CREDIBLE_CLIENT_ORDERS_LAB_ITEMS,Enrollment Admission Type,
_MDD_JCT_CREDIBLE_CLIENT_ORDERS_LAB_ITEMS,Enrollment Admission Source,
_MDD_JCT_CREDIBLE_CLIENT_ORDERS_LAB_ITEMS,Enrollment Admission Dx,
_MDD_JCT_CREDIBLE_CLIENT_ORDERS_LAB_ITEMS,Enrollment Referral Date,
_MDD_JCT_CREDIBLE_CLIENT_ORDERS_LAB_ITEMS,Enrollment Referral Source,
_MDD_JCT_CREDIBLE_CLIENT_ORDERS_LAB_ITEMS,Enrollment Referral By,
_MDD_JCT_CREDIBLE_CLIENT_ORDERS_LAB_ITEMS,Enrollment Referral Provider NPI,
_MDD_JCT_CREDIBLE_CLIENT_ORDERS_LAB_ITEMS,Enrollment Referral Provider NPI Link,
_MDD_JCT_CREDIBLE_CLIENT_ORDERS_LAB_ITEMS,Enrollment Referral Provider Name First,The enrollment referral provider's first name.
_MDD_JCT_CREDIBLE_CLIENT_ORDERS_LAB_ITEMS,Enrollment Referral Provider Name Last,The enrollment referral provider's last name.
_MDD_JCT_CREDIBLE_CLIENT_ORDERS_LAB_ITEMS,Enrollment Referral Provider Name First & Last,
_MDD_JCT_CREDIBLE_CLIENT_ORDERS_LAB_ITEMS,Enrollment Referral Provider Name Last & First,
_MDD_JCT_CREDIBLE_CLIENT_ORDERS_LAB_ITEMS,Enrollment Open-Closed,
_MDD_JCT_CREDIBLE_CLIENT_ORDERS_LAB_ITEMS,Enrollment Since Open Hours,
_MDD_JCT_CREDIBLE_CLIENT_ORDERS_LAB_ITEMS,Enrollment Since Open Days,
_MDD_JCT_CREDIBLE_CLIENT_ORDERS_LAB_ITEMS,Enrollment Since Open Weeks,
_MDD_JCT_CREDIBLE_CLIENT_ORDERS_LAB_ITEMS,Enrollment Since Open Months,
_MDD_JCT_CREDIBLE_CLIENT_ORDERS_LAB_ITEMS,Enrollment Since Open Years,
_MDD_JCT_CREDIBLE_CLIENT_ORDERS_LAB_ITEMS,Enrollment Since Close Hours,
_MDD_JCT_CREDIBLE_CLIENT_ORDERS_LAB_ITEMS,Enrollment Since Close Days,
_MDD_JCT_CREDIBLE_CLIENT_ORDERS_LAB_ITEMS,Enrollment Since Close Weeks,
_MDD_JCT_CREDIBLE_CLIENT_ORDERS_LAB_ITEMS,Enrollment Since Close Months,
_MDD_JCT_CREDIBLE_CLIENT_ORDERS_LAB_ITEMS,Enrollment Since Close Years,
_MDD_JCT_CREDIBLE_CLIENT_ORDERS_LAB_ITEMS,Enrollment Start Fiscal Year,
_MDD_JCT_CREDIBLE_CLIENT_ORDERS_LAB_ITEMS,Enrollment End Fiscal Year,
_MDD_JCT_CREDIBLE_CLIENT_ORDERS_LAB_ITEMS,Enrollment LoS Hours,
_MDD_JCT_CREDIBLE_CLIENT_ORDERS_LAB_ITEMS,Enrollment LoS Days,
_MDD_JCT_CREDIBLE_CLIENT_ORDERS_LAB_ITEMS,Enrollment LoS Weeks,
_MDD_JCT_CREDIBLE_CLIENT_ORDERS_LAB_ITEMS,Enrollment LoS Months,
_MDD_JCT_CREDIBLE_CLIENT_ORDERS_LAB_ITEMS,Enrollment LoS Years,
_MDD_JCT_CREDIBLE_CLIENT_ORDERS_LAB_ITEMS,Enrollment Sequence ASC,
_MDD_JCT_CREDIBLE_CLIENT_ORDERS_LAB_ITEMS,Enrollment Sequence DESC,
_MDD_JCT_CREDIBLE_CLIENT_ORDERS_LAB_ITEMS,Enrollment Link,
_MDD_JCT_CREDIBLE_CLIENT_ORDERS_LAB_ITEMS,Enrollment Likely Error,
_MDD_JCT_CREDIBLE_CLIENT_ORDERS_LAB_ITEMS,Program ID External,
_MDD_JCT_CREDIBLE_CLIENT_ORDERS_LAB_ITEMS,Program Name,
_MDD_JCT_CREDIBLE_CLIENT_ORDERS_LAB_ITEMS,Program Code,
_MDD_JCT_CREDIBLE_CLIENT_ORDERS_LAB_ITEMS,Program Group Without Nulls,
_MDD_JCT_CREDIBLE_CLIENT_ORDERS_LAB_ITEMS,Program Group,
_MDD_JCT_CREDIBLE_CLIENT_ORDERS_LAB_ITEMS,Program Group > Name,
_MDD_JCT_CREDIBLE_CLIENT_ORDERS_LAB_ITEMS,Program Is Residential,
_MDD_JCT_CREDIBLE_CLIENT_ORDERS_LAB_ITEMS,Program Tx Setting,
_MDD_JCT_CREDIBLE_CLIENT_ORDERS_LAB_ITEMS,Program Revenue Code,
_MDD_JCT_CREDIBLE_CLIENT_ORDERS_LAB_ITEMS,Program Created Date,The date the Program record was created.
_MDD_JCT_CREDIBLE_CLIENT_ORDERS_LAB_ITEMS,Program Created Date Fiscal Year,
_MDD_JCT_CREDIBLE_CLIENT_ORDERS_LAB_ITEMS,Program Created By Employee ID,Unique ID of the Program Created By Employee.
_MDD_JCT_CREDIBLE_CLIENT_ORDERS_LAB_ITEMS,Program Updated Date,The date the Program record was last updated.
_MDD_JCT_CREDIBLE_CLIENT_ORDERS_LAB_ITEMS,Program Updated Date Fiscal Year,
_MDD_JCT_CREDIBLE_CLIENT_ORDERS_LAB_ITEMS,Program Updated By Employee ID,Unique ID of the Program Updated By Employee.
_MDD_JCT_CREDIBLE_CLIENT_ORDERS_LAB_ITEMS,Program Active Episode Count,Count of active program episodes carried onto the lab order item row from related program context. This field is supplemental for lab analysis and is not a preferred primary measure for overall program census compared with Appointments or Enrollments.
_MDD_JCT_CREDIBLE_CLIENT_ORDERS_LAB_ITEMS,Program Active Client Assignment Count,
_MDD_JCT_CREDIBLE_CLIENT_ORDERS_LAB_ITEMS,Program Active Client Assignment Primary Count,
_MDD_JCT_CREDIBLE_CLIENT_ORDERS_LAB_ITEMS,Medication ID RxNorm,
_MDD_JCT_CREDIBLE_CLIENT_ORDERS_LAB_ITEMS,Medication ID National Drug Code,This NDC value can be linked to external NDC reference datasets for medication enrichment. The ndc recorded for the medication.
_MDD_JCT_CREDIBLE_CLIENT_ORDERS_LAB_ITEMS,Med ID First Databank ID,Unique ID of the Med ID First Databank.
_MDD_JCT_CREDIBLE_CLIENT_ORDERS_LAB_ITEMS,Medication Instructions Frequency Freetext,
_MDD_JCT_CREDIBLE_CLIENT_ORDERS_LAB_ITEMS,Medication Instructions Dose,
_MDD_JCT_CREDIBLE_CLIENT_ORDERS_LAB_ITEMS,Medication Dose Action,
_MDD_JCT_CREDIBLE_CLIENT_ORDERS_LAB_ITEMS,Medication Instructions Freetext,
_MDD_JCT_CREDIBLE_CLIENT_ORDERS_LAB_ITEMS,Medication Instructions Route,
_MDD_JCT_CREDIBLE_CLIENT_ORDERS_LAB_ITEMS,Medication Instructions Route Per,
_MDD_JCT_CREDIBLE_CLIENT_ORDERS_LAB_ITEMS,Medication Instructions Route Time,
_MDD_JCT_CREDIBLE_CLIENT_ORDERS_LAB_ITEMS,Medication Instructions Combined,
_MDD_JCT_CREDIBLE_CLIENT_ORDERS_LAB_ITEMS,Medication Instructions Rx,
_MDD_JCT_CREDIBLE_CLIENT_ORDERS_LAB_ITEMS,Medication Strength,This is a best-effort parsed strength value and may not be fully accurate in all cases. The medication strength in a cleaned-up form.
_MDD_JCT_CREDIBLE_CLIENT_ORDERS_LAB_ITEMS,Medication Strength Unit,This is a best-effort parsed unit value and may not be fully accurate in all cases. The unit parsed from the strength text.
_MDD_JCT_CREDIBLE_CLIENT_ORDERS_LAB_ITEMS,Medication Status,
_MDD_JCT_CREDIBLE_CLIENT_ORDERS_LAB_ITEMS,Medication Rx Refills,
_MDD_JCT_CREDIBLE_CLIENT_ORDERS_LAB_ITEMS,Medication Rx Days Supply,
_MDD_JCT_CREDIBLE_CLIENT_ORDERS_LAB_ITEMS,Medication Instruction Dose Qty,
_MDD_JCT_CREDIBLE_CLIENT_ORDERS_LAB_ITEMS,Medication ICD10 Code,
_MDD_JCT_CREDIBLE_CLIENT_ORDERS_LAB_ITEMS,Medication Schedule,
_MDD_JCT_CREDIBLE_CLIENT_ORDERS_LAB_ITEMS,Medication Classification,
_MDD_JCT_CREDIBLE_CLIENT_ORDERS_LAB_ITEMS,Medication Name,
_MDD_JCT_CREDIBLE_CLIENT_ORDERS_LAB_ITEMS,Medication Date Started,
_MDD_JCT_CREDIBLE_CLIENT_ORDERS_LAB_ITEMS,Medication Date Discontinued,
_MDD_JCT_CREDIBLE_CLIENT_ORDERS_LAB_ITEMS,Medication Start,
_MDD_JCT_CREDIBLE_CLIENT_ORDERS_LAB_ITEMS,Medication End,
_MDD_JCT_CREDIBLE_CLIENT_ORDERS_LAB_ITEMS,Medication Date Changed,
_MDD_JCT_CREDIBLE_CLIENT_ORDERS_LAB_ITEMS,Medication Reason,
_MDD_JCT_CREDIBLE_CLIENT_ORDERS_LAB_ITEMS,Medication Prescription Status,
_MDD_JCT_CREDIBLE_CLIENT_ORDERS_LAB_ITEMS,Medication Supervised By,
_MDD_JCT_CREDIBLE_CLIENT_ORDERS_LAB_ITEMS,Medication Supervised By User ID,Unique ID of the Medication Supervised By User.
_MDD_JCT_CREDIBLE_CLIENT_ORDERS_LAB_ITEMS,Medication Created By,
_MDD_JCT_CREDIBLE_CLIENT_ORDERS_LAB_ITEMS,Medication Created By User ID,Unique ID of the Medication Created By User.
_MDD_JCT_CREDIBLE_CLIENT_ORDERS_LAB_ITEMS,Medication Created Date,The date the Medication record was created.
_MDD_JCT_CREDIBLE_CLIENT_ORDERS_LAB_ITEMS,Medication Updated Date,The date the Medication record was last updated.
_MDD_JCT_CREDIBLE_CLIENT_ORDERS_LAB_ITEMS,Appointment ID,Unique ID of the Appointment.
_MDD_JCT_CREDIBLE_CLIENT_ORDERS_LAB_ITEMS,Medication Order Status,
_MDD_JCT_CREDIBLE_CLIENT_ORDERS_LAB_ITEMS,Medication Link NLM RxNav,
_MDD_JCT_CREDIBLE_CLIENT_ORDERS_LAB_ITEM_DX,Lab Order Dx ID,Unique ID of the Lab Order Dx.
_MDD_JCT_CREDIBLE_CLIENT_ORDERS_LAB_ITEM_DX,Lab Order Item ID,Unique ID of the Lab Order Item.
_MDD_JCT_CREDIBLE_CLIENT_ORDERS_LAB_ITEM_DX,Dx ICD10 Code,
_MDD_JCT_CREDIBLE_CLIENT_ORDERS_LAB_ITEM_DX,Dx Description,
_MDD_JCT_CREDIBLE_CLIENT_ORDERS_LAB_ITEM_DX,Dx Sequence As Entered,
_MDD_JCT_CREDIBLE_CLIENT_ORDERS_LAB_RELATIONSHIP,Order ID,Unique ID of the Order.
_MDD_JCT_CREDIBLE_CLIENT_ORDERS_LAB_RELATIONSHIP,Lab Order ID External,
_MDD_JCT_CREDIBLE_CLIENT_ORDERS_LAB_RELATIONSHIP,Lab Order ID,Unique ID of the Lab Order.
_MDD_JCT_CREDIBLE_CLIENT_ORDERS_LAB_RELATIONSHIP,Lab Order Item ID,Unique ID of the Lab Order Item.
_MDD_JCT_CREDIBLE_CLIENT_ORDERS_LAB_RELATIONSHIP,Order Item ID,Unique ID of the Order Item.
_MDD_JCT_CREDIBLE_CLIENT_UNRESTRICTED,Client Id,The unique ID of the entity. Unique ID of the Client. Unique ID of the Location. Unique ID of the Order Exception.
_MDD_JCT_CREDIBLE_CLIENT_UNRESTRICTED,External Id,
_MDD_JCT_CREDIBLE_CLIENT_UNRESTRICTED,Client Status,"The individual's status in the system, typically ""active"", ""inactive"", or ""pending"". The client status value as recorded."
_MDD_JCT_CREDIBLE_CLIENT_UNRESTRICTED,Client Status Date,
_MDD_JCT_CREDIBLE_CLIENT_UNRESTRICTED,Case Manager Emp Id,
_MDD_JCT_CREDIBLE_CLIENT_UNRESTRICTED,Primary Physician Id,
_MDD_JCT_CREDIBLE_CLIENT_UNRESTRICTED,Release Information,
_MDD_JCT_CREDIBLE_CLIENT_UNRESTRICTED,Deleted,
_MDD_JCT_CREDIBLE_CLIENT_UNRESTRICTED,Donotcall,
_MDD_JCT_CREDIBLE_CLIENT_UNRESTRICTED,High No Show,
_MDD_JCT_CREDIBLE_CLIENT_UNRESTRICTED,Reminder Notification,
_MDD_JCT_CREDIBLE_CLIENT_UNRESTRICTED,Reminder Days Ahead,
_MDD_JCT_CREDIBLE_CLIENT_UNRESTRICTED,Last Visittype Id,
_MDD_JCT_CREDIBLE_CLIENT_UNRESTRICTED,Last Bill Visittype Id,
_MDD_JCT_CREDIBLE_CLIENT_UNRESTRICTED,Show Pbm Medhistory,
_MDD_JCT_CREDIBLE_CLIENT_UNRESTRICTED,Date Created,
_MDD_JCT_CREDIBLE_CLIENT_UNRESTRICTED,Date Updated,
_MDD_JCT_CREDIBLE_CLIENT_UNRESTRICTED,Updatedby Emp Id,
_MDD_JCT_CREDIBLE_CLIENT_UNRESTRICTED,Is Restricted,
_MDD_JCT_CREDIBLE_CLIENT_UNRESTRICTED,Programs,A comma separated list of programs associated with a individual.
_MDD_JCT_CREDIBLE_CLIENT_UNRESTRICTED,Teams,A comma separated list of teams associated with a individual.
_MDD_JCT_CREDIBLE_CLIENT_UNRESTRICTED,Assigned Benefits,
_MDD_JCT_CREDIBLE_CLIENT_UNRESTRICTED,Client Liability,
_MDD_JCT_CREDIBLE_CLIENT_UNRESTRICTED,Claim Note,
_MDD_JCT_CREDIBLE_CLIENT_UNRESTRICTED,Age,
_MDD_JCT_CREDIBLE_CLIENT_UNRESTRICTED,Do Not Bill Direct,
_MDD_JCT_CREDIBLE_CLIENT_UNRESTRICTED,Do Not Block For Debt,
_MDD_JCT_CREDIBLE_CLIENT_UNRESTRICTED,First Name,
_MDD_JCT_CREDIBLE_CLIENT_UNRESTRICTED,Mi,
_MDD_JCT_CREDIBLE_CLIENT_UNRESTRICTED,Last Name,
_MDD_JCT_CREDIBLE_CLIENT_UNRESTRICTED,Dob,NEED TO RENAME [Date of Birth].
_MDD_JCT_CREDIBLE_CLIENT_UNRESTRICTED,Date Of Death,The date of the individual's death.
_MDD_JCT_CREDIBLE_CLIENT_UNRESTRICTED,Ssn,
_MDD_JCT_CREDIBLE_CLIENT_UNRESTRICTED,Sex,"The sex of the individual. If applicable for the system, this is the value indicated on the indentification used for Medicaid service. The client's sex as recorded. QuickMAR does not provide separate source fields for sex and gender, so this value is sourced from the same underlying field as [Client Gender]."
_MDD_JCT_CREDIBLE_CLIENT_UNRESTRICTED,Deaf,
_MDD_JCT_CREDIBLE_CLIENT_UNRESTRICTED,Address1,
_MDD_JCT_CREDIBLE_CLIENT_UNRESTRICTED,Address2,
_MDD_JCT_CREDIBLE_CLIENT_UNRESTRICTED,City,
_MDD_JCT_CREDIBLE_CLIENT_UNRESTRICTED,State,
_MDD_JCT_CREDIBLE_CLIENT_UNRESTRICTED,Zip,
_MDD_JCT_CREDIBLE_CLIENT_UNRESTRICTED,County,
_MDD_JCT_CREDIBLE_CLIENT_UNRESTRICTED,Geo Area,
_MDD_JCT_CREDIBLE_CLIENT_UNRESTRICTED,Home Phone,
_MDD_JCT_CREDIBLE_CLIENT_UNRESTRICTED,Mobile Phone,
_MDD_JCT_CREDIBLE_CLIENT_UNRESTRICTED,Emergency Phone,
_MDD_JCT_CREDIBLE_CLIENT_UNRESTRICTED,Emergency Contact,
_MDD_JCT_CREDIBLE_CLIENT_UNRESTRICTED,Client Email,
_MDD_JCT_CREDIBLE_CLIENT_UNRESTRICTED,Spouse Name,
_MDD_JCT_CREDIBLE_CLIENT_UNRESTRICTED,Marital Status,The individual's marital status.
_MDD_JCT_CREDIBLE_CLIENT_UNRESTRICTED,Mother Maiden Name,
_MDD_JCT_CREDIBLE_CLIENT_UNRESTRICTED,Company,NEED TO RENAME [Agency Name].
_MDD_JCT_CREDIBLE_CLIENT_UNRESTRICTED,Billing First Name,
_MDD_JCT_CREDIBLE_CLIENT_UNRESTRICTED,Billing Last Name,
_MDD_JCT_CREDIBLE_CLIENT_UNRESTRICTED,Billing Address1,
_MDD_JCT_CREDIBLE_CLIENT_UNRESTRICTED,Billing Address2,
_MDD_JCT_CREDIBLE_CLIENT_UNRESTRICTED,Billing City,
_MDD_JCT_CREDIBLE_CLIENT_UNRESTRICTED,Billing State,
_MDD_JCT_CREDIBLE_CLIENT_UNRESTRICTED,Billing Zip,
_MDD_JCT_CREDIBLE_CLIENT_UNRESTRICTED,Preferred Language,The individual's self-identified preferred language.
_MDD_JCT_CREDIBLE_CLIENT_UNRESTRICTED,Ethnicity Omb,
_MDD_JCT_CREDIBLE_CLIENT_UNRESTRICTED,Race Omb,
_MDD_JCT_CREDIBLE_CLIENT_UNRESTRICTED,Race Omb2,
_MDD_JCT_CREDIBLE_CLIENT_UNRESTRICTED,Race Omb3,
_MDD_JCT_CREDIBLE_CLIENT_UNRESTRICTED,Functional Status,
_MDD_JCT_CREDIBLE_CLIENT_UNRESTRICTED,Cognitive Status,
_MDD_JCT_CREDIBLE_CLIENT_UNRESTRICTED,Referred By,
_MDD_JCT_CREDIBLE_CLIENT_UNRESTRICTED,Cis Client Id,
_MDD_JCT_CREDIBLE_CLIENT_UNRESTRICTED,No Allergy Flag,
_MDD_JCT_CREDIBLE_CLIENT_UNRESTRICTED,No Med Flag,
_MDD_JCT_CREDIBLE_CLIENT_UNRESTRICTED,Smoking Status,
_MDD_JCT_CREDIBLE_CLIENT_UNRESTRICTED,Preferred Contact,
_MDD_JCT_CREDIBLE_CLIENT_UNRESTRICTED,Empl Status,
_MDD_JCT_CREDIBLE_CLIENT_UNRESTRICTED,Residence Type,
_MDD_JCT_CREDIBLE_CLIENT_UNRESTRICTED,Referred Npi,
_MDD_JCT_CREDIBLE_CLIENT_UNRESTRICTED,Referred Upin,
_MDD_JCT_CREDIBLE_CLIENT_UNRESTRICTED,Referred Source,
_MDD_JCT_CREDIBLE_CLIENT_UNRESTRICTED,Referral Date,The date of the referral associated with the time span.
_MDD_JCT_CREDIBLE_CLIENT_UNRESTRICTED,Sig Source,
_MDD_JCT_CREDIBLE_CLIENT_UNRESTRICTED,Gender Required,
_MDD_JCT_CREDIBLE_CLIENT_UNRESTRICTED,Severity Level,
_MDD_JCT_CREDIBLE_CLIENT_UNRESTRICTED,Legalguardian Sig Required,
_MDD_JCT_CREDIBLE_CLIENT_UNRESTRICTED,Is Fosterparent,
_MDD_JCT_CREDIBLE_CLIENT_UNRESTRICTED,Fosterhome Id,
_MDD_JCT_CREDIBLE_CLIENT_UNRESTRICTED,Surescripts File Id,
_MDD_JCT_CREDIBLE_CLIENT_UNRESTRICTED,Referred Id Qualifier,
_MDD_JCT_CREDIBLE_CLIENT_UNRESTRICTED,Referred Id,
_MDD_JCT_CREDIBLE_CLIENT_UNRESTRICTED,Is Familyunit,
_MDD_JCT_CREDIBLE_CLIENT_UNRESTRICTED,Ssa Response Id,
_MDD_JCT_CREDIBLE_CLIENT_UNRESTRICTED,Ssa Response Collected At,
_MDD_JCT_CREDIBLE_CLIENT_UNRESTRICTED,Reporting Unit,
_MDD_JCT_CREDIBLE_CLIENT_UNRESTRICTED,Source,
_MDD_JCT_CREDIBLE_CLIENT_UNRESTRICTED,Immunization Registry Status,
_MDD_JCT_CREDIBLE_CLIENT_UNRESTRICTED,Immunization Registry Status Date,
_MDD_JCT_CREDIBLE_CLIENT_UNRESTRICTED,Immunization Publicity Code,
_MDD_JCT_CREDIBLE_CLIENT_UNRESTRICTED,Immunization Publicity Code Date,
_MDD_JCT_CREDIBLE_CLIENT_UNRESTRICTED,Immunization Protection Indicator,
_MDD_JCT_CREDIBLE_CLIENT_UNRESTRICTED,Ncpdpid,
_MDD_JCT_CREDIBLE_CLIENT_UNRESTRICTED,Axis 1,
_MDD_JCT_CREDIBLE_CLIENT_UNRESTRICTED,Axis 1b,
_MDD_JCT_CREDIBLE_CLIENT_UNRESTRICTED,Axis 1c,
_MDD_JCT_CREDIBLE_CLIENT_UNRESTRICTED,Axis 2,
_MDD_JCT_CREDIBLE_CLIENT_UNRESTRICTED,Axis 2b,
_MDD_JCT_CREDIBLE_CLIENT_UNRESTRICTED,Axis 3,
_MDD_JCT_CREDIBLE_CLIENT_UNRESTRICTED,Axis 4,
_MDD_JCT_CREDIBLE_CLIENT_UNRESTRICTED,Axis 5,
_MDD_JCT_CREDIBLE_CLIENT_UNRESTRICTED,Axis 1d,
_MDD_JCT_CREDIBLE_CLIENT_UNRESTRICTED,Axis 1e,
_MDD_JCT_CREDIBLE_CLIENT_UNRESTRICTED,Axis 1f,
_MDD_JCT_CREDIBLE_CLIENT_UNRESTRICTED,Next Appt Date,
_MDD_JCT_CREDIBLE_CLIENT_UNRESTRICTED,First Svc Date,
_MDD_JCT_CREDIBLE_CLIENT_UNRESTRICTED,First Bill Svc Date,
_MDD_JCT_CREDIBLE_CLIENT_UNRESTRICTED,Last Svc Date,
_MDD_JCT_CREDIBLE_CLIENT_UNRESTRICTED,Last Bill Svc Date,
_MDD_JCT_CREDIBLE_CLIENT_UNRESTRICTED,Assessment Date,
_MDD_JCT_CREDIBLE_CLIENT_UNRESTRICTED,Intake Date,
_MDD_JCT_CREDIBLE_CLIENT_UNRESTRICTED,Admission Date,The date associated with the admission or start. The date the client was admitted.
_MDD_JCT_CREDIBLE_CLIENT_UNRESTRICTED,Discharge Date,The date the individual was discharged. The date the client was discharged.
_MDD_JCT_CREDIBLE_CLIENT_UNRESTRICTED,Last Rxeligibility Date,
_MDD_JCT_CREDIBLE_CLIENT_UNRESTRICTED,Date Last Clientnote,
_MDD_JCT_CREDIBLE_CLIENT_UNRESTRICTED,Pd113 Pi Effectivedate,
_MDD_JCT_CREDIBLE_CLIENT_UNRESTRICTED,Functional Status Date,
_MDD_JCT_CREDIBLE_CLIENT_UNRESTRICTED,Cognitive Status Date,
_MDD_JCT_CREDIBLE_CLIENT_UNRESTRICTED,Date Diagnosis Last Updated,
_MDD_JCT_CREDIBLE_CLIENT_UNRESTRICTED,Date Allergy Last Updated,
_MDD_JCT_CREDIBLE_CLIENT_UNRESTRICTED,Date Medication Last Updated,
_MDD_JCT_CREDIBLE_CLIENT_UNRESTRICTED,Text1,
_MDD_JCT_CREDIBLE_CLIENT_UNRESTRICTED,Text2,
_MDD_JCT_CREDIBLE_CLIENT_UNRESTRICTED,Date Lab Last Updated,
_MDD_JCT_CREDIBLE_CLIENT_UNRESTRICTED,Previous Name,
_MDD_JCT_CREDIBLE_CLIENT_UNRESTRICTED,Text3,
_MDD_JCT_CREDIBLE_CLIENT_UNRESTRICTED,Text4,
_MDD_JCT_CREDIBLE_CLIENT_UNRESTRICTED,Suffix,
_MDD_JCT_CREDIBLE_CLIENT_UNRESTRICTED,Gender Identity,The individual's primary self-identified gender identity.
_MDD_JCT_CREDIBLE_CLIENT_UNRESTRICTED,Text5,
_MDD_JCT_CREDIBLE_CLIENT_UNRESTRICTED,Text6,
_MDD_JCT_CREDIBLE_CLIENT_UNRESTRICTED,Sexual Orientation,The sexual orientation of the individual.
_MDD_JCT_CREDIBLE_CLIENT_UNRESTRICTED,Granular Race,
_MDD_JCT_CREDIBLE_CLIENT_UNRESTRICTED,Text7,
_MDD_JCT_CREDIBLE_CLIENT_UNRESTRICTED,Text8,
_MDD_JCT_CREDIBLE_CLIENT_UNRESTRICTED,Granular Ethnicity,
_MDD_JCT_CREDIBLE_CLIENT_UNRESTRICTED,Birth Order,
_MDD_JCT_CREDIBLE_CLIENT_UNRESTRICTED,Text9,
_MDD_JCT_CREDIBLE_CLIENT_UNRESTRICTED,Text10,
_MDD_JCT_CREDIBLE_CLIENT_UNRESTRICTED,Birth Indicator,
_MDD_JCT_CREDIBLE_CLIENT_UNRESTRICTED,Send To Hie,
_MDD_JCT_CREDIBLE_CLIENT_UNRESTRICTED,Text11,
_MDD_JCT_CREDIBLE_CLIENT_UNRESTRICTED,Text12,
_MDD_JCT_CREDIBLE_CLIENT_UNRESTRICTED,Send To Hie Effective Date,
_MDD_JCT_CREDIBLE_CLIENT_UNRESTRICTED,Evv Custom Id,
_MDD_JCT_CREDIBLE_CLIENT_UNRESTRICTED,Text13,
_MDD_JCT_CREDIBLE_CLIENT_UNRESTRICTED,Text14,
_MDD_JCT_CREDIBLE_CLIENT_UNRESTRICTED,share data 42CFR part 2,
_MDD_JCT_CREDIBLE_CLIENT_UNRESTRICTED,date consent allow 42CFR,
_MDD_JCT_CREDIBLE_CLIENT_UNRESTRICTED,Text15,
_MDD_JCT_CREDIBLE_CLIENT_UNRESTRICTED,Text16,
_MDD_JCT_CREDIBLE_CLIENT_UNRESTRICTED,Alias First Name,
_MDD_JCT_CREDIBLE_CLIENT_UNRESTRICTED,Alias Mi,
_MDD_JCT_CREDIBLE_CLIENT_UNRESTRICTED,Text17,
_MDD_JCT_CREDIBLE_CLIENT_UNRESTRICTED,Text18,
_MDD_JCT_CREDIBLE_CLIENT_UNRESTRICTED,Alias Last Name,
_MDD_JCT_CREDIBLE_CLIENT_UNRESTRICTED,Alias Dob,
_MDD_JCT_CREDIBLE_CLIENT_UNRESTRICTED,Text19,
_MDD_JCT_CREDIBLE_CLIENT_UNRESTRICTED,Text20,
_MDD_JCT_CREDIBLE_CLIENT_UNRESTRICTED,Alias Sex,
_MDD_JCT_CREDIBLE_CLIENT_UNRESTRICTED,Military Status,The individual's military status.
_MDD_JCT_CREDIBLE_CLIENT_UNRESTRICTED,Text21,
_MDD_JCT_CREDIBLE_CLIENT_UNRESTRICTED,Text22,
_MDD_JCT_CREDIBLE_CLIENT_UNRESTRICTED,Primary Phone Number,
_MDD_JCT_CREDIBLE_CLIENT_UNRESTRICTED,Tribal Affiliation,
_MDD_JCT_CREDIBLE_CLIENT_UNRESTRICTED,Text23,
_MDD_JCT_CREDIBLE_CLIENT_UNRESTRICTED,Text24,
_MDD_JCT_CREDIBLE_CLIENT_UNRESTRICTED,Occupation,
_MDD_JCT_CREDIBLE_CLIENT_UNRESTRICTED,Occupation Industry,
_MDD_JCT_CREDIBLE_CLIENT_UNRESTRICTED,Text25,
_MDD_JCT_CREDIBLE_CLIENT_UNRESTRICTED,Text26,
_MDD_JCT_CREDIBLE_CLIENT_UNRESTRICTED,Pregnancy Status,
_MDD_JCT_CREDIBLE_CLIENT_UNRESTRICTED,Pregnancy Intent,
_MDD_JCT_CREDIBLE_CLIENT_UNRESTRICTED,Text27,
_MDD_JCT_CREDIBLE_CLIENT_UNRESTRICTED,Text28,
_MDD_JCT_CREDIBLE_CLIENT_UNRESTRICTED,Pregnancy Status Effective Date,
_MDD_JCT_CREDIBLE_CLIENT_UNRESTRICTED,Pregnancy Intent Effective Date,
_MDD_JCT_CREDIBLE_CLIENT_UNRESTRICTED,Text29,
_MDD_JCT_CREDIBLE_CLIENT_UNRESTRICTED,Text30,
_MDD_JCT_CREDIBLE_CLIENT_UNRESTRICTED,Smoking Effective Date,
_MDD_JCT_CREDIBLE_CLIENT_UNRESTRICTED,Sexual Orientation Effective Date,
_MDD_JCT_CREDIBLE_CLIENT_UNRESTRICTED,Text31,
_MDD_JCT_CREDIBLE_CLIENT_UNRESTRICTED,Text32,
_MDD_JCT_CREDIBLE_CLIENT_UNRESTRICTED,Occupation Effective Date,
_MDD_JCT_CREDIBLE_CLIENT_UNRESTRICTED,Smoking End Date,
_MDD_JCT_CREDIBLE_CLIENT_UNRESTRICTED,Text33,
_MDD_JCT_CREDIBLE_CLIENT_UNRESTRICTED,Text34,
_MDD_JCT_CREDIBLE_CLIENT_UNRESTRICTED,Text35,
_MDD_JCT_CREDIBLE_CLIENT_UNRESTRICTED,Text36,
_MDD_JCT_CREDIBLE_CLIENT_UNRESTRICTED,Text37,
_MDD_JCT_CREDIBLE_CLIENT_UNRESTRICTED,Text38,
_MDD_JCT_CREDIBLE_CLIENT_UNRESTRICTED,Text39,
_MDD_JCT_CREDIBLE_CLIENT_UNRESTRICTED,Text40,
_MDD_JCT_CREDIBLE_CLIENT_UNRESTRICTED,Text41,
_MDD_JCT_CREDIBLE_CLIENT_UNRESTRICTED,Text42,
_MDD_JCT_CREDIBLE_CLIENT_UNRESTRICTED,Text43,
_MDD_JCT_CREDIBLE_CLIENT_UNRESTRICTED,Text44,
_MDD_JCT_CREDIBLE_CLIENT_UNRESTRICTED,Text45,
_MDD_JCT_CREDIBLE_CLIENT_UNRESTRICTED,Text46,
_MDD_JCT_CREDIBLE_CLIENT_UNRESTRICTED,Text47,
_MDD_JCT_CREDIBLE_CLIENT_UNRESTRICTED,Text48,
_MDD_JCT_CREDIBLE_CLIENT_UNRESTRICTED,Text49,
_MDD_JCT_CREDIBLE_CLIENT_UNRESTRICTED,Text50,
_MDD_JCT_CREDIBLE_CLIENT_UNRESTRICTED,Textlong1,
_MDD_JCT_CREDIBLE_CLIENT_UNRESTRICTED,Textlong2,
_MDD_JCT_CREDIBLE_CLIENT_UNRESTRICTED,Textlong3,
_MDD_JCT_CREDIBLE_CLIENT_UNRESTRICTED,Textlong4,
_MDD_JCT_CREDIBLE_CLIENT_UNRESTRICTED,Textlong5,
_MDD_JCT_CREDIBLE_CLIENT_UNRESTRICTED,Textlong6,
_MDD_JCT_CREDIBLE_CLIENT_UNRESTRICTED,Textlong7,
_MDD_JCT_CREDIBLE_CLIENT_UNRESTRICTED,Date1,
_MDD_JCT_CREDIBLE_CLIENT_UNRESTRICTED,Date2,
_MDD_JCT_CREDIBLE_CLIENT_UNRESTRICTED,Date3,
_MDD_JCT_CREDIBLE_CLIENT_UNRESTRICTED,Date4,
_MDD_JCT_CREDIBLE_CLIENT_UNRESTRICTED,Date5,
_MDD_JCT_CREDIBLE_CLIENT_UNRESTRICTED,Date6,
_MDD_JCT_CREDIBLE_CLIENT_UNRESTRICTED,Date7,
_MDD_JCT_CREDIBLE_CLIENT_UNRESTRICTED,Date8,
_MDD_JCT_CREDIBLE_CLIENT_UNRESTRICTED,Date9,
_MDD_JCT_CREDIBLE_CLIENT_UNRESTRICTED,Date10,
_MDD_JCT_CREDIBLE_CLIENT_UNRESTRICTED,Date11,
_MDD_JCT_CREDIBLE_CLIENT_UNRESTRICTED,Date12,
_MDD_JCT_CREDIBLE_CLIENT_UNRESTRICTED,Date13,
_MDD_JCT_CREDIBLE_CLIENT_UNRESTRICTED,Date14,
_MDD_JCT_CREDIBLE_CLIENT_UNRESTRICTED,Date15,
_MDD_JCT_CREDIBLE_CLIENT_UNRESTRICTED,Date16,
_MDD_JCT_CREDIBLE_CLIENT_UNRESTRICTED,Date17,
_MDD_JCT_CREDIBLE_CLIENT_UNRESTRICTED,Date18,
_MDD_JCT_CREDIBLE_CLIENT_UNRESTRICTED,Date19,
_MDD_JCT_CREDIBLE_CLIENT_UNRESTRICTED,Date20,
_MDD_JCT_CREDIBLE_CLIENT_UNRESTRICTED,Date21,
_MDD_JCT_CREDIBLE_CLIENT_UNRESTRICTED,Date22,
_MDD_JCT_CREDIBLE_CLIENT_UNRESTRICTED,Date23,
_MDD_JCT_CREDIBLE_CLIENT_UNRESTRICTED,Date24,
_MDD_JCT_CREDIBLE_CLIENT_UNRESTRICTED,Date25,
_MDD_JCT_CREDIBLE_CLIENT_UNRESTRICTED,Date26,
_MDD_JCT_CREDIBLE_CLIENT_UNRESTRICTED,Date27,
_MDD_JCT_CREDIBLE_CLIENT_UNRESTRICTED,Date28,
_MDD_JCT_CREDIBLE_CLIENT_UNRESTRICTED,Date29,
_MDD_JCT_CREDIBLE_CLIENT_UNRESTRICTED,Date30,
_MDD_JCT_CREDIBLE_CLIENT_UNRESTRICTED,Date31,
_MDD_JCT_CREDIBLE_CLIENT_UNRESTRICTED,Date32,
_MDD_JCT_CREDIBLE_CLIENT_UNRESTRICTED,Date33,
_MDD_JCT_CREDIBLE_CLIENT_UNRESTRICTED,Date34,
_MDD_JCT_CREDIBLE_CLIENT_UNRESTRICTED,Date35,
_MDD_JCT_CREDIBLE_CLIENT_UNRESTRICTED,Date36,
_MDD_JCT_CREDIBLE_CLIENT_UNRESTRICTED,Date37,
_MDD_JCT_CREDIBLE_CLIENT_UNRESTRICTED,Date38,
_MDD_JCT_CREDIBLE_CLIENT_UNRESTRICTED,Date39,
_MDD_JCT_CREDIBLE_CLIENT_UNRESTRICTED,Date40,
_MDD_JCT_CREDIBLE_CLIENT_UNRESTRICTED,Smalldate1,
_MDD_JCT_CREDIBLE_CLIENT_UNRESTRICTED,Smalldate2,
_MDD_JCT_CREDIBLE_CLIENT_UNRESTRICTED,Smalldate3,
_MDD_JCT_CREDIBLE_CLIENT_UNRESTRICTED,Smalldate4,
_MDD_JCT_CREDIBLE_CLIENT_UNRESTRICTED,Smalldate5,
_MDD_JCT_CREDIBLE_CLIENT_UNRESTRICTED,Smalldate6,
_MDD_JCT_CREDIBLE_CLIENT_UNRESTRICTED,Smalldate7,
_MDD_JCT_CREDIBLE_CLIENT_UNRESTRICTED,Smalldate8,
_MDD_JCT_CREDIBLE_CLIENT_UNRESTRICTED,Smalldate9,
_MDD_JCT_CREDIBLE_CLIENT_UNRESTRICTED,Smalldate10,
_MDD_JCT_CREDIBLE_CLIENT_UNRESTRICTED,Smalldate11,
_MDD_JCT_CREDIBLE_CLIENT_UNRESTRICTED,Smalldate12,
_MDD_JCT_CREDIBLE_CLIENT_UNRESTRICTED,Smalldate13,
_MDD_JCT_CREDIBLE_CLIENT_UNRESTRICTED,Smalldate14,
_MDD_JCT_CREDIBLE_CLIENT_UNRESTRICTED,Smalldate15,
_MDD_JCT_CREDIBLE_CLIENT_UNRESTRICTED,Smalldate16,
_MDD_JCT_CREDIBLE_CLIENT_UNRESTRICTED,Smalldate17,
_MDD_JCT_CREDIBLE_CLIENT_UNRESTRICTED,Smalldate18,
_MDD_JCT_CREDIBLE_CLIENT_UNRESTRICTED,Smalldate19,
_MDD_JCT_CREDIBLE_CLIENT_UNRESTRICTED,Smalldate20,
_MDD_JCT_CREDIBLE_CLIENT_UNRESTRICTED,Smalldatetime21,
_MDD_JCT_CREDIBLE_CLIENT_UNRESTRICTED,Smalldatetime22,
_MDD_JCT_CREDIBLE_CLIENT_UNRESTRICTED,Smalldatetime23,
_MDD_JCT_CREDIBLE_CLIENT_UNRESTRICTED,Smalldatetime24,
_MDD_JCT_CREDIBLE_CLIENT_UNRESTRICTED,Smalldatetime25,
_MDD_JCT_CREDIBLE_CLIENT_UNRESTRICTED,Smalldatetime26,
_MDD_JCT_CREDIBLE_CLIENT_UNRESTRICTED,Smalldatetime27,
_MDD_JCT_CREDIBLE_CLIENT_UNRESTRICTED,Smalldatetime28,
_MDD_JCT_CREDIBLE_CLIENT_UNRESTRICTED,Smalldatetime29,
_MDD_JCT_CREDIBLE_CLIENT_UNRESTRICTED,Smalldatetime30,
_MDD_JCT_CREDIBLE_CLIENT_UNRESTRICTED,Smalldatetime31,
_MDD_JCT_CREDIBLE_CLIENT_UNRESTRICTED,Smalldatetime32,
_MDD_JCT_CREDIBLE_CLIENT_UNRESTRICTED,Smalldatetime33,
_MDD_JCT_CREDIBLE_CLIENT_UNRESTRICTED,Smalldatetime34,
_MDD_JCT_CREDIBLE_CLIENT_UNRESTRICTED,Smalldatetime35,
_MDD_JCT_CREDIBLE_CLIENT_UNRESTRICTED,Smalldatetime36,
_MDD_JCT_CREDIBLE_CLIENT_UNRESTRICTED,Smalldatetime37,
_MDD_JCT_CREDIBLE_CLIENT_UNRESTRICTED,Smalldatetime38,
_MDD_JCT_CREDIBLE_CLIENT_UNRESTRICTED,Smalldatetime39,
_MDD_JCT_CREDIBLE_CLIENT_UNRESTRICTED,Smalldatetime40,
_MDD_JCT_CREDIBLE_CLIENT_UNRESTRICTED,Dd1,
_MDD_JCT_CREDIBLE_CLIENT_UNRESTRICTED,Dd2,
_MDD_JCT_CREDIBLE_CLIENT_UNRESTRICTED,Dd3,
_MDD_JCT_CREDIBLE_CLIENT_UNRESTRICTED,Dd4,
_MDD_JCT_CREDIBLE_CLIENT_UNRESTRICTED,Dd5,
_MDD_JCT_CREDIBLE_CLIENT_UNRESTRICTED,Dd6,
_MDD_JCT_CREDIBLE_CLIENT_UNRESTRICTED,Dd7,
_MDD_JCT_CREDIBLE_CLIENT_UNRESTRICTED,Dd8,
_MDD_JCT_CREDIBLE_CLIENT_UNRESTRICTED,Dd9,
_MDD_JCT_CREDIBLE_CLIENT_UNRESTRICTED,Dd10,
_MDD_JCT_CREDIBLE_CLIENT_UNRESTRICTED,Dd11,
_MDD_JCT_CREDIBLE_CLIENT_UNRESTRICTED,Dd12,
_MDD_JCT_CREDIBLE_CLIENT_UNRESTRICTED,Dd13,
_MDD_JCT_CREDIBLE_CLIENT_UNRESTRICTED,Dd14,
_MDD_JCT_CREDIBLE_CLIENT_UNRESTRICTED,Dd15,
_MDD_JCT_CREDIBLE_CLIENT_UNRESTRICTED,Dd16,
_MDD_JCT_CREDIBLE_CLIENT_UNRESTRICTED,Dd17,
_MDD_JCT_CREDIBLE_CLIENT_UNRESTRICTED,Dd18,
_MDD_JCT_CREDIBLE_CLIENT_UNRESTRICTED,Dd19,
_MDD_JCT_CREDIBLE_CLIENT_UNRESTRICTED,Dd20,
_MDD_JCT_CREDIBLE_CLIENT_UNRESTRICTED,Dd21,
_MDD_JCT_CREDIBLE_CLIENT_UNRESTRICTED,Dd22,
_MDD_JCT_CREDIBLE_CLIENT_UNRESTRICTED,Dd23,
_MDD_JCT_CREDIBLE_CLIENT_UNRESTRICTED,Dd24,
_MDD_JCT_CREDIBLE_CLIENT_UNRESTRICTED,Dd25,
_MDD_JCT_CREDIBLE_CLIENT_UNRESTRICTED,Dd26,
_MDD_JCT_CREDIBLE_CLIENT_UNRESTRICTED,Dd27,
_MDD_JCT_CREDIBLE_CLIENT_UNRESTRICTED,Dd28,
_MDD_JCT_CREDIBLE_CLIENT_UNRESTRICTED,Dd29,
_MDD_JCT_CREDIBLE_CLIENT_UNRESTRICTED,Dd30,
_MDD_JCT_CREDIBLE_CLIENT_UNRESTRICTED,Dd31,
_MDD_JCT_CREDIBLE_CLIENT_UNRESTRICTED,Dd32,
_MDD_JCT_CREDIBLE_CLIENT_UNRESTRICTED,Dd33,
_MDD_JCT_CREDIBLE_CLIENT_UNRESTRICTED,Dd34,
_MDD_JCT_CREDIBLE_CLIENT_UNRESTRICTED,Dd35,
_MDD_JCT_CREDIBLE_CLIENT_UNRESTRICTED,Dd36,
_MDD_JCT_CREDIBLE_CLIENT_UNRESTRICTED,Dd37,
_MDD_JCT_CREDIBLE_CLIENT_UNRESTRICTED,Dd38,
_MDD_JCT_CREDIBLE_CLIENT_UNRESTRICTED,Dd39,
_MDD_JCT_CREDIBLE_CLIENT_UNRESTRICTED,Dd40,
_MDD_JCT_CREDIBLE_CLIENT_UNRESTRICTED,Bool1,
_MDD_JCT_CREDIBLE_CLIENT_UNRESTRICTED,Bool2,
_MDD_JCT_CREDIBLE_CLIENT_UNRESTRICTED,Bool3,
_MDD_JCT_CREDIBLE_CLIENT_UNRESTRICTED,Bool4,
_MDD_JCT_CREDIBLE_CLIENT_UNRESTRICTED,Bool5,
_MDD_JCT_CREDIBLE_CLIENT_UNRESTRICTED,Bool6,
_MDD_JCT_CREDIBLE_CLIENT_UNRESTRICTED,Bool7,
_MDD_JCT_CREDIBLE_CLIENT_UNRESTRICTED,Bool8,
_MDD_JCT_CREDIBLE_CLIENT_UNRESTRICTED,Bool9,
_MDD_JCT_CREDIBLE_CLIENT_UNRESTRICTED,Bool10,
_MDD_JCT_CREDIBLE_CLIENT_UNRESTRICTED,Bool11,
_MDD_JCT_CREDIBLE_CLIENT_UNRESTRICTED,Bool12,
_MDD_JCT_CREDIBLE_CLIENT_UNRESTRICTED,Bool13,
_MDD_JCT_CREDIBLE_CLIENT_UNRESTRICTED,Bool14,
_MDD_JCT_CREDIBLE_CLIENT_UNRESTRICTED,Bool15,
_MDD_JCT_CREDIBLE_CLIENT_UNRESTRICTED,Bool16,
_MDD_JCT_CREDIBLE_CLIENT_UNRESTRICTED,Bool17,
_MDD_JCT_CREDIBLE_CLIENT_UNRESTRICTED,Bool18,
_MDD_JCT_CREDIBLE_CLIENT_UNRESTRICTED,Bool19,
_MDD_JCT_CREDIBLE_CLIENT_UNRESTRICTED,Bool20,
_MDD_JCT_CREDIBLE_CLIENT_UNRESTRICTED,Bool21,
_MDD_JCT_CREDIBLE_CLIENT_UNRESTRICTED,Bool22,
_MDD_JCT_CREDIBLE_CLIENT_UNRESTRICTED,Bool23,
_MDD_JCT_CREDIBLE_CLIENT_UNRESTRICTED,Bool24,
_MDD_JCT_CREDIBLE_CLIENT_UNRESTRICTED,Bool25,
_MDD_JCT_CREDIBLE_CLIENT_UNRESTRICTED,Bool26,
_MDD_JCT_CREDIBLE_CLIENT_UNRESTRICTED,Bool27,
_MDD_JCT_CREDIBLE_CLIENT_UNRESTRICTED,Bool28,
_MDD_JCT_CREDIBLE_CLIENT_UNRESTRICTED,Bool29,
_MDD_JCT_CREDIBLE_CLIENT_UNRESTRICTED,Bool30,
_MDD_JCT_CREDIBLE_CLIENT_UNRESTRICTED,Bool31,
_MDD_JCT_CREDIBLE_CLIENT_UNRESTRICTED,Bool32,
_MDD_JCT_CREDIBLE_CLIENT_UNRESTRICTED,Bool33,
_MDD_JCT_CREDIBLE_CLIENT_UNRESTRICTED,Bool34,
_MDD_JCT_CREDIBLE_CLIENT_UNRESTRICTED,Bool35,
_MDD_JCT_CREDIBLE_CLIENT_UNRESTRICTED,Bool36,
_MDD_JCT_CREDIBLE_CLIENT_UNRESTRICTED,Bool37,
_MDD_JCT_CREDIBLE_CLIENT_UNRESTRICTED,Bool38,
_MDD_JCT_CREDIBLE_CLIENT_UNRESTRICTED,Bool39,
_MDD_JCT_CREDIBLE_CLIENT_UNRESTRICTED,Bool40,
_MDD_JCT_CREDIBLE_CLIENT_UNRESTRICTED,Num1,
_MDD_JCT_CREDIBLE_CLIENT_UNRESTRICTED,Num2,
_MDD_JCT_CREDIBLE_CLIENT_UNRESTRICTED,Num3,
_MDD_JCT_CREDIBLE_CLIENT_UNRESTRICTED,Num4,
_MDD_JCT_CREDIBLE_CLIENT_UNRESTRICTED,Num5,
_MDD_JCT_CREDIBLE_CLIENT_UNRESTRICTED,Num6,
_MDD_JCT_CREDIBLE_CLIENT_UNRESTRICTED,Num7,
_MDD_JCT_CREDIBLE_CLIENT_UNRESTRICTED,Num8,
_MDD_JCT_CREDIBLE_CLIENT_UNRESTRICTED,Num9,
_MDD_JCT_CREDIBLE_CLIENT_UNRESTRICTED,Num10,
_MDD_JCT_CREDIBLE_CLIENT_UNRESTRICTED,Num11,
_MDD_JCT_CREDIBLE_CLIENT_UNRESTRICTED,Num12,
_MDD_JCT_CREDIBLE_CLIENT_UNRESTRICTED,Num13,
_MDD_JCT_CREDIBLE_CLIENT_UNRESTRICTED,Num14,
_MDD_JCT_CREDIBLE_CLIENT_UNRESTRICTED,Num15,
_MDD_JCT_CREDIBLE_CLIENT_UNRESTRICTED,Num16,
_MDD_JCT_CREDIBLE_CLIENT_UNRESTRICTED,Num17,
_MDD_JCT_CREDIBLE_CLIENT_UNRESTRICTED,Num18,
_MDD_JCT_CREDIBLE_CLIENT_UNRESTRICTED,Num19,
_MDD_JCT_CREDIBLE_CLIENT_UNRESTRICTED,Num20,
_MDD_JCT_CREDIBLE_CLIENT_UNRESTRICTED,Autonum1,
_MDD_JCT_CREDIBLE_CONTACTS,Contact ID,Unique ID of the Contact.
_MDD_JCT_CREDIBLE_CONTACTS,Client ID,Unique ID of the Client.
_MDD_JCT_CREDIBLE_CONTACTS,Contact Type,
_MDD_JCT_CREDIBLE_CONTACTS,Contact Name First & Last,The individual's first and last name. The client's name formatted as first and last.
_MDD_JCT_CREDIBLE_CONTACTS,Contact Address 1,
_MDD_JCT_CREDIBLE_CONTACTS,Contact Address 2,
_MDD_JCT_CREDIBLE_CONTACTS,Contact Address City,
_MDD_JCT_CREDIBLE_CONTACTS,Contact Address State,
_MDD_JCT_CREDIBLE_CONTACTS,Contact Address Zip,
_MDD_JCT_CREDIBLE_CONTACTS,Contact Phone 1,
_MDD_JCT_CREDIBLE_CONTACTS,Contact Phone 2,
_MDD_JCT_CREDIBLE_CONTACTS,Contact Phone Cell,
_MDD_JCT_CREDIBLE_CONTACTS,Contact Email Primary,
_MDD_JCT_CREDIBLE_CONTACTS,Contact Relationship,The relationship between two individuals.
_MDD_JCT_CREDIBLE_CONTACTS,Client ID External,
_MDD_JCT_CREDIBLE_CONTACTS,Client ID Social Security Number,
_MDD_JCT_CREDIBLE_CONTACTS,Client ID Fuzzy A2,
_MDD_JCT_CREDIBLE_CONTACTS,Client ID JCT Fuzzy A0,
_MDD_JCT_CREDIBLE_CONTACTS,Client ID JCT Fuzzy A1,
_MDD_JCT_CREDIBLE_CONTACTS,Client Name First & Last,The client's name formatted as first and last.
_MDD_JCT_CREDIBLE_CONTACTS,Client Name Last & First,"The client's name formatted as last, first."
_MDD_JCT_CREDIBLE_CONTACTS,Client Name First & Last w/Initial,
_MDD_JCT_CREDIBLE_CONTACTS,Client Name First & Last w/Initial & Client ID,Unique ID of the Client Name First & Last w/Initial & Client.
_MDD_JCT_CREDIBLE_CONTACTS,Client Name Last & First w/Initial,
_MDD_JCT_CREDIBLE_CONTACTS,Client Name Last & First w/Initial & Client ID,Unique ID of the Client Name Last & First w/Initial & Client.
_MDD_JCT_CREDIBLE_CONTACTS,Client Name Middle,
_MDD_JCT_CREDIBLE_CONTACTS,Client Name First,The client's first name.
_MDD_JCT_CREDIBLE_CONTACTS,Client Name Last,The client's last name.
_MDD_JCT_CREDIBLE_CONTACTS,Client Date of Birth,The client's date of birth.
_MDD_JCT_CREDIBLE_CONTACTS,Client Date of Death,
_MDD_JCT_CREDIBLE_CONTACTS,Client Admission Date,The date the client was admitted.
_MDD_JCT_CREDIBLE_CONTACTS,Client Admission Date Fiscal Year,The fiscal year of the client admission date.
_MDD_JCT_CREDIBLE_CONTACTS,Client Discharge Date,The date the client was discharged.
_MDD_JCT_CREDIBLE_CONTACTS,Client Discharge Date Fiscal Year,The fiscal year of the client discharge date.
_MDD_JCT_CREDIBLE_CONTACTS,Client Age in Hours,
_MDD_JCT_CREDIBLE_CONTACTS,Client Age in Days,The client's age expressed in days based on date of birth.
_MDD_JCT_CREDIBLE_CONTACTS,Client Age in Months,The client's age expressed in months based on date of birth.
_MDD_JCT_CREDIBLE_CONTACTS,Client Age in Years,The client's age expressed in years based on date of birth.
_MDD_JCT_CREDIBLE_CONTACTS,Client Age In Years Old Difference,
_MDD_JCT_CREDIBLE_CONTACTS,Client Status,The client status value as recorded.
_MDD_JCT_CREDIBLE_CONTACTS,Client Status ID,Unique ID of the Client Status.
_MDD_JCT_CREDIBLE_CONTACTS,Client Is Active,Indicates whether the client is active.
_MDD_JCT_CREDIBLE_CONTACTS,Client Is Inactive,Indicates whether the client is inactive.
_MDD_JCT_CREDIBLE_CONTACTS,Client Is Pending,
_MDD_JCT_CREDIBLE_CONTACTS,Client Visibility,
_MDD_JCT_CREDIBLE_CONTACTS,Client Ethnicity 1,
_MDD_JCT_CREDIBLE_CONTACTS,Client Ethnicity 1 ID,Unique ID of the Client Ethnicity 1.
_MDD_JCT_CREDIBLE_CONTACTS,Client Ethnicity 1 Granular,
_MDD_JCT_CREDIBLE_CONTACTS,Client Ethnicity 1 Granular ID,Unique ID of the Client Ethnicity 1 Granular.
_MDD_JCT_CREDIBLE_CONTACTS,Client Race 1,
_MDD_JCT_CREDIBLE_CONTACTS,Client Race 2,
_MDD_JCT_CREDIBLE_CONTACTS,Client Race 3,
_MDD_JCT_CREDIBLE_CONTACTS,Client Race 1 ID,Unique ID of the Client Race 1.
_MDD_JCT_CREDIBLE_CONTACTS,Client Race 2 ID,Unique ID of the Client Race 2.
_MDD_JCT_CREDIBLE_CONTACTS,Client Race 3 ID,Unique ID of the Client Race 3.
_MDD_JCT_CREDIBLE_CONTACTS,Client Race Granular,
_MDD_JCT_CREDIBLE_CONTACTS,Client Race Granular ID,Unique ID of the Client Race Granular.
_MDD_JCT_CREDIBLE_CONTACTS,Client Preferred Language,
_MDD_JCT_CREDIBLE_CONTACTS,Client Preferred Language ID,Unique ID of the Client Preferred Language.
_MDD_JCT_CREDIBLE_CONTACTS,Client Sex,"The client's sex as recorded. QuickMAR does not provide separate source fields for sex and gender, so this value is sourced from the same underlying field as [Client Gender]."
_MDD_JCT_CREDIBLE_CONTACTS,Client Sex ID,Unique ID of the Client Sex.
_MDD_JCT_CREDIBLE_CONTACTS,Client Employment Status,
_MDD_JCT_CREDIBLE_CONTACTS,Client Employment Status ID,Unique ID of the Client Employment Status.
_MDD_JCT_CREDIBLE_CONTACTS,Client Gender Identity,
_MDD_JCT_CREDIBLE_CONTACTS,Client Gender Identity ID,Unique ID of the Client Gender Identity.
_MDD_JCT_CREDIBLE_CONTACTS,Client Marital Status,
_MDD_JCT_CREDIBLE_CONTACTS,Client Marital Status ID,Unique ID of the Client Marital Status.
_MDD_JCT_CREDIBLE_CONTACTS,Client Sexual Orientation,
_MDD_JCT_CREDIBLE_CONTACTS,Client Sexual Orientation ID,Unique ID of the Client Sexual Orientation.
_MDD_JCT_CREDIBLE_CONTACTS,Client Military Status,
_MDD_JCT_CREDIBLE_CONTACTS,Client Military Status ID,Unique ID of the Client Military Status.
_MDD_JCT_CREDIBLE_CONTACTS,Client Created Date,The date the Client record was created.
_MDD_JCT_CREDIBLE_CONTACTS,Client Updated Date,The date the Client record was last updated.
_MDD_JCT_CREDIBLE_CONTACTS,Client Programs,
_MDD_JCT_CREDIBLE_CONTACTS,Client Teams,
_MDD_JCT_CREDIBLE_CONTACTS,Client Referral NPI,
_MDD_JCT_CREDIBLE_CONTACTS,Client Referral NPI Link,
_MDD_JCT_CREDIBLE_CONTACTS,Client Age Group,
_MDD_JCT_CREDIBLE_CONTACTS,Client Age Group Sort Order,
_MDD_JCT_CREDIBLE_CONTACTS,Client Age In Years Old,
_MDD_JCT_CREDIBLE_CONTACTS,Client ID FA0,
_MDD_JCT_CREDIBLE_CONTACTS,Client ID FA1,
_MDD_JCT_CREDIBLE_CONTACTS,Client Link,
_MDD_JCT_CREDIBLE_CONTACTS,Client Link Schedule (1st Available),
_MDD_JCT_CREDIBLE_CONTACTS,Client Link Add Service,
_MDD_JCT_CREDIBLE_CONTACTS,Client Link Allergies,
_MDD_JCT_CREDIBLE_CONTACTS,Client Link Amendments,
_MDD_JCT_CREDIBLE_CONTACTS,Client Link Attachments,
_MDD_JCT_CREDIBLE_CONTACTS,Client Link Authorizations,
_MDD_JCT_CREDIBLE_CONTACTS,Client Link Bed Assignments,
_MDD_JCT_CREDIBLE_CONTACTS,Client Link Client Profile Extended,
_MDD_JCT_CREDIBLE_CONTACTS,Client Link Contacts,
_MDD_JCT_CREDIBLE_CONTACTS,Client Link Claims,
_MDD_JCT_CREDIBLE_CONTACTS,Client Link Links,
_MDD_JCT_CREDIBLE_CONTACTS,Client Link Clinical Support,
_MDD_JCT_CREDIBLE_CONTACTS,Client Link Tx Plan (Credible Plan),
_MDD_JCT_CREDIBLE_CONTACTS,Client Link Dashboard,
_MDD_JCT_CREDIBLE_CONTACTS,Client Link Diagnosis,
_MDD_JCT_CREDIBLE_CONTACTS,Client Link eMAR Group,
_MDD_JCT_CREDIBLE_CONTACTS,Client Link eMAR,
_MDD_JCT_CREDIBLE_CONTACTS,Client Link Employee Assignments,
_MDD_JCT_CREDIBLE_CONTACTS,Client Link Episodes,
_MDD_JCT_CREDIBLE_CONTACTS,Client Link External Providers,
_MDD_JCT_CREDIBLE_CONTACTS,Client Link Family,
_MDD_JCT_CREDIBLE_CONTACTS,Client Link Form Groups,
_MDD_JCT_CREDIBLE_CONTACTS,Client Link GeoAreeas,
_MDD_JCT_CREDIBLE_CONTACTS,Client Link Implantable Devices,
_MDD_JCT_CREDIBLE_CONTACTS,Client Link Insurance,
_MDD_JCT_CREDIBLE_CONTACTS,Client Link Ledger,
_MDD_JCT_CREDIBLE_CONTACTS,Client Link Liability,
_MDD_JCT_CREDIBLE_CONTACTS,Client Link Log,
_MDD_JCT_CREDIBLE_CONTACTS,Client Link Medical Profile,
_MDD_JCT_CREDIBLE_CONTACTS,Client Link Medications,
_MDD_JCT_CREDIBLE_CONTACTS,Client Link Notes,
_MDD_JCT_CREDIBLE_CONTACTS,Client Link Notification,
_MDD_JCT_CREDIBLE_CONTACTS,Client Link Orders,
_MDD_JCT_CREDIBLE_CONTACTS,Client Link Overview,
_MDD_JCT_CREDIBLE_CONTACTS,Client Link Payments,
_MDD_JCT_CREDIBLE_CONTACTS,Client Link Payment Plans,
_MDD_JCT_CREDIBLE_CONTACTS,Client Link Program,
_MDD_JCT_CREDIBLE_CONTACTS,Client Link Profile,
_MDD_JCT_CREDIBLE_CONTACTS,Client Link Schedule,
_MDD_JCT_CREDIBLE_CONTACTS,Client Link Service List,
_MDD_JCT_CREDIBLE_CONTACTS,Client Link Schedule Grp,
_MDD_JCT_CREDIBLE_CONTACTS,Client Link Team,
_MDD_JCT_CREDIBLE_CONTACTS,Client Link Users,
_MDD_JCT_CREDIBLE_CONTACTS,Client Link Warnings,
_MDD_JCT_CREDIBLE_CONTACTS,Client Assigned Users Active Primary Count,
_MDD_JCT_CREDIBLE_CONTACTS,Client Assigned Users Primary Count,
_MDD_JCT_CREDIBLE_CONTACTS,Client Assigned Employees Primary,
_MDD_JCT_CREDIBLE_CONTACTS,Client Assigned Users Primary,
_MDD_JCT_CREDIBLE_CONTACTS,Client Assigned Users Active Primary,
_MDD_JCT_CREDIBLE_CONTACTS,Client Address Primary ID Fuzzy A0,
_MDD_JCT_CREDIBLE_CONTACTS,Client Address Primary 1,
_MDD_JCT_CREDIBLE_CONTACTS,Client Address Primary 2,
_MDD_JCT_CREDIBLE_CONTACTS,Client Address Primary City,
_MDD_JCT_CREDIBLE_CONTACTS,Client Address Primary State,
_MDD_JCT_CREDIBLE_CONTACTS,Client Address Primary Zip,
_MDD_JCT_CREDIBLE_CONTACTS,Client Address Primary County,
_MDD_JCT_CREDIBLE_CONTACTS,Client Address Primary Country,
_MDD_JCT_CREDIBLE_CONTACTS,Client Address Billing 1,
_MDD_JCT_CREDIBLE_CONTACTS,Client Address Billing 2,
_MDD_JCT_CREDIBLE_CONTACTS,Client Address Billing City,
_MDD_JCT_CREDIBLE_CONTACTS,Client Address Billing State,
_MDD_JCT_CREDIBLE_CONTACTS,Client Address Billing Zip,
_MDD_JCT_CREDIBLE_CONTACTS,Client Address Billing County,
_MDD_JCT_CREDIBLE_CONTACTS,Client Address Billing Country,
_MDD_JCT_CREDIBLE_CONTACTS,Client Phone Home Fuzzy A0,
_MDD_JCT_CREDIBLE_CONTACTS,Client Phone Home,
_MDD_JCT_CREDIBLE_CONTACTS,Client Phone Mobile Fuzzy A0,
_MDD_JCT_CREDIBLE_CONTACTS,Client Phone Mobile,
_MDD_JCT_CREDIBLE_CREDENTIAL_GROUPS,Credential Group ID,Unique ID of the Credential Group.
_MDD_JCT_CREDIBLE_CREDENTIAL_GROUPS,Credential Group Name,
_MDD_JCT_CREDIBLE_CREDENTIAL_TYPES,Credential Type ID,Unique ID of the Credential Type.
_MDD_JCT_CREDIBLE_CREDENTIAL_TYPES,Credential,DO NOT USE.
_MDD_JCT_CREDIBLE_CREDENTIAL_TYPES,Credential Name,
_MDD_JCT_CREDIBLE_CREDENTIAL_TYPES,Credential Group ID,Unique ID of the Credential Group.
_MDD_JCT_CREDIBLE_CREDENTIAL_TYPES,Credential Group Name,
_MDD_JCT_CREDIBLE_CUSTOM_FIELDS,Field ID,Unique ID of the Field.
_MDD_JCT_CREDIBLE_CUSTOM_FIELDS,Table Name,
_MDD_JCT_CREDIBLE_CUSTOM_FIELDS,Field Name Static,
_MDD_JCT_CREDIBLE_CUSTOM_FIELDS,Field Name List,
_MDD_JCT_CREDIBLE_CUSTOM_FIELDS,Field Name View,
_MDD_JCT_CREDIBLE_CUSTOM_FIELDS,Field Name Update,
_MDD_JCT_CREDIBLE_CUSTOM_FIELDS,Field Data Type,
_MDD_JCT_CREDIBLE_CUSTOM_FIELDS,Field Is In Use,
_MDD_JCT_CREDIBLE_CUSTOM_FIELDS,Field Is Lookup,
_MDD_JCT_CREDIBLE_CUSTOM_FIELDS,Table Row Count,
_MDD_JCT_CREDIBLE_DX,Dx ID,Unique ID of the Dx.
_MDD_JCT_CREDIBLE_DX,Client ID,Unique ID of the Client.
_MDD_JCT_CREDIBLE_DX,Dx Fingerprint ID,Unique ID of the Dx Fingerprint.
_MDD_JCT_CREDIBLE_DX,Dx Snapshot ID,Unique ID of the Dx Snapshot.
_MDD_JCT_CREDIBLE_DX,Dx Snapshot Start,
_MDD_JCT_CREDIBLE_DX,Dx Snapshot Start Date,
_MDD_JCT_CREDIBLE_DX,Dx Snapshot Start Date ID,Unique ID of the Dx Snapshot Start Date.
_MDD_JCT_CREDIBLE_DX,Dx Snapshot End,
_MDD_JCT_CREDIBLE_DX,Dx Snapshot End Date,
_MDD_JCT_CREDIBLE_DX,Dx Snapshot End Date ID,Unique ID of the Dx Snapshot End Date.
_MDD_JCT_CREDIBLE_DX,Dx Snapshot Sequence Effective ASC,
_MDD_JCT_CREDIBLE_DX,Dx Snapshot Sequence Effective DESC,
_MDD_JCT_CREDIBLE_DX,Dx Snapshot Status,
_MDD_JCT_CREDIBLE_DX,Dx ICD10 Code,
_MDD_JCT_CREDIBLE_DX,Dx DSM,
_MDD_JCT_CREDIBLE_DX,Dx DSM Axis,
_MDD_JCT_CREDIBLE_DX,Dx DSM Code,
_MDD_JCT_CREDIBLE_DX,Dx Is Provisional,
_MDD_JCT_CREDIBLE_DX,Dx Is Rule-Out,
_MDD_JCT_CREDIBLE_DX,Dx Order,
_MDD_JCT_CREDIBLE_DX,Dx Onset Date,
_MDD_JCT_CREDIBLE_DX,Dx Resolved Date,
_MDD_JCT_CREDIBLE_DX,Dx Date,
_MDD_JCT_CREDIBLE_DX,Dx Onset Date ID,Unique ID of the Dx Onset Date.
_MDD_JCT_CREDIBLE_DX,Dx Resolved Date ID,Unique ID of the Dx Resolved Date.
_MDD_JCT_CREDIBLE_DX,Dx Date ID,Unique ID of the Dx Date.
_MDD_JCT_CREDIBLE_DX,Dx Ledger Condition,
_MDD_JCT_CREDIBLE_DX,Dx Sequence ASC,
_MDD_JCT_CREDIBLE_DX,Dx Sequence DESC,
_MDD_JCT_CREDIBLE_DX_DATES,Date ID,Unique ID of the Date.
_MDD_JCT_CREDIBLE_DX_DATES,Date,When a time span is just one day.
_MDD_JCT_CREDIBLE_DX_DAYS,Date ID,Unique ID of the Date.
_MDD_JCT_CREDIBLE_DX_DAYS,Dx Fingerprint ID,Unique ID of the Dx Fingerprint.
_MDD_JCT_CREDIBLE_DX_DAYS,Client ID,Unique ID of the Client.
_MDD_JCT_CREDIBLE_DX_DOMAIN,Dx Domain ID FA0,
_MDD_JCT_CREDIBLE_DX_DOMAIN,Client ID,Unique ID of the Client.
_MDD_JCT_CREDIBLE_DX_DOMAIN,Dx Snapshot ID,Unique ID of the Dx Snapshot.
_MDD_JCT_CREDIBLE_DX_DOMAIN,Dx ICD10 Code,
_MDD_JCT_CREDIBLE_DX_DOMAIN,Dx DSM,
_MDD_JCT_CREDIBLE_DX_DOMAIN,Dx DSM Axis,
_MDD_JCT_CREDIBLE_DX_DOMAIN,Dx Order,
_MDD_JCT_CREDIBLE_DX_DOMAIN,Dx DSM Code,
_MDD_JCT_CREDIBLE_DX_DOMAIN,Dx Is Provisional,
_MDD_JCT_CREDIBLE_DX_DOMAIN,Dx Is Rule-Out,
_MDD_JCT_CREDIBLE_DX_DOMAIN,Dx Onset Date,
_MDD_JCT_CREDIBLE_DX_DOMAIN,Dx Date,
_MDD_JCT_CREDIBLE_DX_DOMAIN,Dx Resolved Date,
_MDD_JCT_CREDIBLE_DX_DOMAIN,Dx Date ID,Unique ID of the Dx Date.
_MDD_JCT_CREDIBLE_DX_DOMAIN,Dx Resolved Date ID,Unique ID of the Dx Resolved Date.
_MDD_JCT_CREDIBLE_DX_DOMAIN,Dx Onset Date ID,Unique ID of the Dx Onset Date.
_MDD_JCT_CREDIBLE_DX_DOMAIN,Dx Fingerprint ID,Unique ID of the Dx Fingerprint.
_MDD_JCT_CREDIBLE_DX_EPISODES,Client ID,Unique ID of the Client.
_MDD_JCT_CREDIBLE_DX_EPISODES,Dx Episode Start Date ID,Unique ID of the Dx Episode Start Date.
_MDD_JCT_CREDIBLE_DX_EPISODES,Dx Fingerprint ID,Unique ID of the Dx Fingerprint.
_MDD_JCT_CREDIBLE_DX_EPISODES,Dx Episode End Date ID,Unique ID of the Dx Episode End Date.
_MDD_JCT_CREDIBLE_DX_EPISODES,Dx Episode Start Date,The start of the end of the time span.
_MDD_JCT_CREDIBLE_DX_EPISODES,Dx Episode End Date,The date of the end of the time span.
_MDD_JCT_CREDIBLE_DX_EPISODES,Dx ICD10 Code,
_MDD_JCT_CREDIBLE_DX_EPISODES,Dx DSM,
_MDD_JCT_CREDIBLE_DX_EPISODES,Dx DSM Axis,
_MDD_JCT_CREDIBLE_DX_EPISODES,Dx Order,
_MDD_JCT_CREDIBLE_DX_EPISODES,Dx DSM Code,
_MDD_JCT_CREDIBLE_DX_EPISODES,Dx Is Provisional,
_MDD_JCT_CREDIBLE_DX_EPISODES,Dx Is Rule-Out,
_MDD_JCT_CREDIBLE_DX_EPISODES,Dx Onset Date,
_MDD_JCT_CREDIBLE_DX_EPISODES,Dx Date,
_MDD_JCT_CREDIBLE_DX_EPISODES,Dx Resolved Date,
_MDD_JCT_CREDIBLE_DX_EPISODES,Dx Date ID,Unique ID of the Dx Date.
_MDD_JCT_CREDIBLE_DX_EPISODES,Dx Onset Date ID,Unique ID of the Dx Onset Date.
_MDD_JCT_CREDIBLE_DX_EPISODES,Dx Resolved Date ID,Unique ID of the Dx Resolved Date.
_MDD_JCT_CREDIBLE_DX_EPISODE_BOOKEND_ENDS,Client ID,Unique ID of the Client.
_MDD_JCT_CREDIBLE_DX_EPISODE_BOOKEND_ENDS,Dx Fingerprint ID,Unique ID of the Dx Fingerprint.
_MDD_JCT_CREDIBLE_DX_EPISODE_BOOKEND_ENDS,Dx Episode End Date ID,Unique ID of the Dx Episode End Date.
_MDD_JCT_CREDIBLE_DX_EPISODE_BOOKEND_ENDS,Dx Episode Sequence DESC,
_MDD_JCT_CREDIBLE_DX_EPISODE_BOOKEND_STARTS,Client ID,Unique ID of the Client.
_MDD_JCT_CREDIBLE_DX_EPISODE_BOOKEND_STARTS,Dx Fingerprint ID,Unique ID of the Dx Fingerprint.
_MDD_JCT_CREDIBLE_DX_EPISODE_BOOKEND_STARTS,Dx Episode Start Date ID,Unique ID of the Dx Episode Start Date.
_MDD_JCT_CREDIBLE_DX_EPISODE_BOOKEND_STARTS,Dx Episode Sequence DESC,
_MDD_JCT_CREDIBLE_DX_FINGERPRINT,Dx Fingerprint ID,Unique ID of the Dx Fingerprint.
_MDD_JCT_CREDIBLE_DX_FINGERPRINT,Dx ICD10 Code,
_MDD_JCT_CREDIBLE_DX_FINGERPRINT,Dx DSM,
_MDD_JCT_CREDIBLE_DX_FINGERPRINT,Dx DSM Axis,
_MDD_JCT_CREDIBLE_DX_FINGERPRINT,Dx Order,
_MDD_JCT_CREDIBLE_DX_FINGERPRINT,Dx DSM Code,
_MDD_JCT_CREDIBLE_DX_FINGERPRINT,Dx Is Provisional,
_MDD_JCT_CREDIBLE_DX_FINGERPRINT,Dx Is Rule-Out,
_MDD_JCT_CREDIBLE_DX_FINGERPRINT,Dx Onset Date,
_MDD_JCT_CREDIBLE_DX_FINGERPRINT,Dx Date,
_MDD_JCT_CREDIBLE_DX_FINGERPRINT,Dx Resolved Date,
_MDD_JCT_CREDIBLE_DX_FINGERPRINT,Dx Date ID,Unique ID of the Dx Date.
_MDD_JCT_CREDIBLE_DX_FINGERPRINT,Dx Onset Date ID,Unique ID of the Dx Onset Date.
_MDD_JCT_CREDIBLE_DX_FINGERPRINT,Dx Resolved Date ID,Unique ID of the Dx Resolved Date.
_MDD_JCT_CREDIBLE_DX_FINGERPRINT_SNAPSHOTS,Client ID,Unique ID of the Client.
_MDD_JCT_CREDIBLE_DX_FINGERPRINT_SNAPSHOTS,Dx Snapshot ID,Unique ID of the Dx Snapshot.
_MDD_JCT_CREDIBLE_DX_FINGERPRINT_SNAPSHOTS,Dx Fingerprint ID,Unique ID of the Dx Fingerprint.
_MDD_JCT_CREDIBLE_DX_SNAPSHOTS,Dx Snapshot ID,Unique ID of the Dx Snapshot.
_MDD_JCT_CREDIBLE_DX_SNAPSHOTS,Client ID,Unique ID of the Client.
_MDD_JCT_CREDIBLE_DX_SNAPSHOTS,Dx Snapshot Start,
_MDD_JCT_CREDIBLE_DX_SNAPSHOTS,Dx Snapshot Status,
_MDD_JCT_CREDIBLE_DX_SNAPSHOTS,Dx Snapshot Status ID,Unique ID of the Dx Snapshot Status.
_MDD_JCT_CREDIBLE_DX_SNAPSHOTS,Record Type,
_MDD_JCT_CREDIBLE_DX_SNAPSHOTS,Record ID,Unique ID of the Record.
_MDD_JCT_CREDIBLE_DX_SNAPSHOTS_CURRENT,Client ID,Unique ID of the Client.
_MDD_JCT_CREDIBLE_DX_SNAPSHOTS_CURRENT,Dx Snapshot ID,Unique ID of the Dx Snapshot.
_MDD_JCT_CREDIBLE_DX_SNAPSHOTS_CURRENT,Dx Snapshot Start,
_MDD_JCT_CREDIBLE_DX_SNAPSHOTS_DISAPPEARED,Dx Snapshot ID,Unique ID of the Dx Snapshot.
_MDD_JCT_CREDIBLE_DX_SNAPSHOTS_DISAPPEARED,Client ID,Unique ID of the Client.
_MDD_JCT_CREDIBLE_DX_SNAPSHOTS_DISAPPEARED,Dx Snapshot Start,
_MDD_JCT_CREDIBLE_DX_SNAPSHOTS_DISAPPEARED,Dx Snapshot Status,
_MDD_JCT_CREDIBLE_DX_SNAPSHOTS_DISAPPEARED,Dx Snapshot Status ID,Unique ID of the Dx Snapshot Status.
_MDD_JCT_CREDIBLE_DX_SNAPSHOTS_DISAPPEARED,Record Type,
_MDD_JCT_CREDIBLE_DX_SNAPSHOTS_DISAPPEARED,Record ID,Unique ID of the Record.
_MDD_JCT_CREDIBLE_DX_SNAPSHOTS_HX,Dx Snapshot ID,Unique ID of the Dx Snapshot.
_MDD_JCT_CREDIBLE_DX_SNAPSHOTS_HX,Client ID,Unique ID of the Client.
_MDD_JCT_CREDIBLE_DX_SNAPSHOTS_HX,Dx Snapshot Status,
_MDD_JCT_CREDIBLE_DX_SNAPSHOTS_HX,Dx Snapshot Start,
_MDD_JCT_CREDIBLE_DX_SNAPSHOTS_HX,Dx Snapshot End,
_MDD_JCT_CREDIBLE_DX_SNAPSHOTS_HX,Dx Snapshot Start Date,
_MDD_JCT_CREDIBLE_DX_SNAPSHOTS_HX,Dx Snapshot End Date,
_MDD_JCT_CREDIBLE_DX_SNAPSHOTS_HX,Dx Snapshot Start Date ID,Unique ID of the Dx Snapshot Start Date.
_MDD_JCT_CREDIBLE_DX_SNAPSHOTS_HX,Dx Snapshot End Date ID,Unique ID of the Dx Snapshot End Date.
_MDD_JCT_CREDIBLE_DX_SNAPSHOTS_HX,Dx Snapshot Sequence Effective ASC,
_MDD_JCT_CREDIBLE_DX_SNAPSHOTS_HX,Dx Snapshot Sequence Effective DESC,
_MDD_JCT_CREDIBLE_DX_SNAPSHOTS_SEQ,Dx Snapshot ID,Unique ID of the Dx Snapshot.
_MDD_JCT_CREDIBLE_DX_SNAPSHOTS_SEQ,Client ID,Unique ID of the Client.
_MDD_JCT_CREDIBLE_DX_SNAPSHOTS_SEQ,Dx Snapshot Start,
_MDD_JCT_CREDIBLE_DX_SNAPSHOTS_SEQ,Dx Snapshot Status,
_MDD_JCT_CREDIBLE_DX_SNAPSHOTS_SEQ,Dx Snapshot Status ID,Unique ID of the Dx Snapshot Status.
_MDD_JCT_CREDIBLE_DX_SNAPSHOTS_SEQ,Record Type,
_MDD_JCT_CREDIBLE_DX_SNAPSHOTS_SEQ,Record ID,Unique ID of the Record.
_MDD_JCT_CREDIBLE_DX_SNAPSHOTS_SEQ,Dx Snapshot Sequence Effective ASC,
_MDD_JCT_CREDIBLE_DX_SNAPSHOTS_SEQ,Dx Snapshot Sequence Effective DESC,
_MDD_JCT_CREDIBLE_DX_SNAPSHOT_DUPLICATES,Dx Snapshot ID,Unique ID of the Dx Snapshot.
_MDD_JCT_CREDIBLE_DX_SNAPSHOT_DUPLICATES,Client ID,Unique ID of the Client.
_MDD_JCT_CREDIBLE_DX_SNAPSHOT_DUPLICATES,Dx Snapshot Active Sequence DESC,
_MDD_JCT_CREDIBLE_EMAIL,Email ID,Unique ID of the Email.
_MDD_JCT_CREDIBLE_EMAIL,Object Category,
_MDD_JCT_CREDIBLE_EMAIL,Object Category ID,Unique ID of the Object Category.
_MDD_JCT_CREDIBLE_EMAIL,Object ID,Unique ID of the Object.
_MDD_JCT_CREDIBLE_EMAIL,Email Type,
_MDD_JCT_CREDIBLE_EMAIL,Email Type ID,Unique ID of the Email Type.
_MDD_JCT_CREDIBLE_EMAIL,Email Address,
_MDD_JCT_CREDIBLE_EMAIL,Email Username,The individual's username for the system.
_MDD_JCT_CREDIBLE_EMAIL,Email Domain,
_MDD_JCT_CREDIBLE_EMAIL,Email TLD,
_MDD_JCT_CREDIBLE_EMPLOYEES_VALUES,Emp Id,
_MDD_JCT_CREDIBLE_EMPLOYEES_VALUES,Emp Status,
_MDD_JCT_CREDIBLE_EMPLOYEES_VALUES,Emp Status Id,
_MDD_JCT_CREDIBLE_EMPLOYEES_VALUES,First Name,
_MDD_JCT_CREDIBLE_EMPLOYEES_VALUES,First Name Id,
_MDD_JCT_CREDIBLE_EMPLOYEES_VALUES,Last Name,
_MDD_JCT_CREDIBLE_EMPLOYEES_VALUES,Last Name Id,
_MDD_JCT_CREDIBLE_EMPLOYEES_VALUES,Nickname,
_MDD_JCT_CREDIBLE_EMPLOYEES_VALUES,Nickname Id,
_MDD_JCT_CREDIBLE_EMPLOYEES_VALUES,Title,
_MDD_JCT_CREDIBLE_EMPLOYEES_VALUES,Title Id,
_MDD_JCT_CREDIBLE_EMPLOYEES_VALUES,Credentials,
_MDD_JCT_CREDIBLE_EMPLOYEES_VALUES,Credentials Id,
_MDD_JCT_CREDIBLE_EMPLOYEES_VALUES,Geo Area1,
_MDD_JCT_CREDIBLE_EMPLOYEES_VALUES,Geo Area1 Id,
_MDD_JCT_CREDIBLE_EMPLOYEES_VALUES,Geo Area2,
_MDD_JCT_CREDIBLE_EMPLOYEES_VALUES,Geo Area2 Id,
_MDD_JCT_CREDIBLE_EMPLOYEES_VALUES,Is Supervisor Flag,
_MDD_JCT_CREDIBLE_EMPLOYEES_VALUES,Is Supervisor Flag Id,
_MDD_JCT_CREDIBLE_EMPLOYEES_VALUES,Ssn,
_MDD_JCT_CREDIBLE_EMPLOYEES_VALUES,Ssn Id,
_MDD_JCT_CREDIBLE_EMPLOYEES_VALUES,Dob,NEED TO RENAME [Date of Birth].
_MDD_JCT_CREDIBLE_EMPLOYEES_VALUES,Dob Id,
_MDD_JCT_CREDIBLE_EMPLOYEES_VALUES,Home Phone,
_MDD_JCT_CREDIBLE_EMPLOYEES_VALUES,Home Phone Id,
_MDD_JCT_CREDIBLE_EMPLOYEES_VALUES,Work Phone,
_MDD_JCT_CREDIBLE_EMPLOYEES_VALUES,Work Phone Id,
_MDD_JCT_CREDIBLE_EMPLOYEES_VALUES,Mobile Phone,
_MDD_JCT_CREDIBLE_EMPLOYEES_VALUES,Mobile Phone Id,
_MDD_JCT_CREDIBLE_EMPLOYEES_VALUES,Fax Number,
_MDD_JCT_CREDIBLE_EMPLOYEES_VALUES,Fax Number Id,
_MDD_JCT_CREDIBLE_EMPLOYEES_VALUES,Pager Number,
_MDD_JCT_CREDIBLE_EMPLOYEES_VALUES,Pager Number Id,
_MDD_JCT_CREDIBLE_EMPLOYEES_VALUES,Emergency Contact,
_MDD_JCT_CREDIBLE_EMPLOYEES_VALUES,Emergency Contact Id,
_MDD_JCT_CREDIBLE_EMPLOYEES_VALUES,Emergency Phone,
_MDD_JCT_CREDIBLE_EMPLOYEES_VALUES,Emergency Phone Id,
_MDD_JCT_CREDIBLE_EMPLOYEES_VALUES,Address1,
_MDD_JCT_CREDIBLE_EMPLOYEES_VALUES,Address1 Id,
_MDD_JCT_CREDIBLE_EMPLOYEES_VALUES,Address2,
_MDD_JCT_CREDIBLE_EMPLOYEES_VALUES,Address2 Id,
_MDD_JCT_CREDIBLE_EMPLOYEES_VALUES,City,
_MDD_JCT_CREDIBLE_EMPLOYEES_VALUES,City Id,
_MDD_JCT_CREDIBLE_EMPLOYEES_VALUES,State,
_MDD_JCT_CREDIBLE_EMPLOYEES_VALUES,State Id,
_MDD_JCT_CREDIBLE_EMPLOYEES_VALUES,Zip,
_MDD_JCT_CREDIBLE_EMPLOYEES_VALUES,Zip Id,
_MDD_JCT_CREDIBLE_EMPLOYEES_VALUES,External Id,
_MDD_JCT_CREDIBLE_EMPLOYEES_VALUES,External Id Id,
_MDD_JCT_CREDIBLE_EMPLOYEES_VALUES,Reporting Unit,
_MDD_JCT_CREDIBLE_EMPLOYEES_VALUES,Reporting Unit Id,
_MDD_JCT_CREDIBLE_EMPLOYEES_VALUES,Hire Date,The date the individual was hired.
_MDD_JCT_CREDIBLE_EMPLOYEES_VALUES,Hire Date Id,
_MDD_JCT_CREDIBLE_EMPLOYEES_VALUES,Term Date,
_MDD_JCT_CREDIBLE_EMPLOYEES_VALUES,Term Date Id,
_MDD_JCT_CREDIBLE_EMPLOYEES_VALUES,Notes,The note field for the individual.
_MDD_JCT_CREDIBLE_EMPLOYEES_VALUES,Notes Id,
_MDD_JCT_CREDIBLE_EMPLOYEES_VALUES,Deleted,
_MDD_JCT_CREDIBLE_EMPLOYEES_VALUES,Deleted Id,
_MDD_JCT_CREDIBLE_EMPLOYEES_VALUES,Text1,
_MDD_JCT_CREDIBLE_EMPLOYEES_VALUES,Text1 Id,
_MDD_JCT_CREDIBLE_EMPLOYEES_VALUES,Text2,
_MDD_JCT_CREDIBLE_EMPLOYEES_VALUES,Text2 Id,
_MDD_JCT_CREDIBLE_EMPLOYEES_VALUES,Text3,
_MDD_JCT_CREDIBLE_EMPLOYEES_VALUES,Text3 Id,
_MDD_JCT_CREDIBLE_EMPLOYEES_VALUES,Text4,
_MDD_JCT_CREDIBLE_EMPLOYEES_VALUES,Text4 Id,
_MDD_JCT_CREDIBLE_EMPLOYEES_VALUES,Text5,
_MDD_JCT_CREDIBLE_EMPLOYEES_VALUES,Text5 Id,
_MDD_JCT_CREDIBLE_EMPLOYEES_VALUES,Text6,
_MDD_JCT_CREDIBLE_EMPLOYEES_VALUES,Text6 Id,
_MDD_JCT_CREDIBLE_EMPLOYEES_VALUES,Text7,
_MDD_JCT_CREDIBLE_EMPLOYEES_VALUES,Text7 Id,
_MDD_JCT_CREDIBLE_EMPLOYEES_VALUES,Text8,
_MDD_JCT_CREDIBLE_EMPLOYEES_VALUES,Text8 Id,
_MDD_JCT_CREDIBLE_EMPLOYEES_VALUES,Text9,
_MDD_JCT_CREDIBLE_EMPLOYEES_VALUES,Text9 Id,
_MDD_JCT_CREDIBLE_EMPLOYEES_VALUES,Text10,
_MDD_JCT_CREDIBLE_EMPLOYEES_VALUES,Text10 Id,
_MDD_JCT_CREDIBLE_EMPLOYEES_VALUES,Dd1,
_MDD_JCT_CREDIBLE_EMPLOYEES_VALUES,Dd1 Id,
_MDD_JCT_CREDIBLE_EMPLOYEES_VALUES,Dd2,
_MDD_JCT_CREDIBLE_EMPLOYEES_VALUES,Dd2 Id,
_MDD_JCT_CREDIBLE_EMPLOYEES_VALUES,Dd3,
_MDD_JCT_CREDIBLE_EMPLOYEES_VALUES,Dd3 Id,
_MDD_JCT_CREDIBLE_EMPLOYEES_VALUES,Dd4,
_MDD_JCT_CREDIBLE_EMPLOYEES_VALUES,Dd4 Id,
_MDD_JCT_CREDIBLE_EMPLOYEES_VALUES,Dd5,
_MDD_JCT_CREDIBLE_EMPLOYEES_VALUES,Dd5 Id,
_MDD_JCT_CREDIBLE_EMPLOYEES_VALUES,Date1,
_MDD_JCT_CREDIBLE_EMPLOYEES_VALUES,Date1 Id,
_MDD_JCT_CREDIBLE_EMPLOYEES_VALUES,Date2,
_MDD_JCT_CREDIBLE_EMPLOYEES_VALUES,Date2 Id,
_MDD_JCT_CREDIBLE_EMPLOYEES_VALUES,Date3,
_MDD_JCT_CREDIBLE_EMPLOYEES_VALUES,Date3 Id,
_MDD_JCT_CREDIBLE_EMPLOYEES_VALUES,Date4,
_MDD_JCT_CREDIBLE_EMPLOYEES_VALUES,Date4 Id,
_MDD_JCT_CREDIBLE_EMPLOYEES_VALUES,Date5,
_MDD_JCT_CREDIBLE_EMPLOYEES_VALUES,Date5 Id,
_MDD_JCT_CREDIBLE_EMPLOYEES_VALUES,Num1,
_MDD_JCT_CREDIBLE_EMPLOYEES_VALUES,Num1 Id,
_MDD_JCT_CREDIBLE_EMPLOYEES_VALUES,Num2,
_MDD_JCT_CREDIBLE_EMPLOYEES_VALUES,Num2 Id,
_MDD_JCT_CREDIBLE_EMPLOYEES_VALUES,Num3,
_MDD_JCT_CREDIBLE_EMPLOYEES_VALUES,Num3 Id,
_MDD_JCT_CREDIBLE_EMPLOYEES_VALUES,Num4,
_MDD_JCT_CREDIBLE_EMPLOYEES_VALUES,Num4 Id,
_MDD_JCT_CREDIBLE_EMPLOYEES_VALUES,Num5,
_MDD_JCT_CREDIBLE_EMPLOYEES_VALUES,Num5 Id,
_MDD_JCT_CREDIBLE_EMPLOYEES_VALUES,Bool1,
_MDD_JCT_CREDIBLE_EMPLOYEES_VALUES,Bool1 Id,
_MDD_JCT_CREDIBLE_EMPLOYEES_VALUES,Bool2,
_MDD_JCT_CREDIBLE_EMPLOYEES_VALUES,Bool2 Id,
_MDD_JCT_CREDIBLE_EMPLOYEES_VALUES,Bool3,
_MDD_JCT_CREDIBLE_EMPLOYEES_VALUES,Bool3 Id,
_MDD_JCT_CREDIBLE_EMPLOYEES_VALUES,Bool4,
_MDD_JCT_CREDIBLE_EMPLOYEES_VALUES,Bool4 Id,
_MDD_JCT_CREDIBLE_EMPLOYEES_VALUES,Bool5,
_MDD_JCT_CREDIBLE_EMPLOYEES_VALUES,Bool5 Id,
_MDD_JCT_CREDIBLE_EMPLOYEES_VALUES,Middle Name,
_MDD_JCT_CREDIBLE_EMPLOYEES_VALUES,Middle Name Id,
_MDD_JCT_CREDIBLE_EMPLOYEES_VALUES,Date6,
_MDD_JCT_CREDIBLE_EMPLOYEES_VALUES,Date6 Id,
_MDD_JCT_CREDIBLE_EMPLOYEES_VALUES,Username,The individual's username for the system.
_MDD_JCT_CREDIBLE_EMPLOYEES_VALUES,Username Id,
_MDD_JCT_CREDIBLE_EMPLOYEES_VALUES,Hash Password,
_MDD_JCT_CREDIBLE_EMPLOYEES_VALUES,Hash Password Id,
_MDD_JCT_CREDIBLE_EMPLOYEES_VALUES,Email,
_MDD_JCT_CREDIBLE_EMPLOYEES_VALUES,Email Id,
_MDD_JCT_CREDIBLE_EMPLOYEES_VALUES,Email Office,
_MDD_JCT_CREDIBLE_EMPLOYEES_VALUES,Email Office Id,
_MDD_JCT_CREDIBLE_EMPLOYEES_VALUES,Profile Code,
_MDD_JCT_CREDIBLE_EMPLOYEES_VALUES,Profile Code Id,
_MDD_JCT_CREDIBLE_EMPLOYEES_VALUES,Login Datetime,
_MDD_JCT_CREDIBLE_EMPLOYEES_VALUES,Login Datetime Id,
_MDD_JCT_CREDIBLE_EMPLOYEES_VALUES,Download Datetime,
_MDD_JCT_CREDIBLE_EMPLOYEES_VALUES,Download Datetime Id,
_MDD_JCT_CREDIBLE_EMPLOYEES_VALUES,Billing Group Id,
_MDD_JCT_CREDIBLE_EMPLOYEES_VALUES,Billing Group Id Id,
_MDD_JCT_CREDIBLE_EMPLOYEES_VALUES,Is Not Emp,
_MDD_JCT_CREDIBLE_EMPLOYEES_VALUES,Is Not Emp Id,
_MDD_JCT_CREDIBLE_EMPLOYEES_VALUES,Provider Number,
_MDD_JCT_CREDIBLE_EMPLOYEES_VALUES,Provider Number Id,
_MDD_JCT_CREDIBLE_EMPLOYEES_VALUES,Taxonomy Number,
_MDD_JCT_CREDIBLE_EMPLOYEES_VALUES,Taxonomy Number Id,
_MDD_JCT_CREDIBLE_EMPLOYEES_VALUES,Date Created,
_MDD_JCT_CREDIBLE_EMPLOYEES_VALUES,Date Created Id,
_MDD_JCT_CREDIBLE_EMPLOYEES_VALUES,Date Updated,
_MDD_JCT_CREDIBLE_EMPLOYEES_VALUES,Date Updated Id,
_MDD_JCT_CREDIBLE_EMPLOYEES_VALUES,Get Devicelog,
_MDD_JCT_CREDIBLE_EMPLOYEES_VALUES,Get Devicelog Id,
_MDD_JCT_CREDIBLE_EMPLOYEES_VALUES,Alt Provider Number1,
_MDD_JCT_CREDIBLE_EMPLOYEES_VALUES,Alt Provider Number1 Id,
_MDD_JCT_CREDIBLE_EMPLOYEES_VALUES,Alt Provider Number2,
_MDD_JCT_CREDIBLE_EMPLOYEES_VALUES,Alt Provider Number2 Id,
_MDD_JCT_CREDIBLE_EMPLOYEES_VALUES,Alt Provider Number3,
_MDD_JCT_CREDIBLE_EMPLOYEES_VALUES,Alt Provider Number3 Id,
_MDD_JCT_CREDIBLE_EMPLOYEES_VALUES,Alt Provider Number4,
_MDD_JCT_CREDIBLE_EMPLOYEES_VALUES,Alt Provider Number4 Id,
_MDD_JCT_CREDIBLE_EMPLOYEES_VALUES,Alt Provider Number5,
_MDD_JCT_CREDIBLE_EMPLOYEES_VALUES,Alt Provider Number5 Id,
_MDD_JCT_CREDIBLE_EMPLOYEES_VALUES,Alt Provider Number10,
_MDD_JCT_CREDIBLE_EMPLOYEES_VALUES,Alt Provider Number10 Id,
_MDD_JCT_CREDIBLE_EMPLOYEES_VALUES,Alt Provider Number6,
_MDD_JCT_CREDIBLE_EMPLOYEES_VALUES,Alt Provider Number6 Id,
_MDD_JCT_CREDIBLE_EMPLOYEES_VALUES,Alt Provider Number7,
_MDD_JCT_CREDIBLE_EMPLOYEES_VALUES,Alt Provider Number7 Id,
_MDD_JCT_CREDIBLE_EMPLOYEES_VALUES,Alt Provider Number8,
_MDD_JCT_CREDIBLE_EMPLOYEES_VALUES,Alt Provider Number8 Id,
_MDD_JCT_CREDIBLE_EMPLOYEES_VALUES,Alt Provider Number9,
_MDD_JCT_CREDIBLE_EMPLOYEES_VALUES,Alt Provider Number9 Id,
_MDD_JCT_CREDIBLE_EMPLOYEES_VALUES,Fullclienttab,
_MDD_JCT_CREDIBLE_EMPLOYEES_VALUES,Fullclienttab Id,
_MDD_JCT_CREDIBLE_EMPLOYEES_VALUES,Topclienttab,
_MDD_JCT_CREDIBLE_EMPLOYEES_VALUES,Topclienttab Id,
_MDD_JCT_CREDIBLE_EMPLOYEES_VALUES,Config Id,
_MDD_JCT_CREDIBLE_EMPLOYEES_VALUES,Config Id Id,
_MDD_JCT_CREDIBLE_EMPLOYEES_VALUES,Emp Message,
_MDD_JCT_CREDIBLE_EMPLOYEES_VALUES,Emp Message Id,
_MDD_JCT_CREDIBLE_EMPLOYEES_VALUES,Gender,"DO NOT USE. The client's gender as recorded. QuickMAR does not provide separate source fields for gender and sex, so this value is sourced from the same underlying field as [Client Sex]."
_MDD_JCT_CREDIBLE_EMPLOYEES_VALUES,Gender Id,DO NOT USE.
_MDD_JCT_CREDIBLE_EMPLOYEES_VALUES,Pref Program Id,
_MDD_JCT_CREDIBLE_EMPLOYEES_VALUES,Pref Program Id Id,
_MDD_JCT_CREDIBLE_EMPLOYEES_VALUES,Pref Visittype Id,
_MDD_JCT_CREDIBLE_EMPLOYEES_VALUES,Pref Visittype Id Id,
_MDD_JCT_CREDIBLE_EMPLOYEES_VALUES,Supervisor,
_MDD_JCT_CREDIBLE_EMPLOYEES_VALUES,Supervisor Id,
_MDD_JCT_CREDIBLE_EMPLOYEES_VALUES,First Svc Date,
_MDD_JCT_CREDIBLE_EMPLOYEES_VALUES,First Svc Date Id,
_MDD_JCT_CREDIBLE_EMPLOYEES_VALUES,Last Svc Date,
_MDD_JCT_CREDIBLE_EMPLOYEES_VALUES,Last Svc Date Id,
_MDD_JCT_CREDIBLE_EMPLOYEES_VALUES,Npi,
_MDD_JCT_CREDIBLE_EMPLOYEES_VALUES,Npi Id,
_MDD_JCT_CREDIBLE_EMPLOYEES_VALUES,Pref Empstat,
_MDD_JCT_CREDIBLE_EMPLOYEES_VALUES,Pref Empstat Id,
_MDD_JCT_CREDIBLE_EMPLOYEES_VALUES,Ip Address,
_MDD_JCT_CREDIBLE_EMPLOYEES_VALUES,Ip Address Id,
_MDD_JCT_CREDIBLE_EMPLOYEES_VALUES,Max Caseload,
_MDD_JCT_CREDIBLE_EMPLOYEES_VALUES,Max Caseload Id,
_MDD_JCT_CREDIBLE_EMPLOYEES_VALUES,Bool10,
_MDD_JCT_CREDIBLE_EMPLOYEES_VALUES,Bool10 Id,
_MDD_JCT_CREDIBLE_EMPLOYEES_VALUES,Bool6,
_MDD_JCT_CREDIBLE_EMPLOYEES_VALUES,Bool6 Id,
_MDD_JCT_CREDIBLE_EMPLOYEES_VALUES,Bool7,
_MDD_JCT_CREDIBLE_EMPLOYEES_VALUES,Bool7 Id,
_MDD_JCT_CREDIBLE_EMPLOYEES_VALUES,Bool8,
_MDD_JCT_CREDIBLE_EMPLOYEES_VALUES,Bool8 Id,
_MDD_JCT_CREDIBLE_EMPLOYEES_VALUES,Bool9,
_MDD_JCT_CREDIBLE_EMPLOYEES_VALUES,Bool9 Id,
_MDD_JCT_CREDIBLE_EMPLOYEES_VALUES,Createdby Emp Id,
_MDD_JCT_CREDIBLE_EMPLOYEES_VALUES,Createdby Emp Id Id,
_MDD_JCT_CREDIBLE_EMPLOYEES_VALUES,Date10,
_MDD_JCT_CREDIBLE_EMPLOYEES_VALUES,Date10 Id,
_MDD_JCT_CREDIBLE_EMPLOYEES_VALUES,Date7,
_MDD_JCT_CREDIBLE_EMPLOYEES_VALUES,Date7 Id,
_MDD_JCT_CREDIBLE_EMPLOYEES_VALUES,Date8,
_MDD_JCT_CREDIBLE_EMPLOYEES_VALUES,Date8 Id,
_MDD_JCT_CREDIBLE_EMPLOYEES_VALUES,Date9,
_MDD_JCT_CREDIBLE_EMPLOYEES_VALUES,Date9 Id,
_MDD_JCT_CREDIBLE_EMPLOYEES_VALUES,Dd10,
_MDD_JCT_CREDIBLE_EMPLOYEES_VALUES,Dd10 Id,
_MDD_JCT_CREDIBLE_EMPLOYEES_VALUES,Dd11,
_MDD_JCT_CREDIBLE_EMPLOYEES_VALUES,Dd11 Id,
_MDD_JCT_CREDIBLE_EMPLOYEES_VALUES,Dd12,
_MDD_JCT_CREDIBLE_EMPLOYEES_VALUES,Dd12 Id,
_MDD_JCT_CREDIBLE_EMPLOYEES_VALUES,Dd13,
_MDD_JCT_CREDIBLE_EMPLOYEES_VALUES,Dd13 Id,
_MDD_JCT_CREDIBLE_EMPLOYEES_VALUES,Dd14,
_MDD_JCT_CREDIBLE_EMPLOYEES_VALUES,Dd14 Id,
_MDD_JCT_CREDIBLE_EMPLOYEES_VALUES,Dd15,
_MDD_JCT_CREDIBLE_EMPLOYEES_VALUES,Dd15 Id,
_MDD_JCT_CREDIBLE_EMPLOYEES_VALUES,Dd6,
_MDD_JCT_CREDIBLE_EMPLOYEES_VALUES,Dd6 Id,
_MDD_JCT_CREDIBLE_EMPLOYEES_VALUES,Dd7,
_MDD_JCT_CREDIBLE_EMPLOYEES_VALUES,Dd7 Id,
_MDD_JCT_CREDIBLE_EMPLOYEES_VALUES,Dd8,
_MDD_JCT_CREDIBLE_EMPLOYEES_VALUES,Dd8 Id,
_MDD_JCT_CREDIBLE_EMPLOYEES_VALUES,Dd9,
_MDD_JCT_CREDIBLE_EMPLOYEES_VALUES,Dd9 Id,
_MDD_JCT_CREDIBLE_EMPLOYEES_VALUES,Text11,
_MDD_JCT_CREDIBLE_EMPLOYEES_VALUES,Text11 Id,
_MDD_JCT_CREDIBLE_EMPLOYEES_VALUES,Text12,
_MDD_JCT_CREDIBLE_EMPLOYEES_VALUES,Text12 Id,
_MDD_JCT_CREDIBLE_EMPLOYEES_VALUES,Text13,
_MDD_JCT_CREDIBLE_EMPLOYEES_VALUES,Text13 Id,
_MDD_JCT_CREDIBLE_EMPLOYEES_VALUES,Text14,
_MDD_JCT_CREDIBLE_EMPLOYEES_VALUES,Text14 Id,
_MDD_JCT_CREDIBLE_EMPLOYEES_VALUES,Text15,
_MDD_JCT_CREDIBLE_EMPLOYEES_VALUES,Text15 Id,
_MDD_JCT_CREDIBLE_EMPLOYEES_VALUES,Text16,
_MDD_JCT_CREDIBLE_EMPLOYEES_VALUES,Text16 Id,
_MDD_JCT_CREDIBLE_EMPLOYEES_VALUES,Text17,
_MDD_JCT_CREDIBLE_EMPLOYEES_VALUES,Text17 Id,
_MDD_JCT_CREDIBLE_EMPLOYEES_VALUES,Text18,
_MDD_JCT_CREDIBLE_EMPLOYEES_VALUES,Text18 Id,
_MDD_JCT_CREDIBLE_EMPLOYEES_VALUES,Text19,
_MDD_JCT_CREDIBLE_EMPLOYEES_VALUES,Text19 Id,
_MDD_JCT_CREDIBLE_EMPLOYEES_VALUES,Text20,
_MDD_JCT_CREDIBLE_EMPLOYEES_VALUES,Text20 Id,
_MDD_JCT_CREDIBLE_EMPLOYEES_VALUES,Text21,
_MDD_JCT_CREDIBLE_EMPLOYEES_VALUES,Text21 Id,
_MDD_JCT_CREDIBLE_EMPLOYEES_VALUES,Text22,
_MDD_JCT_CREDIBLE_EMPLOYEES_VALUES,Text22 Id,
_MDD_JCT_CREDIBLE_EMPLOYEES_VALUES,Text23,
_MDD_JCT_CREDIBLE_EMPLOYEES_VALUES,Text23 Id,
_MDD_JCT_CREDIBLE_EMPLOYEES_VALUES,Text24,
_MDD_JCT_CREDIBLE_EMPLOYEES_VALUES,Text24 Id,
_MDD_JCT_CREDIBLE_EMPLOYEES_VALUES,Text25,
_MDD_JCT_CREDIBLE_EMPLOYEES_VALUES,Text25 Id,
_MDD_JCT_CREDIBLE_EMPLOYEES_VALUES,Text26,
_MDD_JCT_CREDIBLE_EMPLOYEES_VALUES,Text26 Id,
_MDD_JCT_CREDIBLE_EMPLOYEES_VALUES,Text27,
_MDD_JCT_CREDIBLE_EMPLOYEES_VALUES,Text27 Id,
_MDD_JCT_CREDIBLE_EMPLOYEES_VALUES,Text28,
_MDD_JCT_CREDIBLE_EMPLOYEES_VALUES,Text28 Id,
_MDD_JCT_CREDIBLE_EMPLOYEES_VALUES,Text29,
_MDD_JCT_CREDIBLE_EMPLOYEES_VALUES,Text29 Id,
_MDD_JCT_CREDIBLE_EMPLOYEES_VALUES,Text30,
_MDD_JCT_CREDIBLE_EMPLOYEES_VALUES,Text30 Id,
_MDD_JCT_CREDIBLE_EMPLOYEES_VALUES,Text31,
_MDD_JCT_CREDIBLE_EMPLOYEES_VALUES,Text31 Id,
_MDD_JCT_CREDIBLE_EMPLOYEES_VALUES,Text32,
_MDD_JCT_CREDIBLE_EMPLOYEES_VALUES,Text32 Id,
_MDD_JCT_CREDIBLE_EMPLOYEES_VALUES,Text33,
_MDD_JCT_CREDIBLE_EMPLOYEES_VALUES,Text33 Id,
_MDD_JCT_CREDIBLE_EMPLOYEES_VALUES,Text34,
_MDD_JCT_CREDIBLE_EMPLOYEES_VALUES,Text34 Id,
_MDD_JCT_CREDIBLE_EMPLOYEES_VALUES,Text35,
_MDD_JCT_CREDIBLE_EMPLOYEES_VALUES,Text35 Id,
_MDD_JCT_CREDIBLE_EMPLOYEES_VALUES,Text36,
_MDD_JCT_CREDIBLE_EMPLOYEES_VALUES,Text36 Id,
_MDD_JCT_CREDIBLE_EMPLOYEES_VALUES,Text37,
_MDD_JCT_CREDIBLE_EMPLOYEES_VALUES,Text37 Id,
_MDD_JCT_CREDIBLE_EMPLOYEES_VALUES,Text38,
_MDD_JCT_CREDIBLE_EMPLOYEES_VALUES,Text38 Id,
_MDD_JCT_CREDIBLE_EMPLOYEES_VALUES,Text39,
_MDD_JCT_CREDIBLE_EMPLOYEES_VALUES,Text39 Id,
_MDD_JCT_CREDIBLE_EMPLOYEES_VALUES,Text40,
_MDD_JCT_CREDIBLE_EMPLOYEES_VALUES,Text40 Id,
_MDD_JCT_CREDIBLE_EMPLOYEES_VALUES,Updatedby Emp Id,
_MDD_JCT_CREDIBLE_EMPLOYEES_VALUES,Updatedby Emp Id Id,
_MDD_JCT_CREDIBLE_EMPLOYEES_VALUES,Alt Provider Number11,
_MDD_JCT_CREDIBLE_EMPLOYEES_VALUES,Alt Provider Number11 Id,
_MDD_JCT_CREDIBLE_EMPLOYEES_VALUES,Alt Provider Number12,
_MDD_JCT_CREDIBLE_EMPLOYEES_VALUES,Alt Provider Number12 Id,
_MDD_JCT_CREDIBLE_EMPLOYEES_VALUES,Alt Provider Number13,
_MDD_JCT_CREDIBLE_EMPLOYEES_VALUES,Alt Provider Number13 Id,
_MDD_JCT_CREDIBLE_EMPLOYEES_VALUES,Alt Provider Number14,
_MDD_JCT_CREDIBLE_EMPLOYEES_VALUES,Alt Provider Number14 Id,
_MDD_JCT_CREDIBLE_EMPLOYEES_VALUES,Alt Provider Number15,
_MDD_JCT_CREDIBLE_EMPLOYEES_VALUES,Alt Provider Number15 Id,
_MDD_JCT_CREDIBLE_EMPLOYEES_VALUES,Alt Provider Number16,
_MDD_JCT_CREDIBLE_EMPLOYEES_VALUES,Alt Provider Number16 Id,
_MDD_JCT_CREDIBLE_EMPLOYEES_VALUES,Alt Provider Number17,
_MDD_JCT_CREDIBLE_EMPLOYEES_VALUES,Alt Provider Number17 Id,
_MDD_JCT_CREDIBLE_EMPLOYEES_VALUES,Alt Provider Number18,
_MDD_JCT_CREDIBLE_EMPLOYEES_VALUES,Alt Provider Number18 Id,
_MDD_JCT_CREDIBLE_EMPLOYEES_VALUES,Alt Provider Number19,
_MDD_JCT_CREDIBLE_EMPLOYEES_VALUES,Alt Provider Number19 Id,
_MDD_JCT_CREDIBLE_EMPLOYEES_VALUES,Alt Provider Number20,
_MDD_JCT_CREDIBLE_EMPLOYEES_VALUES,Alt Provider Number20 Id,
_MDD_JCT_CREDIBLE_EMPLOYEES_VALUES,Is Doctor,
_MDD_JCT_CREDIBLE_EMPLOYEES_VALUES,Is Doctor Id,
_MDD_JCT_CREDIBLE_EMPLOYEES_VALUES,Is Nurse,
_MDD_JCT_CREDIBLE_EMPLOYEES_VALUES,Is Nurse Id,
_MDD_JCT_CREDIBLE_EMPLOYEES_VALUES,Cache Date,
_MDD_JCT_CREDIBLE_EMPLOYEES_VALUES,Cache Date Id,
_MDD_JCT_CREDIBLE_EMPLOYEES_VALUES,Date11,
_MDD_JCT_CREDIBLE_EMPLOYEES_VALUES,Date11 Id,
_MDD_JCT_CREDIBLE_EMPLOYEES_VALUES,Date12,
_MDD_JCT_CREDIBLE_EMPLOYEES_VALUES,Date12 Id,
_MDD_JCT_CREDIBLE_EMPLOYEES_VALUES,Date13,
_MDD_JCT_CREDIBLE_EMPLOYEES_VALUES,Date13 Id,
_MDD_JCT_CREDIBLE_EMPLOYEES_VALUES,Date14,
_MDD_JCT_CREDIBLE_EMPLOYEES_VALUES,Date14 Id,
_MDD_JCT_CREDIBLE_EMPLOYEES_VALUES,Date15,
_MDD_JCT_CREDIBLE_EMPLOYEES_VALUES,Date15 Id,
_MDD_JCT_CREDIBLE_EMPLOYEES_VALUES,Textlong1,
_MDD_JCT_CREDIBLE_EMPLOYEES_VALUES,Textlong1 Id,
_MDD_JCT_CREDIBLE_EMPLOYEES_VALUES,Textlong2,
_MDD_JCT_CREDIBLE_EMPLOYEES_VALUES,Textlong2 Id,
_MDD_JCT_CREDIBLE_EMPLOYEES_VALUES,Bool11,
_MDD_JCT_CREDIBLE_EMPLOYEES_VALUES,Bool11 Id,
_MDD_JCT_CREDIBLE_EMPLOYEES_VALUES,Bool12,
_MDD_JCT_CREDIBLE_EMPLOYEES_VALUES,Bool12 Id,
_MDD_JCT_CREDIBLE_EMPLOYEES_VALUES,Bool13,
_MDD_JCT_CREDIBLE_EMPLOYEES_VALUES,Bool13 Id,
_MDD_JCT_CREDIBLE_EMPLOYEES_VALUES,Bool14,
_MDD_JCT_CREDIBLE_EMPLOYEES_VALUES,Bool14 Id,
_MDD_JCT_CREDIBLE_EMPLOYEES_VALUES,Bool15,
_MDD_JCT_CREDIBLE_EMPLOYEES_VALUES,Bool15 Id,
_MDD_JCT_CREDIBLE_EMPLOYEES_VALUES,Date16,
_MDD_JCT_CREDIBLE_EMPLOYEES_VALUES,Date16 Id,
_MDD_JCT_CREDIBLE_EMPLOYEES_VALUES,Date17,
_MDD_JCT_CREDIBLE_EMPLOYEES_VALUES,Date17 Id,
_MDD_JCT_CREDIBLE_EMPLOYEES_VALUES,Date18,
_MDD_JCT_CREDIBLE_EMPLOYEES_VALUES,Date18 Id,
_MDD_JCT_CREDIBLE_EMPLOYEES_VALUES,Date19,
_MDD_JCT_CREDIBLE_EMPLOYEES_VALUES,Date19 Id,
_MDD_JCT_CREDIBLE_EMPLOYEES_VALUES,Date20,
_MDD_JCT_CREDIBLE_EMPLOYEES_VALUES,Date20 Id,
_MDD_JCT_CREDIBLE_EMPLOYEES_VALUES,Textlong3,
_MDD_JCT_CREDIBLE_EMPLOYEES_VALUES,Textlong3 Id,
_MDD_JCT_CREDIBLE_EMPLOYEES_VALUES,Date Password Updated,
_MDD_JCT_CREDIBLE_EMPLOYEES_VALUES,Date Password Updated Id,
_MDD_JCT_CREDIBLE_EMPLOYEES_VALUES,Dea,
_MDD_JCT_CREDIBLE_EMPLOYEES_VALUES,Dea Id,
_MDD_JCT_CREDIBLE_EMPLOYEES_VALUES,Expected Units,
_MDD_JCT_CREDIBLE_EMPLOYEES_VALUES,Expected Units Id,
_MDD_JCT_CREDIBLE_EMPLOYEES_VALUES,Is Transcriptionist,
_MDD_JCT_CREDIBLE_EMPLOYEES_VALUES,Is Transcriptionist Id,
_MDD_JCT_CREDIBLE_EMPLOYEES_VALUES,Spi,
_MDD_JCT_CREDIBLE_EMPLOYEES_VALUES,Spi Id,
_MDD_JCT_CREDIBLE_EMPLOYEES_VALUES,Is Hr,
_MDD_JCT_CREDIBLE_EMPLOYEES_VALUES,Is Hr Id,
_MDD_JCT_CREDIBLE_EMPLOYEES_VALUES,Change Password,
_MDD_JCT_CREDIBLE_EMPLOYEES_VALUES,Change Password Id,
_MDD_JCT_CREDIBLE_EMPLOYEES_VALUES,Is Exempt,
_MDD_JCT_CREDIBLE_EMPLOYEES_VALUES,Is Exempt Id,
_MDD_JCT_CREDIBLE_EMPLOYEES_VALUES,Password Reset Expiration,
_MDD_JCT_CREDIBLE_EMPLOYEES_VALUES,Password Reset Expiration Id,
_MDD_JCT_CREDIBLE_EMPLOYEES_VALUES,Pqri Waiver Signed,
_MDD_JCT_CREDIBLE_EMPLOYEES_VALUES,Pqri Waiver Signed Id,
_MDD_JCT_CREDIBLE_EMPLOYEES_VALUES,Tin,
_MDD_JCT_CREDIBLE_EMPLOYEES_VALUES,Tin Id,
_MDD_JCT_CREDIBLE_EMPLOYEES_VALUES,Time Zone,
_MDD_JCT_CREDIBLE_EMPLOYEES_VALUES,Time Zone Id,
_MDD_JCT_CREDIBLE_EMPLOYEES_VALUES,Part Time,
_MDD_JCT_CREDIBLE_EMPLOYEES_VALUES,Part Time Id,
_MDD_JCT_CREDIBLE_EMPLOYEES_VALUES,Prescriber Id,
_MDD_JCT_CREDIBLE_EMPLOYEES_VALUES,Prescriber Id Id,
_MDD_JCT_CREDIBLE_EMPLOYEES_VALUES,Source,
_MDD_JCT_CREDIBLE_EMPLOYEES_VALUES,Source Id,
_MDD_JCT_CREDIBLE_EMPLOYEES_VALUES,Is Incident To,
_MDD_JCT_CREDIBLE_EMPLOYEES_VALUES,Is Incident To Id,
_MDD_JCT_CREDIBLE_EMPLOYEES_VALUES,Is Licensed Health Prof,
_MDD_JCT_CREDIBLE_EMPLOYEES_VALUES,Is Licensed Health Prof Id,
_MDD_JCT_CREDIBLE_EMPLOYEES_VALUES,Is Mu Provider,
_MDD_JCT_CREDIBLE_EMPLOYEES_VALUES,Is Mu Provider Id,
_MDD_JCT_CREDIBLE_EMPLOYEES_VALUES,Ctp,
_MDD_JCT_CREDIBLE_EMPLOYEES_VALUES,Ctp Id,
_MDD_JCT_CREDIBLE_EMPLOYEES_VALUES,Is Clinical,
_MDD_JCT_CREDIBLE_EMPLOYEES_VALUES,Is Clinical Id,
_MDD_JCT_CREDIBLE_EMPLOYEES_VALUES,Billing Supervisor Emp Id,
_MDD_JCT_CREDIBLE_EMPLOYEES_VALUES,Billing Supervisor Emp Id Id,
_MDD_JCT_CREDIBLE_EMPLOYEES_VALUES,Is Billing Supervisor,
_MDD_JCT_CREDIBLE_EMPLOYEES_VALUES,Is Billing Supervisor Id,
_MDD_JCT_CREDIBLE_EMPLOYEES_VALUES,Custom Id,
_MDD_JCT_CREDIBLE_EMPLOYEES_VALUES,Custom Id Id,
_MDD_JCT_CREDIBLE_EMPLOYEES_VALUES,Evv Custom Id,
_MDD_JCT_CREDIBLE_EMPLOYEES_VALUES,Evv Custom Id Id,
_MDD_JCT_CREDIBLE_EMPLOYEES_VALUES,IsOrganization,
_MDD_JCT_CREDIBLE_EMPLOYEES_VALUES,IsOrganization id,
_MDD_JCT_CREDIBLE_EMPLOYEES_VALUES,Partner Sso Id,
_MDD_JCT_CREDIBLE_EMPLOYEES_VALUES,Partner Sso Id Id,
_MDD_JCT_CREDIBLE_EMPLOYEES_VALUES,Is Sso Pin Set,
_MDD_JCT_CREDIBLE_EMPLOYEES_VALUES,Is Sso Pin Set Id,
_MDD_JCT_CREDIBLE_EMPLOYEES_VALUES,Emp Specialty Id,
_MDD_JCT_CREDIBLE_EMPLOYEES_VALUES,Emp Specialty Id Id,
_MDD_JCT_CREDIBLE_EMPLOYEE_CLIENT_ASSIGNMENT,User ID,Unique ID of the User.
_MDD_JCT_CREDIBLE_EMPLOYEE_CLIENT_ASSIGNMENT,Client ID,Unique ID of the Client.
_MDD_JCT_CREDIBLE_EMPLOYEE_CLIENT_ASSIGNMENT,Assignment Hierarchy,
_MDD_JCT_CREDIBLE_EMPLOYEE_CLIENT_ASSIGNMENT,Assignment Provenance,
_MDD_JCT_CREDIBLE_EMPLOYEE_CLIENT_ASSIGNMENT,Program ID,Unique ID of the Program.
_MDD_JCT_CREDIBLE_EMPLOYEE_CLIENT_ASSIGNMENT,Role ID,Unique ID of the Role.
_MDD_JCT_CREDIBLE_EMPLOYEE_CLIENT_ASSIGNMENT_PRIMARY,Client ID,Unique ID of the Client.
_MDD_JCT_CREDIBLE_EMPLOYEE_CLIENT_ASSIGNMENT_PRIMARY,Client Assigned Users Active Primary Count,
_MDD_JCT_CREDIBLE_EMPLOYEE_CLIENT_ASSIGNMENT_PRIMARY,Client Assigned Users Primary Count,
_MDD_JCT_CREDIBLE_EMPLOYEE_CLIENT_ASSIGNMENT_PRIMARY,Client Assigned Employees Primary,
_MDD_JCT_CREDIBLE_EMPLOYEE_CLIENT_ASSIGNMENT_PRIMARY,Client Assigned Users Primary,
_MDD_JCT_CREDIBLE_EMPLOYEE_CLIENT_ASSIGNMENT_PRIMARY,Client Assigned Users Active Primary,
_MDD_JCT_CREDIBLE_ENROLLMENTS,Enrollment ID,Unique ID of the Enrollment.
_MDD_JCT_CREDIBLE_ENROLLMENTS,Client ID,Unique ID of the Client.
_MDD_JCT_CREDIBLE_ENROLLMENTS,Program ID,Unique ID of the Program.
_MDD_JCT_CREDIBLE_ENROLLMENTS,Enrollment Start,"The start of the time span, as a date or datetime value."
_MDD_JCT_CREDIBLE_ENROLLMENTS,Enrollment End,"The end of the time span, as a date or datetime value."
_MDD_JCT_CREDIBLE_ENROLLMENTS,Enrollment Discharge Date,The date the individual was discharged. The date the client was discharged.
_MDD_JCT_CREDIBLE_ENROLLMENTS,Enrollment Admission Date,The date associated with the admission or start. The date the client was admitted.
_MDD_JCT_CREDIBLE_ENROLLMENTS,Enrollment Status,"The individual's status in the system, typically ""active"", ""inactive"", or ""pending"". The client status value as recorded."
_MDD_JCT_CREDIBLE_ENROLLMENTS,Client Assigned Employees Primary,
_MDD_JCT_CREDIBLE_ENROLLMENTS,Enrollment Outcome,
_MDD_JCT_CREDIBLE_ENROLLMENTS,Enrollment Outcome ID,Unique ID of the Enrollment Outcome.
_MDD_JCT_CREDIBLE_ENROLLMENTS,Enrollment Updated Date,The date the Enrollment record was last updated.
_MDD_JCT_CREDIBLE_ENROLLMENTS,Enrollment Created Date,The date the Enrollment record was created.
_MDD_JCT_CREDIBLE_ENROLLMENTS,Enrollment Updated By User ID,Unique ID of the Enrollment Updated By User.
_MDD_JCT_CREDIBLE_ENROLLMENTS,Enrollment Date First Billable,The date of the first billable service within the time span.
_MDD_JCT_CREDIBLE_ENROLLMENTS,Enrollment Date Last Billable,The date of the last billable service within the time span.
_MDD_JCT_CREDIBLE_ENROLLMENTS,Enrollment Appointment Completed Count,The count of completed services with this time span.
_MDD_JCT_CREDIBLE_ENROLLMENTS,Enrollment Admission Type,The type of admission.
_MDD_JCT_CREDIBLE_ENROLLMENTS,Enrollment Admission Source,The referral or source of the admission.
_MDD_JCT_CREDIBLE_ENROLLMENTS,Enrollment Admission Dx,The diagnosis at the time of admission.
_MDD_JCT_CREDIBLE_ENROLLMENTS,Enrollment Referral Date,The date of the referral associated with the time span.
_MDD_JCT_CREDIBLE_ENROLLMENTS,Enrollment Referral Source,The source of a referral of a given time span. Souce is customed defined by the agency.
_MDD_JCT_CREDIBLE_ENROLLMENTS,Enrollment Referral By,"The referral assiociated with the time span; could be a person, agency, etc."
_MDD_JCT_CREDIBLE_ENROLLMENTS,Enrollment Referral Provider NPI,The NPI of the referral provider associated with the time span.
_MDD_JCT_CREDIBLE_ENROLLMENTS,Enrollment Referral Provider NPI Link,The NPI link of the referral provider associated with the time span.
_MDD_JCT_CREDIBLE_ENROLLMENTS,Enrollment Referral Provider Name First,The enrollment referral provider's first name.
_MDD_JCT_CREDIBLE_ENROLLMENTS,Enrollment Referral Provider Name Last,The enrollment referral provider's last name.
_MDD_JCT_CREDIBLE_ENROLLMENTS,Enrollment Referral Provider Name First & Last,The first and last name of the referral provider associated with the time span.
_MDD_JCT_CREDIBLE_ENROLLMENTS,Enrollment Referral Provider Name Last & First,The last and first name of the referral provider associated with the time span.
_MDD_JCT_CREDIBLE_ENROLLMENTS,Enrollment Open-Closed,
_MDD_JCT_CREDIBLE_ENROLLMENTS,Enrollment Since Open Hours,"Time since the start of a time span, in hours."
_MDD_JCT_CREDIBLE_ENROLLMENTS,Enrollment Since Open Days,"Time since the start of a time span, in days."
_MDD_JCT_CREDIBLE_ENROLLMENTS,Enrollment Since Open Weeks,"Time since the start of a time span, in weeks."
_MDD_JCT_CREDIBLE_ENROLLMENTS,Enrollment Since Open Months,"Time since the start of a time span, in months."
_MDD_JCT_CREDIBLE_ENROLLMENTS,Enrollment Since Open Years,"Time since the start of a time span, in years."
_MDD_JCT_CREDIBLE_ENROLLMENTS,Enrollment Since Close Hours,"Time since the end of a time span, in hours."
_MDD_JCT_CREDIBLE_ENROLLMENTS,Enrollment Since Close Days,"Time since the end of a time span, in days."
_MDD_JCT_CREDIBLE_ENROLLMENTS,Enrollment Since Close Weeks,"Time since the end of a time span, in weeks."
_MDD_JCT_CREDIBLE_ENROLLMENTS,Enrollment Since Close Months,"Time since the end of a time span, in months."
_MDD_JCT_CREDIBLE_ENROLLMENTS,Enrollment Since Close Years,"Time since the end of a time span, in years."
_MDD_JCT_CREDIBLE_ENROLLMENTS,Enrollment Start Fiscal Year,
_MDD_JCT_CREDIBLE_ENROLLMENTS,Enrollment End Fiscal Year,The fiscal year in which the time span ends.
_MDD_JCT_CREDIBLE_ENROLLMENTS,Enrollment LoS Hours,"The length of stay in the time span, in hours."
_MDD_JCT_CREDIBLE_ENROLLMENTS,Enrollment LoS Days,"The length of stay in the time span, in days."
_MDD_JCT_CREDIBLE_ENROLLMENTS,Enrollment LoS Weeks,"The length of stay in the time span, in weeks."
_MDD_JCT_CREDIBLE_ENROLLMENTS,Enrollment LoS Months,"The length of stay in the time span, in months."
_MDD_JCT_CREDIBLE_ENROLLMENTS,Enrollment LoS Years,"The length of stay in the time span, in years."
_MDD_JCT_CREDIBLE_ENROLLMENTS,Enrollment Sequence ASC,"An integer, starting at 1, in the sequence of events in chronological order associated with the time span."
_MDD_JCT_CREDIBLE_ENROLLMENTS,Enrollment Sequence DESC,"An integer, ending at 1, in the sequence of events in chronological order associated with the time span."
_MDD_JCT_CREDIBLE_ENROLLMENTS,Enrollment Link,The URL that will take the user directly to the entity described in the record.
_MDD_JCT_CREDIBLE_ENROLLMENTS,Enrollment Likely Error,
_MDD_JCT_CREDIBLE_ENROLLMENTS,Client ID External,
_MDD_JCT_CREDIBLE_ENROLLMENTS,Client ID Social Security Number,
_MDD_JCT_CREDIBLE_ENROLLMENTS,Client ID Fuzzy A2,
_MDD_JCT_CREDIBLE_ENROLLMENTS,Client ID JCT Fuzzy A0,
_MDD_JCT_CREDIBLE_ENROLLMENTS,Client ID JCT Fuzzy A1,
_MDD_JCT_CREDIBLE_ENROLLMENTS,Client Name First & Last,The client's name formatted as first and last.
_MDD_JCT_CREDIBLE_ENROLLMENTS,Client Name Last & First,"The client's name formatted as last, first."
_MDD_JCT_CREDIBLE_ENROLLMENTS,Client Name First & Last w/Initial,
_MDD_JCT_CREDIBLE_ENROLLMENTS,Client Name First & Last w/Initial & Client ID,Unique ID of the Client Name First & Last w/Initial & Client.
_MDD_JCT_CREDIBLE_ENROLLMENTS,Client Name Last & First w/Initial,
_MDD_JCT_CREDIBLE_ENROLLMENTS,Client Name Last & First w/Initial & Client ID,Unique ID of the Client Name Last & First w/Initial & Client.
_MDD_JCT_CREDIBLE_ENROLLMENTS,Client Name Middle,
_MDD_JCT_CREDIBLE_ENROLLMENTS,Client Name First,The client's first name.
_MDD_JCT_CREDIBLE_ENROLLMENTS,Client Name Last,The client's last name.
_MDD_JCT_CREDIBLE_ENROLLMENTS,Client Date of Birth,The client's date of birth.
_MDD_JCT_CREDIBLE_ENROLLMENTS,Client Date of Death,
_MDD_JCT_CREDIBLE_ENROLLMENTS,Client Admission Date,The date the client was admitted.
_MDD_JCT_CREDIBLE_ENROLLMENTS,Client Admission Date Fiscal Year,The fiscal year of the client admission date.
_MDD_JCT_CREDIBLE_ENROLLMENTS,Client Discharge Date,The date the client was discharged.
_MDD_JCT_CREDIBLE_ENROLLMENTS,Client Discharge Date Fiscal Year,The fiscal year of the client discharge date.
_MDD_JCT_CREDIBLE_ENROLLMENTS,Client Age in Hours,
_MDD_JCT_CREDIBLE_ENROLLMENTS,Client Age in Days,The client's age expressed in days based on date of birth.
_MDD_JCT_CREDIBLE_ENROLLMENTS,Client Age in Months,The client's age expressed in months based on date of birth.
_MDD_JCT_CREDIBLE_ENROLLMENTS,Client Age in Years,The client's age expressed in years based on date of birth.
_MDD_JCT_CREDIBLE_ENROLLMENTS,Client Age In Years Old Difference,
_MDD_JCT_CREDIBLE_ENROLLMENTS,Client Status,The client status value as recorded.
_MDD_JCT_CREDIBLE_ENROLLMENTS,Client Status ID,Unique ID of the Client Status.
_MDD_JCT_CREDIBLE_ENROLLMENTS,Client Is Active,Indicates whether the client is active.
_MDD_JCT_CREDIBLE_ENROLLMENTS,Client Is Inactive,Indicates whether the client is inactive.
_MDD_JCT_CREDIBLE_ENROLLMENTS,Client Is Pending,
_MDD_JCT_CREDIBLE_ENROLLMENTS,Client Visibility,
_MDD_JCT_CREDIBLE_ENROLLMENTS,Client Ethnicity 1,
_MDD_JCT_CREDIBLE_ENROLLMENTS,Client Ethnicity 1 ID,Unique ID of the Client Ethnicity 1.
_MDD_JCT_CREDIBLE_ENROLLMENTS,Client Ethnicity 1 Granular,
_MDD_JCT_CREDIBLE_ENROLLMENTS,Client Ethnicity 1 Granular ID,Unique ID of the Client Ethnicity 1 Granular.
_MDD_JCT_CREDIBLE_ENROLLMENTS,Client Race 1,
_MDD_JCT_CREDIBLE_ENROLLMENTS,Client Race 2,
_MDD_JCT_CREDIBLE_ENROLLMENTS,Client Race 3,
_MDD_JCT_CREDIBLE_ENROLLMENTS,Client Race 1 ID,Unique ID of the Client Race 1.
_MDD_JCT_CREDIBLE_ENROLLMENTS,Client Race 2 ID,Unique ID of the Client Race 2.
_MDD_JCT_CREDIBLE_ENROLLMENTS,Client Race 3 ID,Unique ID of the Client Race 3.
_MDD_JCT_CREDIBLE_ENROLLMENTS,Client Race Granular,
_MDD_JCT_CREDIBLE_ENROLLMENTS,Client Race Granular ID,Unique ID of the Client Race Granular.
_MDD_JCT_CREDIBLE_ENROLLMENTS,Client Preferred Language,
_MDD_JCT_CREDIBLE_ENROLLMENTS,Client Preferred Language ID,Unique ID of the Client Preferred Language.
_MDD_JCT_CREDIBLE_ENROLLMENTS,Client Sex,"The client's sex as recorded. QuickMAR does not provide separate source fields for sex and gender, so this value is sourced from the same underlying field as [Client Gender]."
_MDD_JCT_CREDIBLE_ENROLLMENTS,Client Sex ID,Unique ID of the Client Sex.
_MDD_JCT_CREDIBLE_ENROLLMENTS,Client Employment Status,
_MDD_JCT_CREDIBLE_ENROLLMENTS,Client Employment Status ID,Unique ID of the Client Employment Status.
_MDD_JCT_CREDIBLE_ENROLLMENTS,Client Gender Identity,
_MDD_JCT_CREDIBLE_ENROLLMENTS,Client Gender Identity ID,Unique ID of the Client Gender Identity.
_MDD_JCT_CREDIBLE_ENROLLMENTS,Client Marital Status,
_MDD_JCT_CREDIBLE_ENROLLMENTS,Client Marital Status ID,Unique ID of the Client Marital Status.
_MDD_JCT_CREDIBLE_ENROLLMENTS,Client Sexual Orientation,
_MDD_JCT_CREDIBLE_ENROLLMENTS,Client Sexual Orientation ID,Unique ID of the Client Sexual Orientation.
_MDD_JCT_CREDIBLE_ENROLLMENTS,Client Military Status,
_MDD_JCT_CREDIBLE_ENROLLMENTS,Client Military Status ID,Unique ID of the Client Military Status.
_MDD_JCT_CREDIBLE_ENROLLMENTS,Client Created Date,The date the Client record was created.
_MDD_JCT_CREDIBLE_ENROLLMENTS,Client Updated Date,The date the Client record was last updated.
_MDD_JCT_CREDIBLE_ENROLLMENTS,Client Programs,
_MDD_JCT_CREDIBLE_ENROLLMENTS,Client Teams,
_MDD_JCT_CREDIBLE_ENROLLMENTS,Client Referral NPI,
_MDD_JCT_CREDIBLE_ENROLLMENTS,Client Referral NPI Link,
_MDD_JCT_CREDIBLE_ENROLLMENTS,Client Age Group,
_MDD_JCT_CREDIBLE_ENROLLMENTS,Client Age Group Sort Order,
_MDD_JCT_CREDIBLE_ENROLLMENTS,Client Age In Years Old,
_MDD_JCT_CREDIBLE_ENROLLMENTS,Client ID FA0,
_MDD_JCT_CREDIBLE_ENROLLMENTS,Client ID FA1,
_MDD_JCT_CREDIBLE_ENROLLMENTS,Client Link,
_MDD_JCT_CREDIBLE_ENROLLMENTS,Client Link Schedule (1st Available),
_MDD_JCT_CREDIBLE_ENROLLMENTS,Client Link Add Service,
_MDD_JCT_CREDIBLE_ENROLLMENTS,Client Link Allergies,
_MDD_JCT_CREDIBLE_ENROLLMENTS,Client Link Amendments,
_MDD_JCT_CREDIBLE_ENROLLMENTS,Client Link Attachments,
_MDD_JCT_CREDIBLE_ENROLLMENTS,Client Link Authorizations,
_MDD_JCT_CREDIBLE_ENROLLMENTS,Client Link Bed Assignments,
_MDD_JCT_CREDIBLE_ENROLLMENTS,Client Link Client Profile Extended,
_MDD_JCT_CREDIBLE_ENROLLMENTS,Client Link Contacts,
_MDD_JCT_CREDIBLE_ENROLLMENTS,Client Link Claims,
_MDD_JCT_CREDIBLE_ENROLLMENTS,Client Link Links,
_MDD_JCT_CREDIBLE_ENROLLMENTS,Client Link Clinical Support,
_MDD_JCT_CREDIBLE_ENROLLMENTS,Client Link Tx Plan (Credible Plan),
_MDD_JCT_CREDIBLE_ENROLLMENTS,Client Link Dashboard,
_MDD_JCT_CREDIBLE_ENROLLMENTS,Client Link Diagnosis,
_MDD_JCT_CREDIBLE_ENROLLMENTS,Client Link eMAR Group,
_MDD_JCT_CREDIBLE_ENROLLMENTS,Client Link eMAR,
_MDD_JCT_CREDIBLE_ENROLLMENTS,Client Link Employee Assignments,
_MDD_JCT_CREDIBLE_ENROLLMENTS,Client Link Episodes,
_MDD_JCT_CREDIBLE_ENROLLMENTS,Client Link External Providers,
_MDD_JCT_CREDIBLE_ENROLLMENTS,Client Link Family,
_MDD_JCT_CREDIBLE_ENROLLMENTS,Client Link Form Groups,
_MDD_JCT_CREDIBLE_ENROLLMENTS,Client Link GeoAreeas,
_MDD_JCT_CREDIBLE_ENROLLMENTS,Client Link Implantable Devices,
_MDD_JCT_CREDIBLE_ENROLLMENTS,Client Link Insurance,
_MDD_JCT_CREDIBLE_ENROLLMENTS,Client Link Ledger,
_MDD_JCT_CREDIBLE_ENROLLMENTS,Client Link Liability,
_MDD_JCT_CREDIBLE_ENROLLMENTS,Client Link Log,
_MDD_JCT_CREDIBLE_ENROLLMENTS,Client Link Medical Profile,
_MDD_JCT_CREDIBLE_ENROLLMENTS,Client Link Medications,
_MDD_JCT_CREDIBLE_ENROLLMENTS,Client Link Notes,
_MDD_JCT_CREDIBLE_ENROLLMENTS,Client Link Notification,
_MDD_JCT_CREDIBLE_ENROLLMENTS,Client Link Orders,
_MDD_JCT_CREDIBLE_ENROLLMENTS,Client Link Overview,
_MDD_JCT_CREDIBLE_ENROLLMENTS,Client Link Payments,
_MDD_JCT_CREDIBLE_ENROLLMENTS,Client Link Payment Plans,
_MDD_JCT_CREDIBLE_ENROLLMENTS,Client Link Program,
_MDD_JCT_CREDIBLE_ENROLLMENTS,Client Link Profile,
_MDD_JCT_CREDIBLE_ENROLLMENTS,Client Link Schedule,
_MDD_JCT_CREDIBLE_ENROLLMENTS,Client Link Service List,
_MDD_JCT_CREDIBLE_ENROLLMENTS,Client Link Schedule Grp,
_MDD_JCT_CREDIBLE_ENROLLMENTS,Client Link Team,
_MDD_JCT_CREDIBLE_ENROLLMENTS,Client Link Users,
_MDD_JCT_CREDIBLE_ENROLLMENTS,Client Link Warnings,
_MDD_JCT_CREDIBLE_ENROLLMENTS,Client Assigned Users Active Primary Count,
_MDD_JCT_CREDIBLE_ENROLLMENTS,Client Assigned Users Primary Count,
_MDD_JCT_CREDIBLE_ENROLLMENTS,Client Assigned Users Primary,
_MDD_JCT_CREDIBLE_ENROLLMENTS,Client Assigned Users Active Primary,
_MDD_JCT_CREDIBLE_ENROLLMENTS,Client Address Primary ID Fuzzy A0,
_MDD_JCT_CREDIBLE_ENROLLMENTS,Client Address Primary 1,
_MDD_JCT_CREDIBLE_ENROLLMENTS,Client Address Primary 2,
_MDD_JCT_CREDIBLE_ENROLLMENTS,Client Address Primary City,
_MDD_JCT_CREDIBLE_ENROLLMENTS,Client Address Primary State,
_MDD_JCT_CREDIBLE_ENROLLMENTS,Client Address Primary Zip,
_MDD_JCT_CREDIBLE_ENROLLMENTS,Client Address Primary County,
_MDD_JCT_CREDIBLE_ENROLLMENTS,Client Address Primary Country,
_MDD_JCT_CREDIBLE_ENROLLMENTS,Client Address Billing 1,
_MDD_JCT_CREDIBLE_ENROLLMENTS,Client Address Billing 2,
_MDD_JCT_CREDIBLE_ENROLLMENTS,Client Address Billing City,
_MDD_JCT_CREDIBLE_ENROLLMENTS,Client Address Billing State,
_MDD_JCT_CREDIBLE_ENROLLMENTS,Client Address Billing Zip,
_MDD_JCT_CREDIBLE_ENROLLMENTS,Client Address Billing County,
_MDD_JCT_CREDIBLE_ENROLLMENTS,Client Address Billing Country,
_MDD_JCT_CREDIBLE_ENROLLMENTS,Client Phone Home Fuzzy A0,
_MDD_JCT_CREDIBLE_ENROLLMENTS,Client Phone Home,
_MDD_JCT_CREDIBLE_ENROLLMENTS,Client Phone Mobile Fuzzy A0,
_MDD_JCT_CREDIBLE_ENROLLMENTS,Client Phone Mobile,
_MDD_JCT_CREDIBLE_ENROLLMENTS,Program ID External,
_MDD_JCT_CREDIBLE_ENROLLMENTS,Program Name,
_MDD_JCT_CREDIBLE_ENROLLMENTS,Program Code,
_MDD_JCT_CREDIBLE_ENROLLMENTS,Program Group Without Nulls,
_MDD_JCT_CREDIBLE_ENROLLMENTS,Program Group,
_MDD_JCT_CREDIBLE_ENROLLMENTS,Program Group > Name,
_MDD_JCT_CREDIBLE_ENROLLMENTS,Program Is Residential,
_MDD_JCT_CREDIBLE_ENROLLMENTS,Program Tx Setting,
_MDD_JCT_CREDIBLE_ENROLLMENTS,Program Revenue Code,
_MDD_JCT_CREDIBLE_ENROLLMENTS,Program Created Date,The date the Program record was created.
_MDD_JCT_CREDIBLE_ENROLLMENTS,Program Created Date Fiscal Year,
_MDD_JCT_CREDIBLE_ENROLLMENTS,Program Created By Employee ID,Unique ID of the Program Created By Employee.
_MDD_JCT_CREDIBLE_ENROLLMENTS,Program Updated Date,The date the Program record was last updated.
_MDD_JCT_CREDIBLE_ENROLLMENTS,Program Updated Date Fiscal Year,
_MDD_JCT_CREDIBLE_ENROLLMENTS,Program Updated By Employee ID,Unique ID of the Program Updated By Employee.
_MDD_JCT_CREDIBLE_ENROLLMENTS,Program Active Episode Count,Count of active program episodes associated with the enrollment row. This is a strong field for enrollment-based census analysis when the user wants to measure census from enrollment paperwork or active program participation rather than service delivery.
_MDD_JCT_CREDIBLE_ENROLLMENTS,Program Active Client Assignment Count,
_MDD_JCT_CREDIBLE_ENROLLMENTS,Program Active Client Assignment Primary Count,
_MDD_JCT_CREDIBLE_ENROLLMENTS_LIKELY_ERR,Enrollment ID,Unique ID of the Enrollment.
_MDD_JCT_CREDIBLE_ENROLLMENTS_LIKELY_ERR,Enrollment Likely Error,
_MDD_JCT_CREDIBLE_ENROLLMENT_DAYS,Date ID,Unique ID of the Date.
_MDD_JCT_CREDIBLE_ENROLLMENT_DAYS,Client ID,Unique ID of the Client.
_MDD_JCT_CREDIBLE_ENROLLMENT_DAYS,Enrollment ID,Unique ID of the Enrollment.
_MDD_JCT_CREDIBLE_ENROLLMENT_DAYS,Date,When a time span is just one day.
_MDD_JCT_CREDIBLE_ENROLLMENT_DAYS,Fiscal Year (YYYY),The fiscal year of a single date within a time span.
_MDD_JCT_CREDIBLE_ENROLLMENT_DAYS,Program ID,Unique ID of the Program.
_MDD_JCT_CREDIBLE_EXCLUDED_RECORDS,Record Type,
_MDD_JCT_CREDIBLE_EXCLUDED_RECORDS,Record ID,Unique ID of the Record.
_MDD_JCT_CREDIBLE_EXCLUDED_RECORDS_CUSTOM,Record Type,
_MDD_JCT_CREDIBLE_EXCLUDED_RECORDS_CUSTOM,Record ID,Unique ID of the Record.
_MDD_JCT_CREDIBLE_FILES,File ID,Unique ID of the File.
_MDD_JCT_CREDIBLE_FILES,File Name,
_MDD_JCT_CREDIBLE_FILES,File Path,
_MDD_JCT_CREDIBLE_FILES,File Type,
_MDD_JCT_CREDIBLE_FILES,File Size KB,
_MDD_JCT_CREDIBLE_FILES,File Size MB,
_MDD_JCT_CREDIBLE_FILES,File Description,
_MDD_JCT_CREDIBLE_FISCAL_PERIOD,Fiscal Period ID,Unique ID of the Fiscal Period.
_MDD_JCT_CREDIBLE_FISCAL_PERIOD,Fiscal Period Name,
_MDD_JCT_CREDIBLE_FISCAL_PERIOD,Fiscal Period Start,"The start of the time span, as a date or datetime value."
_MDD_JCT_CREDIBLE_FISCAL_PERIOD,Fiscal Period End,"The end of the time span, as a date or datetime value."
_MDD_JCT_CREDIBLE_FORMS,Form ID,Unique ID of the Form.
_MDD_JCT_CREDIBLE_FORMS,Form Name,
_MDD_JCT_CREDIBLE_FORMS,Form Client Intake Link Status,
_MDD_JCT_CREDIBLE_FORMS,Form Created Date,The date the Form record was created.
_MDD_JCT_CREDIBLE_FORMS,Form Active,
_MDD_JCT_CREDIBLE_FORMS,Form Current Form Version Build Date,
_MDD_JCT_CREDIBLE_FORMS,Form Current Form Version ID,Unique ID of the Form Current Form Version.
_MDD_JCT_CREDIBLE_FORMS,Form Current Form Version Raw XML,
_MDD_JCT_CREDIBLE_FORM_ANSWERS_CLIENTS,Appointment ID,Unique ID of the Appointment.
_MDD_JCT_CREDIBLE_FORM_ANSWERS_CLIENTS,Client ID,Unique ID of the Client.
_MDD_JCT_CREDIBLE_FORM_ANSWERS_CLIENTS,Appointment Type ID,Unique ID of the Appointment Type.
_MDD_JCT_CREDIBLE_FORM_ANSWERS_CLIENTS,Question ID,Unique ID of the Question.
_MDD_JCT_CREDIBLE_FORM_ANSWERS_CLIENTS,Question Format,
_MDD_JCT_CREDIBLE_FORM_ANSWERS_CLIENTS,Answer,
_MDD_JCT_CREDIBLE_FORM_ANSWERS_CLIENTS,Answer Truncated,
_MDD_JCT_CREDIBLE_FORM_ANSWERS_CLIENTS,Answer Checkbox Count,
_MDD_JCT_CREDIBLE_FORM_ANSWERS_CLIENTS,Answer Note,
_MDD_JCT_CREDIBLE_FORM_ANSWERS_CLIENTS,Question,
_MDD_JCT_CREDIBLE_FORM_ANSWERS_CLIENTS,Question Order,
_MDD_JCT_CREDIBLE_FORM_ANSWERS_CLIENTS,Page Name,
_MDD_JCT_CREDIBLE_FORM_ANSWERS_CLIENTS,Form Version ID,Unique ID of the Form Version.
_MDD_JCT_CREDIBLE_FORM_ANSWERS_CLIENTS,Form ID,Unique ID of the Form.
_MDD_JCT_CREDIBLE_FORM_ANSWERS_CLIENTS,Page ID,Unique ID of the Page.
_MDD_JCT_CREDIBLE_FORM_ANSWERS_CLIENTS,Answer Date,When a time span is just one day.
_MDD_JCT_CREDIBLE_FORM_ANSWERS_CLIENTS,Answer Time,
_MDD_JCT_CREDIBLE_FORM_ANSWERS_CLIENTS,Answer Number,
_MDD_JCT_CREDIBLE_FORM_ANSWERS_CLIENTS,Tx Content ID,"Identifier for the specific treatment plan content element when documentation is linked to TxPlus. A value of -1 means the answer is not linked to a TxPlus content element, including answers associated to Credible Plan or otherwise unattached to treatment plan content."
_MDD_JCT_CREDIBLE_FORM_ANSWERS_CLIENTS_MULTISELECT,Multiselect ID Fuzzy A1,
_MDD_JCT_CREDIBLE_FORM_ANSWERS_CLIENTS_MULTISELECT,Appointment ID,Unique ID of the Appointment.
_MDD_JCT_CREDIBLE_FORM_ANSWERS_CLIENTS_MULTISELECT,Question ID,Unique ID of the Question.
_MDD_JCT_CREDIBLE_FORM_ANSWERS_CLIENTS_MULTISELECT,Answer,
_MDD_JCT_CREDIBLE_FORM_ANSWERS_CLIENTS_MULTISELECT_NOTES,Multiselect ID Fuzzy A1,
_MDD_JCT_CREDIBLE_FORM_ANSWERS_CLIENTS_MULTISELECT_NOTES,Appointment ID,Unique ID of the Appointment.
_MDD_JCT_CREDIBLE_FORM_ANSWERS_CLIENTS_MULTISELECT_NOTES,Question ID,Unique ID of the Question.
_MDD_JCT_CREDIBLE_FORM_ANSWERS_CLIENTS_MULTISELECT_NOTES,Answer Note,
_MDD_JCT_CREDIBLE_FORM_ANSWERS_USERS,Appointment ID,Unique ID of the Appointment.
_MDD_JCT_CREDIBLE_FORM_ANSWERS_USERS,Question ID,Unique ID of the Question.
_MDD_JCT_CREDIBLE_FORM_ANSWERS_USERS,Question,
_MDD_JCT_CREDIBLE_FORM_ANSWERS_USERS,Answer,
_MDD_JCT_CREDIBLE_FORM_ANSWERS_USERS_MULTISELECT,Appointment ID,Unique ID of the Appointment.
_MDD_JCT_CREDIBLE_FORM_ANSWERS_USERS_MULTISELECT,Question ID,Unique ID of the Question.
_MDD_JCT_CREDIBLE_FORM_ANSWERS_USERS_MULTISELECT,Question,
_MDD_JCT_CREDIBLE_FORM_ANSWERS_USERS_MULTISELECT,Answer,
_MDD_JCT_CREDIBLE_FORM_ELEMENTS,Element ID,Unique ID of the Element.
_MDD_JCT_CREDIBLE_FORM_ELEMENTS,Page ID,Unique ID of the Page.
_MDD_JCT_CREDIBLE_FORM_ELEMENTS,Element Text,
_MDD_JCT_CREDIBLE_FORM_ELEMENTS,Element Text With HTML,
_MDD_JCT_CREDIBLE_FORM_ELEMENTS,Element Format,
_MDD_JCT_CREDIBLE_FORM_ELEMENTS,Element Required (Section),
_MDD_JCT_CREDIBLE_FORM_ELEMENTS,Element Required (Form),
_MDD_JCT_CREDIBLE_FORM_ELEMENTS,Element Order,Andrew will think about how to handle the Dx Order field.
_MDD_JCT_CREDIBLE_FORM_ELEMENTS,Element Is Injected,
_MDD_JCT_CREDIBLE_FORM_ELEMENTS,Form ID,Unique ID of the Form.
_MDD_JCT_CREDIBLE_FORM_ELEMENTS,Form Name,
_MDD_JCT_CREDIBLE_FORM_ELEMENTS,Element Mapping,
_MDD_JCT_CREDIBLE_FORM_ELEMENTS,Element Mapping Table,
_MDD_JCT_CREDIBLE_FORM_ELEMENTS,Element Mapping Field,
_MDD_JCT_CREDIBLE_FORM_ELEMENTS,Element Mapping Field Label,
_MDD_JCT_CREDIBLE_FORM_PAGES,Page ID,Unique ID of the Page.
_MDD_JCT_CREDIBLE_FORM_PAGES,Page ID Ancestor,
_MDD_JCT_CREDIBLE_FORM_PAGES,Form Version ID,Unique ID of the Form Version.
_MDD_JCT_CREDIBLE_FORM_PAGES,Page Name,
_MDD_JCT_CREDIBLE_FORM_PAGES,Page Order Within Hierarchy,
_MDD_JCT_CREDIBLE_FORM_PAGES,Form ID,Unique ID of the Form.
_MDD_JCT_CREDIBLE_FORM_VERSIONS,Form Version ID,Unique ID of the Form Version.
_MDD_JCT_CREDIBLE_FORM_VERSIONS,Form ID,Unique ID of the Form.
_MDD_JCT_CREDIBLE_FORM_VERSIONS,Form Version Number,
_MDD_JCT_CREDIBLE_FORM_VERSIONS,Form Version Build Date,
_MDD_JCT_CREDIBLE_FORM_VERSIONS,Form Version Is Current,
_MDD_JCT_CREDIBLE_FORM_VERSIONS,Form Version Raw XML,
_MDD_JCT_CREDIBLE_FORM_VERSIONS,Form Version Completed Service Count,
_MDD_JCT_CREDIBLE_FORM_VERSIONS,Form Version Link,The URL that will take the user directly to the entity described in the record.
_MDD_JCT_CREDIBLE_INSURANCE_PLANS,Insurance Plan ID,Unique ID of the Insurance Plan.
_MDD_JCT_CREDIBLE_INSURANCE_PLANS,Client ID,Unique ID of the Client.
_MDD_JCT_CREDIBLE_INSURANCE_PLANS,Payer ID,Unique ID of the Payer.
_MDD_JCT_CREDIBLE_INSURANCE_PLANS,Insurance Plan Start Date,The start of the end of the time span.
_MDD_JCT_CREDIBLE_INSURANCE_PLANS,Insurance Plan End Date,The date of the end of the time span.
_MDD_JCT_CREDIBLE_INSURANCE_PLANS,Insurance Plan Billing Order,"The order in which a time span, typcially an insurance plan, is billed relative to other insurance plans, typically for a given billable service."
_MDD_JCT_CREDIBLE_INSURANCE_PLANS,Insurance Plan Policy Number,The policy number for the insurance plan associated with the time span.
_MDD_JCT_CREDIBLE_INSURANCE_PLANS,Insurance Plan Policy Name,The policy name for the insurance plan associated with the time span.
_MDD_JCT_CREDIBLE_INSURANCE_PLANS,Insurance Plan Policy Group No,The policy group number for the insurance plan associated with the time span.
_MDD_JCT_CREDIBLE_INSURANCE_PLANS,Insurance Plan Type,
_MDD_JCT_CREDIBLE_INSURANCE_PLANS,Payer Name,
_MDD_JCT_CREDIBLE_INSURANCE_PLANS,Payer Is CMS,
_MDD_JCT_CREDIBLE_INSURANCE_PLANS,Payer Is Medicaid,
_MDD_JCT_CREDIBLE_INSURANCE_PLANS,Payer Is Medicare,
_MDD_JCT_CREDIBLE_INSURANCE_PLANS,Payer Type Class Code,
_MDD_JCT_CREDIBLE_INSURANCE_PLANS,Insurance Plan Status,"The individual's status in the system, typically ""active"", ""inactive"", or ""pending"". The client status value as recorded."
_MDD_JCT_CREDIBLE_INSURANCE_PLANS,Insurance Plan Subscriber,Associated with an insurance plan. Incidates whether the plan that covers the client is owned by the client or by someone else.
_MDD_JCT_CREDIBLE_INSURANCE_PLANS,Insurance Plan Created Date,The date the Insurance Plan record was created.
_MDD_JCT_CREDIBLE_INSURANCE_PLANS,Insurance Plan Updated Date,The date the Insurance Plan record was last updated.
_MDD_JCT_CREDIBLE_INSURANCE_PLANS,Payer Type,
_MDD_JCT_CREDIBLE_INSURANCE_PLANS,Payer Type ID,Unique ID of the Payer Type.
_MDD_JCT_CREDIBLE_INSURANCE_PLANS,Payer Type Category,
_MDD_JCT_CREDIBLE_INSURANCE_PLANS,Payer Type Name,
_MDD_JCT_CREDIBLE_INSURANCE_PLANS,Payer Is Tricare,
_MDD_JCT_CREDIBLE_INSURANCE_PLANS,Payer Is Commercial,
_MDD_JCT_CREDIBLE_INSURANCE_PLANS,Payer Code,
_MDD_JCT_CREDIBLE_INSURANCE_PLANS,Payer Address 1,
_MDD_JCT_CREDIBLE_INSURANCE_PLANS,Payer Address 2,
_MDD_JCT_CREDIBLE_INSURANCE_PLANS,Payer Address City,
_MDD_JCT_CREDIBLE_INSURANCE_PLANS,Payer State,
_MDD_JCT_CREDIBLE_INSURANCE_PLANS,Payer Address Zip,
_MDD_JCT_CREDIBLE_INSURANCE_PLANS,Payer Address Country,
_MDD_JCT_CREDIBLE_INSURANCE_PLANS,Payer Phone,
_MDD_JCT_CREDIBLE_INSURANCE_PLANS,Payer Fax,
_MDD_JCT_CREDIBLE_INSURANCE_PLANS,Payer Created Date,The date the Payer record was created.
_MDD_JCT_CREDIBLE_INSURANCE_PLANS,Payer Created By User ID,Unique ID of the Payer Created By User.
_MDD_JCT_CREDIBLE_INSURANCE_PLANS,Payer Updated Date,The date the Payer record was last updated.
_MDD_JCT_CREDIBLE_INSURANCE_PLANS,Client ID External,
_MDD_JCT_CREDIBLE_INSURANCE_PLANS,Client ID Social Security Number,
_MDD_JCT_CREDIBLE_INSURANCE_PLANS,Client ID Fuzzy A2,
_MDD_JCT_CREDIBLE_INSURANCE_PLANS,Client ID JCT Fuzzy A0,
_MDD_JCT_CREDIBLE_INSURANCE_PLANS,Client ID JCT Fuzzy A1,
_MDD_JCT_CREDIBLE_INSURANCE_PLANS,Client Name First & Last,The client's name formatted as first and last.
_MDD_JCT_CREDIBLE_INSURANCE_PLANS,Client Name Last & First,"The client's name formatted as last, first."
_MDD_JCT_CREDIBLE_INSURANCE_PLANS,Client Name First & Last w/Initial,
_MDD_JCT_CREDIBLE_INSURANCE_PLANS,Client Name First & Last w/Initial & Client ID,Unique ID of the Client Name First & Last w/Initial & Client.
_MDD_JCT_CREDIBLE_INSURANCE_PLANS,Client Name Last & First w/Initial,
_MDD_JCT_CREDIBLE_INSURANCE_PLANS,Client Name Last & First w/Initial & Client ID,Unique ID of the Client Name Last & First w/Initial & Client.
_MDD_JCT_CREDIBLE_INSURANCE_PLANS,Client Name Middle,
_MDD_JCT_CREDIBLE_INSURANCE_PLANS,Client Name First,The client's first name.
_MDD_JCT_CREDIBLE_INSURANCE_PLANS,Client Name Last,The client's last name.
_MDD_JCT_CREDIBLE_INSURANCE_PLANS,Client Date of Birth,The client's date of birth.
_MDD_JCT_CREDIBLE_INSURANCE_PLANS,Client Date of Death,
_MDD_JCT_CREDIBLE_INSURANCE_PLANS,Client Admission Date,The date the client was admitted.
_MDD_JCT_CREDIBLE_INSURANCE_PLANS,Client Admission Date Fiscal Year,The fiscal year of the client admission date.
_MDD_JCT_CREDIBLE_INSURANCE_PLANS,Client Discharge Date,The date the client was discharged.
_MDD_JCT_CREDIBLE_INSURANCE_PLANS,Client Discharge Date Fiscal Year,The fiscal year of the client discharge date.
_MDD_JCT_CREDIBLE_INSURANCE_PLANS,Client Age in Hours,
_MDD_JCT_CREDIBLE_INSURANCE_PLANS,Client Age in Days,The client's age expressed in days based on date of birth.
_MDD_JCT_CREDIBLE_INSURANCE_PLANS,Client Age in Months,The client's age expressed in months based on date of birth.
_MDD_JCT_CREDIBLE_INSURANCE_PLANS,Client Age in Years,The client's age expressed in years based on date of birth.
_MDD_JCT_CREDIBLE_INSURANCE_PLANS,Client Age In Years Old Difference,
_MDD_JCT_CREDIBLE_INSURANCE_PLANS,Client Status,The client status value as recorded.
_MDD_JCT_CREDIBLE_INSURANCE_PLANS,Client Status ID,Unique ID of the Client Status.
_MDD_JCT_CREDIBLE_INSURANCE_PLANS,Client Is Active,Indicates whether the client is active.
_MDD_JCT_CREDIBLE_INSURANCE_PLANS,Client Is Inactive,Indicates whether the client is inactive.
_MDD_JCT_CREDIBLE_INSURANCE_PLANS,Client Is Pending,
_MDD_JCT_CREDIBLE_INSURANCE_PLANS,Client Visibility,
_MDD_JCT_CREDIBLE_INSURANCE_PLANS,Client Ethnicity 1,
_MDD_JCT_CREDIBLE_INSURANCE_PLANS,Client Ethnicity 1 ID,Unique ID of the Client Ethnicity 1.
_MDD_JCT_CREDIBLE_INSURANCE_PLANS,Client Ethnicity 1 Granular,
_MDD_JCT_CREDIBLE_INSURANCE_PLANS,Client Ethnicity 1 Granular ID,Unique ID of the Client Ethnicity 1 Granular.
_MDD_JCT_CREDIBLE_INSURANCE_PLANS,Client Race 1,
_MDD_JCT_CREDIBLE_INSURANCE_PLANS,Client Race 2,
_MDD_JCT_CREDIBLE_INSURANCE_PLANS,Client Race 3,
_MDD_JCT_CREDIBLE_INSURANCE_PLANS,Client Race 1 ID,Unique ID of the Client Race 1.
_MDD_JCT_CREDIBLE_INSURANCE_PLANS,Client Race 2 ID,Unique ID of the Client Race 2.
_MDD_JCT_CREDIBLE_INSURANCE_PLANS,Client Race 3 ID,Unique ID of the Client Race 3.
_MDD_JCT_CREDIBLE_INSURANCE_PLANS,Client Race Granular,
_MDD_JCT_CREDIBLE_INSURANCE_PLANS,Client Race Granular ID,Unique ID of the Client Race Granular.
_MDD_JCT_CREDIBLE_INSURANCE_PLANS,Client Preferred Language,
_MDD_JCT_CREDIBLE_INSURANCE_PLANS,Client Preferred Language ID,Unique ID of the Client Preferred Language.
_MDD_JCT_CREDIBLE_INSURANCE_PLANS,Client Sex,"The client's sex as recorded. QuickMAR does not provide separate source fields for sex and gender, so this value is sourced from the same underlying field as [Client Gender]."
_MDD_JCT_CREDIBLE_INSURANCE_PLANS,Client Sex ID,Unique ID of the Client Sex.
_MDD_JCT_CREDIBLE_INSURANCE_PLANS,Client Employment Status,
_MDD_JCT_CREDIBLE_INSURANCE_PLANS,Client Employment Status ID,Unique ID of the Client Employment Status.
_MDD_JCT_CREDIBLE_INSURANCE_PLANS,Client Gender Identity,
_MDD_JCT_CREDIBLE_INSURANCE_PLANS,Client Gender Identity ID,Unique ID of the Client Gender Identity.
_MDD_JCT_CREDIBLE_INSURANCE_PLANS,Client Marital Status,
_MDD_JCT_CREDIBLE_INSURANCE_PLANS,Client Marital Status ID,Unique ID of the Client Marital Status.
_MDD_JCT_CREDIBLE_INSURANCE_PLANS,Client Sexual Orientation,
_MDD_JCT_CREDIBLE_INSURANCE_PLANS,Client Sexual Orientation ID,Unique ID of the Client Sexual Orientation.
_MDD_JCT_CREDIBLE_INSURANCE_PLANS,Client Military Status,
_MDD_JCT_CREDIBLE_INSURANCE_PLANS,Client Military Status ID,Unique ID of the Client Military Status.
_MDD_JCT_CREDIBLE_INSURANCE_PLANS,Client Created Date,The date the Client record was created.
_MDD_JCT_CREDIBLE_INSURANCE_PLANS,Client Updated Date,The date the Client record was last updated.
_MDD_JCT_CREDIBLE_INSURANCE_PLANS,Client Programs,
_MDD_JCT_CREDIBLE_INSURANCE_PLANS,Client Teams,
_MDD_JCT_CREDIBLE_INSURANCE_PLANS,Client Referral NPI,
_MDD_JCT_CREDIBLE_INSURANCE_PLANS,Client Referral NPI Link,
_MDD_JCT_CREDIBLE_INSURANCE_PLANS,Client Age Group,
_MDD_JCT_CREDIBLE_INSURANCE_PLANS,Client Age Group Sort Order,
_MDD_JCT_CREDIBLE_INSURANCE_PLANS,Client Age In Years Old,
_MDD_JCT_CREDIBLE_INSURANCE_PLANS,Client ID FA0,
_MDD_JCT_CREDIBLE_INSURANCE_PLANS,Client ID FA1,
_MDD_JCT_CREDIBLE_INSURANCE_PLANS,Client Link,
_MDD_JCT_CREDIBLE_INSURANCE_PLANS,Client Link Schedule (1st Available),
_MDD_JCT_CREDIBLE_INSURANCE_PLANS,Client Link Add Service,
_MDD_JCT_CREDIBLE_INSURANCE_PLANS,Client Link Allergies,
_MDD_JCT_CREDIBLE_INSURANCE_PLANS,Client Link Amendments,
_MDD_JCT_CREDIBLE_INSURANCE_PLANS,Client Link Attachments,
_MDD_JCT_CREDIBLE_INSURANCE_PLANS,Client Link Authorizations,
_MDD_JCT_CREDIBLE_INSURANCE_PLANS,Client Link Bed Assignments,
_MDD_JCT_CREDIBLE_INSURANCE_PLANS,Client Link Client Profile Extended,
_MDD_JCT_CREDIBLE_INSURANCE_PLANS,Client Link Contacts,
_MDD_JCT_CREDIBLE_INSURANCE_PLANS,Client Link Claims,
_MDD_JCT_CREDIBLE_INSURANCE_PLANS,Client Link Links,
_MDD_JCT_CREDIBLE_INSURANCE_PLANS,Client Link Clinical Support,
_MDD_JCT_CREDIBLE_INSURANCE_PLANS,Client Link Tx Plan (Credible Plan),
_MDD_JCT_CREDIBLE_INSURANCE_PLANS,Client Link Dashboard,
_MDD_JCT_CREDIBLE_INSURANCE_PLANS,Client Link Diagnosis,
_MDD_JCT_CREDIBLE_INSURANCE_PLANS,Client Link eMAR Group,
_MDD_JCT_CREDIBLE_INSURANCE_PLANS,Client Link eMAR,
_MDD_JCT_CREDIBLE_INSURANCE_PLANS,Client Link Employee Assignments,
_MDD_JCT_CREDIBLE_INSURANCE_PLANS,Client Link Episodes,
_MDD_JCT_CREDIBLE_INSURANCE_PLANS,Client Link External Providers,
_MDD_JCT_CREDIBLE_INSURANCE_PLANS,Client Link Family,
_MDD_JCT_CREDIBLE_INSURANCE_PLANS,Client Link Form Groups,
_MDD_JCT_CREDIBLE_INSURANCE_PLANS,Client Link GeoAreeas,
_MDD_JCT_CREDIBLE_INSURANCE_PLANS,Client Link Implantable Devices,
_MDD_JCT_CREDIBLE_INSURANCE_PLANS,Client Link Insurance,
_MDD_JCT_CREDIBLE_INSURANCE_PLANS,Client Link Ledger,
_MDD_JCT_CREDIBLE_INSURANCE_PLANS,Client Link Liability,
_MDD_JCT_CREDIBLE_INSURANCE_PLANS,Client Link Log,
_MDD_JCT_CREDIBLE_INSURANCE_PLANS,Client Link Medical Profile,
_MDD_JCT_CREDIBLE_INSURANCE_PLANS,Client Link Medications,
_MDD_JCT_CREDIBLE_INSURANCE_PLANS,Client Link Notes,
_MDD_JCT_CREDIBLE_INSURANCE_PLANS,Client Link Notification,
_MDD_JCT_CREDIBLE_INSURANCE_PLANS,Client Link Orders,
_MDD_JCT_CREDIBLE_INSURANCE_PLANS,Client Link Overview,
_MDD_JCT_CREDIBLE_INSURANCE_PLANS,Client Link Payments,
_MDD_JCT_CREDIBLE_INSURANCE_PLANS,Client Link Payment Plans,
_MDD_JCT_CREDIBLE_INSURANCE_PLANS,Client Link Program,
_MDD_JCT_CREDIBLE_INSURANCE_PLANS,Client Link Profile,
_MDD_JCT_CREDIBLE_INSURANCE_PLANS,Client Link Schedule,
_MDD_JCT_CREDIBLE_INSURANCE_PLANS,Client Link Service List,
_MDD_JCT_CREDIBLE_INSURANCE_PLANS,Client Link Schedule Grp,
_MDD_JCT_CREDIBLE_INSURANCE_PLANS,Client Link Team,
_MDD_JCT_CREDIBLE_INSURANCE_PLANS,Client Link Users,
_MDD_JCT_CREDIBLE_INSURANCE_PLANS,Client Link Warnings,
_MDD_JCT_CREDIBLE_INSURANCE_PLANS,Client Assigned Users Active Primary Count,
_MDD_JCT_CREDIBLE_INSURANCE_PLANS,Client Assigned Users Primary Count,
_MDD_JCT_CREDIBLE_INSURANCE_PLANS,Client Assigned Employees Primary,
_MDD_JCT_CREDIBLE_INSURANCE_PLANS,Client Assigned Users Primary,
_MDD_JCT_CREDIBLE_INSURANCE_PLANS,Client Assigned Users Active Primary,
_MDD_JCT_CREDIBLE_INSURANCE_PLANS,Client Address Primary ID Fuzzy A0,
_MDD_JCT_CREDIBLE_INSURANCE_PLANS,Client Address Primary 1,
_MDD_JCT_CREDIBLE_INSURANCE_PLANS,Client Address Primary 2,
_MDD_JCT_CREDIBLE_INSURANCE_PLANS,Client Address Primary City,
_MDD_JCT_CREDIBLE_INSURANCE_PLANS,Client Address Primary State,
_MDD_JCT_CREDIBLE_INSURANCE_PLANS,Client Address Primary Zip,
_MDD_JCT_CREDIBLE_INSURANCE_PLANS,Client Address Primary County,
_MDD_JCT_CREDIBLE_INSURANCE_PLANS,Client Address Primary Country,
_MDD_JCT_CREDIBLE_INSURANCE_PLANS,Client Address Billing 1,
_MDD_JCT_CREDIBLE_INSURANCE_PLANS,Client Address Billing 2,
_MDD_JCT_CREDIBLE_INSURANCE_PLANS,Client Address Billing City,
_MDD_JCT_CREDIBLE_INSURANCE_PLANS,Client Address Billing State,
_MDD_JCT_CREDIBLE_INSURANCE_PLANS,Client Address Billing Zip,
_MDD_JCT_CREDIBLE_INSURANCE_PLANS,Client Address Billing County,
_MDD_JCT_CREDIBLE_INSURANCE_PLANS,Client Address Billing Country,
_MDD_JCT_CREDIBLE_INSURANCE_PLANS,Client Phone Home Fuzzy A0,
_MDD_JCT_CREDIBLE_INSURANCE_PLANS,Client Phone Home,
_MDD_JCT_CREDIBLE_INSURANCE_PLANS,Client Phone Mobile Fuzzy A0,
_MDD_JCT_CREDIBLE_INSURANCE_PLANS,Client Phone Mobile,
_MDD_JCT_CREDIBLE_INSURANCE_PLANS_DAYS,Date,When a time span is just one day.
_MDD_JCT_CREDIBLE_INSURANCE_PLANS_DAYS,Client ID,Unique ID of the Client.
_MDD_JCT_CREDIBLE_INSURANCE_PLANS_DAYS,Insurance Plan ID,Unique ID of the Insurance Plan.
_MDD_JCT_CREDIBLE_INSURANCE_PLANS_DAYS,Fiscal Year (YYYY),The fiscal year of a single date within a time span.
_MDD_JCT_CREDIBLE_INSURANCE_PLANS_DAYS,Payer ID,Unique ID of the Payer.
_MDD_JCT_CREDIBLE_LOCATIONS,Location ID,Unique ID of the Location.
_MDD_JCT_CREDIBLE_LOCATIONS,Location Name,
_MDD_JCT_CREDIBLE_LOCATIONS,Location Phone,
_MDD_JCT_CREDIBLE_LOCATIONS,Location NPI,
_MDD_JCT_CREDIBLE_LOCATIONS,Location NPI Link,
_MDD_JCT_CREDIBLE_LOCATIONS,Location Address 1,
_MDD_JCT_CREDIBLE_LOCATIONS,Location Address 2,
_MDD_JCT_CREDIBLE_LOCATIONS,Location Address City,
_MDD_JCT_CREDIBLE_LOCATIONS,Location Address State,
_MDD_JCT_CREDIBLE_LOCATIONS,Location Address Zip,
_MDD_JCT_CREDIBLE_LOCATIONS,Location Address Country,
_MDD_JCT_CREDIBLE_LOOKUP,Lookup ID,Unique ID of the Lookup.
_MDD_JCT_CREDIBLE_LOOKUP,Lookup Cateogry,
_MDD_JCT_CREDIBLE_LOOKUP,Lookup Shortcode,
_MDD_JCT_CREDIBLE_LOOKUP,Lookup Description,
_MDD_JCT_CREDIBLE_LOOKUP,Lookup Description Short,
_MDD_JCT_CREDIBLE_LOOKUP,Lookup External ID,Unique ID of the Lookup External.
_MDD_JCT_CREDIBLE_METADATA,Parameter,
_MDD_JCT_CREDIBLE_METADATA,Value Text,
_MDD_JCT_CREDIBLE_METADATA,Value Datetime,
_MDD_JCT_CREDIBLE_METADATA,Value Integer,
_MDD_JCT_CREDIBLE_ORDERS,Order ID,Unique ID of the Order.
_MDD_JCT_CREDIBLE_ORDERS,Client ID,Unique ID of the Client.
_MDD_JCT_CREDIBLE_ORDERS,Order Signed Date,The date which the given time span was signed.
_MDD_JCT_CREDIBLE_ORDERS,Order Signed By,A free text field indicating who signed the given time span.
_MDD_JCT_CREDIBLE_ORDERS,Ordering Prescriber User ID,Unique ID of the Ordering Prescriber User.
_MDD_JCT_CREDIBLE_ORDERS,Ordering Prescriber User Name First & Last w/Initial,The ordering prescriber's name.
_MDD_JCT_CREDIBLE_ORDERS,Order Type,The order type value as shaped by this module. A source SQL comment notes that the human-readable mapping of order type code values is still pending confirmation. Human-readable order-type mappings are still pending external confirmation.
_MDD_JCT_CREDIBLE_ORDERS,Order Status,"The individual's status in the system, typically ""active"", ""inactive"", or ""pending"". The client status value as recorded."
_MDD_JCT_CREDIBLE_ORDERS,Order Created Date,The date the Order record was created.
_MDD_JCT_CREDIBLE_ORDERS,Order Updated Date,The date the Order record was last updated.
_MDD_JCT_CREDIBLE_ORDERS,Ordering External Prescriber ID,Unique ID of the Ordering External Prescriber.
_MDD_JCT_CREDIBLE_ORDERS,Client ID External,
_MDD_JCT_CREDIBLE_ORDERS,Client ID Social Security Number,
_MDD_JCT_CREDIBLE_ORDERS,Client ID Fuzzy A2,
_MDD_JCT_CREDIBLE_ORDERS,Client ID JCT Fuzzy A0,
_MDD_JCT_CREDIBLE_ORDERS,Client ID JCT Fuzzy A1,
_MDD_JCT_CREDIBLE_ORDERS,Client Name First & Last,The client's name formatted as first and last.
_MDD_JCT_CREDIBLE_ORDERS,Client Name Last & First,"The client's name formatted as last, first."
_MDD_JCT_CREDIBLE_ORDERS,Client Name First & Last w/Initial,
_MDD_JCT_CREDIBLE_ORDERS,Client Name First & Last w/Initial & Client ID,Unique ID of the Client Name First & Last w/Initial & Client.
_MDD_JCT_CREDIBLE_ORDERS,Client Name Last & First w/Initial,
_MDD_JCT_CREDIBLE_ORDERS,Client Name Last & First w/Initial & Client ID,Unique ID of the Client Name Last & First w/Initial & Client.
_MDD_JCT_CREDIBLE_ORDERS,Client Name Middle,
_MDD_JCT_CREDIBLE_ORDERS,Client Name First,The client's first name.
_MDD_JCT_CREDIBLE_ORDERS,Client Name Last,The client's last name.
_MDD_JCT_CREDIBLE_ORDERS,Client Date of Birth,The client's date of birth.
_MDD_JCT_CREDIBLE_ORDERS,Client Date of Death,
_MDD_JCT_CREDIBLE_ORDERS,Client Admission Date,The date the client was admitted.
_MDD_JCT_CREDIBLE_ORDERS,Client Admission Date Fiscal Year,The fiscal year of the client admission date.
_MDD_JCT_CREDIBLE_ORDERS,Client Discharge Date,The date the client was discharged.
_MDD_JCT_CREDIBLE_ORDERS,Client Discharge Date Fiscal Year,The fiscal year of the client discharge date.
_MDD_JCT_CREDIBLE_ORDERS,Client Age in Hours,
_MDD_JCT_CREDIBLE_ORDERS,Client Age in Days,The client's age expressed in days based on date of birth.
_MDD_JCT_CREDIBLE_ORDERS,Client Age in Months,The client's age expressed in months based on date of birth.
_MDD_JCT_CREDIBLE_ORDERS,Client Age in Years,The client's age expressed in years based on date of birth.
_MDD_JCT_CREDIBLE_ORDERS,Client Age In Years Old Difference,
_MDD_JCT_CREDIBLE_ORDERS,Client Status,The client status value as recorded.
_MDD_JCT_CREDIBLE_ORDERS,Client Status ID,Unique ID of the Client Status.
_MDD_JCT_CREDIBLE_ORDERS,Client Is Active,Indicates whether the client is active.
_MDD_JCT_CREDIBLE_ORDERS,Client Is Inactive,Indicates whether the client is inactive.
_MDD_JCT_CREDIBLE_ORDERS,Client Is Pending,
_MDD_JCT_CREDIBLE_ORDERS,Client Visibility,
_MDD_JCT_CREDIBLE_ORDERS,Client Ethnicity 1,
_MDD_JCT_CREDIBLE_ORDERS,Client Ethnicity 1 ID,Unique ID of the Client Ethnicity 1.
_MDD_JCT_CREDIBLE_ORDERS,Client Ethnicity 1 Granular,
_MDD_JCT_CREDIBLE_ORDERS,Client Ethnicity 1 Granular ID,Unique ID of the Client Ethnicity 1 Granular.
_MDD_JCT_CREDIBLE_ORDERS,Client Race 1,
_MDD_JCT_CREDIBLE_ORDERS,Client Race 2,
_MDD_JCT_CREDIBLE_ORDERS,Client Race 3,
_MDD_JCT_CREDIBLE_ORDERS,Client Race 1 ID,Unique ID of the Client Race 1.
_MDD_JCT_CREDIBLE_ORDERS,Client Race 2 ID,Unique ID of the Client Race 2.
_MDD_JCT_CREDIBLE_ORDERS,Client Race 3 ID,Unique ID of the Client Race 3.
_MDD_JCT_CREDIBLE_ORDERS,Client Race Granular,
_MDD_JCT_CREDIBLE_ORDERS,Client Race Granular ID,Unique ID of the Client Race Granular.
_MDD_JCT_CREDIBLE_ORDERS,Client Preferred Language,
_MDD_JCT_CREDIBLE_ORDERS,Client Preferred Language ID,Unique ID of the Client Preferred Language.
_MDD_JCT_CREDIBLE_ORDERS,Client Sex,"The client's sex as recorded. QuickMAR does not provide separate source fields for sex and gender, so this value is sourced from the same underlying field as [Client Gender]."
_MDD_JCT_CREDIBLE_ORDERS,Client Sex ID,Unique ID of the Client Sex.
_MDD_JCT_CREDIBLE_ORDERS,Client Employment Status,
_MDD_JCT_CREDIBLE_ORDERS,Client Employment Status ID,Unique ID of the Client Employment Status.
_MDD_JCT_CREDIBLE_ORDERS,Client Gender Identity,
_MDD_JCT_CREDIBLE_ORDERS,Client Gender Identity ID,Unique ID of the Client Gender Identity.
_MDD_JCT_CREDIBLE_ORDERS,Client Marital Status,
_MDD_JCT_CREDIBLE_ORDERS,Client Marital Status ID,Unique ID of the Client Marital Status.
_MDD_JCT_CREDIBLE_ORDERS,Client Sexual Orientation,
_MDD_JCT_CREDIBLE_ORDERS,Client Sexual Orientation ID,Unique ID of the Client Sexual Orientation.
_MDD_JCT_CREDIBLE_ORDERS,Client Military Status,
_MDD_JCT_CREDIBLE_ORDERS,Client Military Status ID,Unique ID of the Client Military Status.
_MDD_JCT_CREDIBLE_ORDERS,Client Created Date,The date the Client record was created.
_MDD_JCT_CREDIBLE_ORDERS,Client Updated Date,The date the Client record was last updated.
_MDD_JCT_CREDIBLE_ORDERS,Client Programs,
_MDD_JCT_CREDIBLE_ORDERS,Client Teams,
_MDD_JCT_CREDIBLE_ORDERS,Client Referral NPI,
_MDD_JCT_CREDIBLE_ORDERS,Client Referral NPI Link,
_MDD_JCT_CREDIBLE_ORDERS,Client Age Group,
_MDD_JCT_CREDIBLE_ORDERS,Client Age Group Sort Order,
_MDD_JCT_CREDIBLE_ORDERS,Client Age In Years Old,
_MDD_JCT_CREDIBLE_ORDERS,Client ID FA0,
_MDD_JCT_CREDIBLE_ORDERS,Client ID FA1,
_MDD_JCT_CREDIBLE_ORDERS,Client Link,
_MDD_JCT_CREDIBLE_ORDERS,Client Link Schedule (1st Available),
_MDD_JCT_CREDIBLE_ORDERS,Client Link Add Service,
_MDD_JCT_CREDIBLE_ORDERS,Client Link Allergies,
_MDD_JCT_CREDIBLE_ORDERS,Client Link Amendments,
_MDD_JCT_CREDIBLE_ORDERS,Client Link Attachments,
_MDD_JCT_CREDIBLE_ORDERS,Client Link Authorizations,
_MDD_JCT_CREDIBLE_ORDERS,Client Link Bed Assignments,
_MDD_JCT_CREDIBLE_ORDERS,Client Link Client Profile Extended,
_MDD_JCT_CREDIBLE_ORDERS,Client Link Contacts,
_MDD_JCT_CREDIBLE_ORDERS,Client Link Claims,
_MDD_JCT_CREDIBLE_ORDERS,Client Link Links,
_MDD_JCT_CREDIBLE_ORDERS,Client Link Clinical Support,
_MDD_JCT_CREDIBLE_ORDERS,Client Link Tx Plan (Credible Plan),
_MDD_JCT_CREDIBLE_ORDERS,Client Link Dashboard,
_MDD_JCT_CREDIBLE_ORDERS,Client Link Diagnosis,
_MDD_JCT_CREDIBLE_ORDERS,Client Link eMAR Group,
_MDD_JCT_CREDIBLE_ORDERS,Client Link eMAR,
_MDD_JCT_CREDIBLE_ORDERS,Client Link Employee Assignments,
_MDD_JCT_CREDIBLE_ORDERS,Client Link Episodes,
_MDD_JCT_CREDIBLE_ORDERS,Client Link External Providers,
_MDD_JCT_CREDIBLE_ORDERS,Client Link Family,
_MDD_JCT_CREDIBLE_ORDERS,Client Link Form Groups,
_MDD_JCT_CREDIBLE_ORDERS,Client Link GeoAreeas,
_MDD_JCT_CREDIBLE_ORDERS,Client Link Implantable Devices,
_MDD_JCT_CREDIBLE_ORDERS,Client Link Insurance,
_MDD_JCT_CREDIBLE_ORDERS,Client Link Ledger,
_MDD_JCT_CREDIBLE_ORDERS,Client Link Liability,
_MDD_JCT_CREDIBLE_ORDERS,Client Link Log,
_MDD_JCT_CREDIBLE_ORDERS,Client Link Medical Profile,
_MDD_JCT_CREDIBLE_ORDERS,Client Link Medications,
_MDD_JCT_CREDIBLE_ORDERS,Client Link Notes,
_MDD_JCT_CREDIBLE_ORDERS,Client Link Notification,
_MDD_JCT_CREDIBLE_ORDERS,Client Link Orders,
_MDD_JCT_CREDIBLE_ORDERS,Client Link Overview,
_MDD_JCT_CREDIBLE_ORDERS,Client Link Payments,
_MDD_JCT_CREDIBLE_ORDERS,Client Link Payment Plans,
_MDD_JCT_CREDIBLE_ORDERS,Client Link Program,
_MDD_JCT_CREDIBLE_ORDERS,Client Link Profile,
_MDD_JCT_CREDIBLE_ORDERS,Client Link Schedule,
_MDD_JCT_CREDIBLE_ORDERS,Client Link Service List,
_MDD_JCT_CREDIBLE_ORDERS,Client Link Schedule Grp,
_MDD_JCT_CREDIBLE_ORDERS,Client Link Team,
_MDD_JCT_CREDIBLE_ORDERS,Client Link Users,
_MDD_JCT_CREDIBLE_ORDERS,Client Link Warnings,
_MDD_JCT_CREDIBLE_ORDERS,Client Assigned Users Active Primary Count,
_MDD_JCT_CREDIBLE_ORDERS,Client Assigned Users Primary Count,
_MDD_JCT_CREDIBLE_ORDERS,Client Assigned Employees Primary,
_MDD_JCT_CREDIBLE_ORDERS,Client Assigned Users Primary,
_MDD_JCT_CREDIBLE_ORDERS,Client Assigned Users Active Primary,
_MDD_JCT_CREDIBLE_ORDERS,Client Address Primary ID Fuzzy A0,
_MDD_JCT_CREDIBLE_ORDERS,Client Address Primary 1,
_MDD_JCT_CREDIBLE_ORDERS,Client Address Primary 2,
_MDD_JCT_CREDIBLE_ORDERS,Client Address Primary City,
_MDD_JCT_CREDIBLE_ORDERS,Client Address Primary State,
_MDD_JCT_CREDIBLE_ORDERS,Client Address Primary Zip,
_MDD_JCT_CREDIBLE_ORDERS,Client Address Primary County,
_MDD_JCT_CREDIBLE_ORDERS,Client Address Primary Country,
_MDD_JCT_CREDIBLE_ORDERS,Client Address Billing 1,
_MDD_JCT_CREDIBLE_ORDERS,Client Address Billing 2,
_MDD_JCT_CREDIBLE_ORDERS,Client Address Billing City,
_MDD_JCT_CREDIBLE_ORDERS,Client Address Billing State,
_MDD_JCT_CREDIBLE_ORDERS,Client Address Billing Zip,
_MDD_JCT_CREDIBLE_ORDERS,Client Address Billing County,
_MDD_JCT_CREDIBLE_ORDERS,Client Address Billing Country,
_MDD_JCT_CREDIBLE_ORDERS,Client Phone Home Fuzzy A0,
_MDD_JCT_CREDIBLE_ORDERS,Client Phone Home,
_MDD_JCT_CREDIBLE_ORDERS,Client Phone Mobile Fuzzy A0,
_MDD_JCT_CREDIBLE_ORDERS,Client Phone Mobile,
_MDD_JCT_CREDIBLE_ORDERS,Lab Facility ID,Unique ID of the Lab Facility.
_MDD_JCT_CREDIBLE_ORDERS,Lab Facility Name,
_MDD_JCT_CREDIBLE_ORDERS,Insurance Plan ID,Unique ID of the Insurance Plan.
_MDD_JCT_CREDIBLE_ORDERS,Payer ID,Unique ID of the Payer.
_MDD_JCT_CREDIBLE_ORDERS,Insurance Plan Start Date,
_MDD_JCT_CREDIBLE_ORDERS,Insurance Plan End Date,
_MDD_JCT_CREDIBLE_ORDERS,Insurance Plan Billing Order,
_MDD_JCT_CREDIBLE_ORDERS,Insurance Plan Policy Number,
_MDD_JCT_CREDIBLE_ORDERS,Insurance Plan Policy Name,
_MDD_JCT_CREDIBLE_ORDERS,Insurance Plan Policy Group No,
_MDD_JCT_CREDIBLE_ORDERS,Insurance Plan Type,
_MDD_JCT_CREDIBLE_ORDERS,Payer Name,
_MDD_JCT_CREDIBLE_ORDERS,Payer Is CMS,
_MDD_JCT_CREDIBLE_ORDERS,Payer Is Medicaid,
_MDD_JCT_CREDIBLE_ORDERS,Payer Is Medicare,
_MDD_JCT_CREDIBLE_ORDERS,Payer Type Class Code,
_MDD_JCT_CREDIBLE_ORDERS,Insurance Plan Status,
_MDD_JCT_CREDIBLE_ORDERS,Insurance Plan Subscriber,
_MDD_JCT_CREDIBLE_ORDERS,Insurance Plan Created Date,The date the Insurance Plan record was created.
_MDD_JCT_CREDIBLE_ORDERS,Insurance Plan Updated Date,The date the Insurance Plan record was last updated.
_MDD_JCT_CREDIBLE_ORDERS,Payer Type,
_MDD_JCT_CREDIBLE_ORDERS,Payer Type ID,Unique ID of the Payer Type.
_MDD_JCT_CREDIBLE_ORDERS,Payer Type Category,
_MDD_JCT_CREDIBLE_ORDERS,Payer Type Name,
_MDD_JCT_CREDIBLE_ORDERS,Payer Is Tricare,
_MDD_JCT_CREDIBLE_ORDERS,Payer Is Commercial,
_MDD_JCT_CREDIBLE_ORDERS,Payer Code,
_MDD_JCT_CREDIBLE_ORDERS,Payer Address 1,
_MDD_JCT_CREDIBLE_ORDERS,Payer Address 2,
_MDD_JCT_CREDIBLE_ORDERS,Payer Address City,
_MDD_JCT_CREDIBLE_ORDERS,Payer State,
_MDD_JCT_CREDIBLE_ORDERS,Payer Address Zip,
_MDD_JCT_CREDIBLE_ORDERS,Payer Address Country,
_MDD_JCT_CREDIBLE_ORDERS,Payer Phone,
_MDD_JCT_CREDIBLE_ORDERS,Payer Fax,
_MDD_JCT_CREDIBLE_ORDERS,Payer Created Date,The date the Payer record was created.
_MDD_JCT_CREDIBLE_ORDERS,Payer Created By User ID,Unique ID of the Payer Created By User.
_MDD_JCT_CREDIBLE_ORDERS,Payer Updated Date,The date the Payer record was last updated.
_MDD_JCT_CREDIBLE_ORDERS_LABS,Lab Order ID,Unique ID of the Lab Order.
_MDD_JCT_CREDIBLE_ORDERS_LABS,Client ID,Unique ID of the Client.
_MDD_JCT_CREDIBLE_ORDERS_LABS,User ID,Unique ID of the User.
_MDD_JCT_CREDIBLE_ORDERS_LABS,Lab Facility ID,Unique ID of the Lab Facility.
_MDD_JCT_CREDIBLE_ORDERS_LABS,Lab Order Transmission Date,
_MDD_JCT_CREDIBLE_ORDERS_LABS,Lab Order ID External,
_MDD_JCT_CREDIBLE_ORDERS_LABS,Order ID,Unique ID of the Order.
_MDD_JCT_CREDIBLE_ORDERS_LABS,Order Item ID,Unique ID of the Order Item.
_MDD_JCT_CREDIBLE_ORDERS_LABS,Lab Order Item ID,Unique ID of the Lab Order Item.
_MDD_JCT_CREDIBLE_ORDER_ITEMS,Order Item ID,Unique ID of the Order Item.
_MDD_JCT_CREDIBLE_ORDER_ITEMS,Order ID,Unique ID of the Order.
_MDD_JCT_CREDIBLE_ORDER_ITEMS,Client ID,Unique ID of the Client.
_MDD_JCT_CREDIBLE_ORDER_ITEMS,Order Item Date,When a time span is just one day.
_MDD_JCT_CREDIBLE_ORDER_ITEMS,Order Item Status,"The individual's status in the system, typically ""active"", ""inactive"", or ""pending"". The client status value as recorded."
_MDD_JCT_CREDIBLE_ORDER_ITEMS,Order Item Discontinued By User ID,Unique ID of the Order Item Discontinued By User.
_MDD_JCT_CREDIBLE_ORDER_ITEMS,Order Item Discontinued Date,DO NOT USE.
_MDD_JCT_CREDIBLE_ORDER_ITEMS,Order Item End By User ID,Unique ID of the Order Item End By User.
_MDD_JCT_CREDIBLE_ORDER_ITEMS,Order Item End,"The end of the time span, as a date or datetime value."
_MDD_JCT_CREDIBLE_ORDER_ITEMS,Order Item Category,*Not defined broadly. See specific fields for nuanced definition.*.
_MDD_JCT_CREDIBLE_ORDER_ITEMS,Order Item Signed Date,The date which the given time span was signed.
_MDD_JCT_CREDIBLE_ORDER_ITEMS,Order Item Signed By,A free text field indicating who signed the given time span.
_MDD_JCT_CREDIBLE_ORDER_ITEMS,Order Item Completed By,The system ID of a human entity who completed a task associated with a given time span.
_MDD_JCT_CREDIBLE_ORDER_ITEMS,Order Item Completed Date,The date a task that is associated with a time span was completed.
_MDD_JCT_CREDIBLE_ORDER_ITEMS,Order Item Reason,The reason associated with the time span.
_MDD_JCT_CREDIBLE_ORDER_ITEMS,Order Item Type,
_MDD_JCT_CREDIBLE_ORDER_ITEMS,Order Item Is Medication,Indicates whether the time span is associated with a medication.
_MDD_JCT_CREDIBLE_ORDER_ITEMS,Order Item Is Prescription,Indicates whether the time span is associated with a prescription sent to a pharamacy.
_MDD_JCT_CREDIBLE_ORDER_ITEMS,Order Item Is Lab,Indicates whether the time span is associated with a lab order or event.
_MDD_JCT_CREDIBLE_ORDER_ITEMS,Medication ID,Unique ID of the Medication.
_MDD_JCT_CREDIBLE_ORDER_ITEMS,Enrollment ID,Unique ID of the Enrollment.
_MDD_JCT_CREDIBLE_ORDER_ITEMS,Order Item Acknowledged Date,*asked Slack.
_MDD_JCT_CREDIBLE_ORDER_ITEMS,Order Item Acknowledgement,*asked Slack.
_MDD_JCT_CREDIBLE_ORDER_ITEMS,Dx ID,Unique ID of the Dx.
_MDD_JCT_CREDIBLE_ORDER_ITEMS,Dx ICD10 Code,
_MDD_JCT_CREDIBLE_ORDER_ITEMS,Order Item Due Date,The deadline of a given task associated with a given time span.
_MDD_JCT_CREDIBLE_ORDER_ITEMS,Order Item Ordering External Prescriber ID,Unique ID of the Order Item Ordering External Prescriber.
_MDD_JCT_CREDIBLE_ORDER_ITEMS,Order Item Prescriber ID,Unique ID of the Order Item Prescriber.
_MDD_JCT_CREDIBLE_ORDER_ITEMS,Ordering Prescriber User Name First & Last w/Initial,The ordering prescriber's name.
_MDD_JCT_CREDIBLE_ORDER_ITEMS,Lab Order ID,Unique ID of the Lab Order.
_MDD_JCT_CREDIBLE_ORDER_ITEMS,Lab Order Item ID,Unique ID of the Lab Order Item.
_MDD_JCT_CREDIBLE_ORDER_ITEMS,Order Signed Date,
_MDD_JCT_CREDIBLE_ORDER_ITEMS,Order Signed By,
_MDD_JCT_CREDIBLE_ORDER_ITEMS,Ordering Prescriber User ID,Unique ID of the Ordering Prescriber User.
_MDD_JCT_CREDIBLE_ORDER_ITEMS,Order Type,The order type value as shaped by this module. A source SQL comment notes that the human-readable mapping of order type code values is still pending confirmation. Human-readable order-type mappings are still pending external confirmation.
_MDD_JCT_CREDIBLE_ORDER_ITEMS,Order Status,The status of the order as shaped by this module. This status is determined by module logic using whether the order end date is missing or in the future.
_MDD_JCT_CREDIBLE_ORDER_ITEMS,Order Created Date,The date the Order record was created.
_MDD_JCT_CREDIBLE_ORDER_ITEMS,Order Updated Date,The date the Order record was last updated.
_MDD_JCT_CREDIBLE_ORDER_ITEMS,Ordering External Prescriber ID,Unique ID of the Ordering External Prescriber.
_MDD_JCT_CREDIBLE_ORDER_ITEMS,Client ID External,
_MDD_JCT_CREDIBLE_ORDER_ITEMS,Client ID Social Security Number,
_MDD_JCT_CREDIBLE_ORDER_ITEMS,Client ID Fuzzy A2,
_MDD_JCT_CREDIBLE_ORDER_ITEMS,Client ID JCT Fuzzy A0,
_MDD_JCT_CREDIBLE_ORDER_ITEMS,Client ID JCT Fuzzy A1,
_MDD_JCT_CREDIBLE_ORDER_ITEMS,Client Name First & Last,The client's name formatted as first and last.
_MDD_JCT_CREDIBLE_ORDER_ITEMS,Client Name Last & First,"The client's name formatted as last, first."
_MDD_JCT_CREDIBLE_ORDER_ITEMS,Client Name First & Last w/Initial,
_MDD_JCT_CREDIBLE_ORDER_ITEMS,Client Name First & Last w/Initial & Client ID,Unique ID of the Client Name First & Last w/Initial & Client.
_MDD_JCT_CREDIBLE_ORDER_ITEMS,Client Name Last & First w/Initial,
_MDD_JCT_CREDIBLE_ORDER_ITEMS,Client Name Last & First w/Initial & Client ID,Unique ID of the Client Name Last & First w/Initial & Client.
_MDD_JCT_CREDIBLE_ORDER_ITEMS,Client Name Middle,
_MDD_JCT_CREDIBLE_ORDER_ITEMS,Client Name First,The client's first name.
_MDD_JCT_CREDIBLE_ORDER_ITEMS,Client Name Last,The client's last name.
_MDD_JCT_CREDIBLE_ORDER_ITEMS,Client Date of Birth,The client's date of birth.
_MDD_JCT_CREDIBLE_ORDER_ITEMS,Client Date of Death,
_MDD_JCT_CREDIBLE_ORDER_ITEMS,Client Admission Date,The date the client was admitted.
_MDD_JCT_CREDIBLE_ORDER_ITEMS,Client Admission Date Fiscal Year,The fiscal year of the client admission date.
_MDD_JCT_CREDIBLE_ORDER_ITEMS,Client Discharge Date,The date the client was discharged.
_MDD_JCT_CREDIBLE_ORDER_ITEMS,Client Discharge Date Fiscal Year,The fiscal year of the client discharge date.
_MDD_JCT_CREDIBLE_ORDER_ITEMS,Client Age in Hours,
_MDD_JCT_CREDIBLE_ORDER_ITEMS,Client Age in Days,The client's age expressed in days based on date of birth.
_MDD_JCT_CREDIBLE_ORDER_ITEMS,Client Age in Months,The client's age expressed in months based on date of birth.
_MDD_JCT_CREDIBLE_ORDER_ITEMS,Client Age in Years,The client's age expressed in years based on date of birth.
_MDD_JCT_CREDIBLE_ORDER_ITEMS,Client Age In Years Old Difference,
_MDD_JCT_CREDIBLE_ORDER_ITEMS,Client Status,The client status value as recorded.
_MDD_JCT_CREDIBLE_ORDER_ITEMS,Client Status ID,Unique ID of the Client Status.
_MDD_JCT_CREDIBLE_ORDER_ITEMS,Client Is Active,Indicates whether the client is active.
_MDD_JCT_CREDIBLE_ORDER_ITEMS,Client Is Inactive,Indicates whether the client is inactive.
_MDD_JCT_CREDIBLE_ORDER_ITEMS,Client Is Pending,
_MDD_JCT_CREDIBLE_ORDER_ITEMS,Client Visibility,
_MDD_JCT_CREDIBLE_ORDER_ITEMS,Client Ethnicity 1,
_MDD_JCT_CREDIBLE_ORDER_ITEMS,Client Ethnicity 1 ID,Unique ID of the Client Ethnicity 1.
_MDD_JCT_CREDIBLE_ORDER_ITEMS,Client Ethnicity 1 Granular,
_MDD_JCT_CREDIBLE_ORDER_ITEMS,Client Ethnicity 1 Granular ID,Unique ID of the Client Ethnicity 1 Granular.
_MDD_JCT_CREDIBLE_ORDER_ITEMS,Client Race 1,
_MDD_JCT_CREDIBLE_ORDER_ITEMS,Client Race 2,
_MDD_JCT_CREDIBLE_ORDER_ITEMS,Client Race 3,
_MDD_JCT_CREDIBLE_ORDER_ITEMS,Client Race 1 ID,Unique ID of the Client Race 1.
_MDD_JCT_CREDIBLE_ORDER_ITEMS,Client Race 2 ID,Unique ID of the Client Race 2.
_MDD_JCT_CREDIBLE_ORDER_ITEMS,Client Race 3 ID,Unique ID of the Client Race 3.
_MDD_JCT_CREDIBLE_ORDER_ITEMS,Client Race Granular,
_MDD_JCT_CREDIBLE_ORDER_ITEMS,Client Race Granular ID,Unique ID of the Client Race Granular.
_MDD_JCT_CREDIBLE_ORDER_ITEMS,Client Preferred Language,
_MDD_JCT_CREDIBLE_ORDER_ITEMS,Client Preferred Language ID,Unique ID of the Client Preferred Language.
_MDD_JCT_CREDIBLE_ORDER_ITEMS,Client Sex,"The client's sex as recorded. QuickMAR does not provide separate source fields for sex and gender, so this value is sourced from the same underlying field as [Client Gender]."
_MDD_JCT_CREDIBLE_ORDER_ITEMS,Client Sex ID,Unique ID of the Client Sex.
_MDD_JCT_CREDIBLE_ORDER_ITEMS,Client Employment Status,
_MDD_JCT_CREDIBLE_ORDER_ITEMS,Client Employment Status ID,Unique ID of the Client Employment Status.
_MDD_JCT_CREDIBLE_ORDER_ITEMS,Client Gender Identity,
_MDD_JCT_CREDIBLE_ORDER_ITEMS,Client Gender Identity ID,Unique ID of the Client Gender Identity.
_MDD_JCT_CREDIBLE_ORDER_ITEMS,Client Marital Status,
_MDD_JCT_CREDIBLE_ORDER_ITEMS,Client Marital Status ID,Unique ID of the Client Marital Status.
_MDD_JCT_CREDIBLE_ORDER_ITEMS,Client Sexual Orientation,
_MDD_JCT_CREDIBLE_ORDER_ITEMS,Client Sexual Orientation ID,Unique ID of the Client Sexual Orientation.
_MDD_JCT_CREDIBLE_ORDER_ITEMS,Client Military Status,
_MDD_JCT_CREDIBLE_ORDER_ITEMS,Client Military Status ID,Unique ID of the Client Military Status.
_MDD_JCT_CREDIBLE_ORDER_ITEMS,Client Created Date,The date the Client record was created.
_MDD_JCT_CREDIBLE_ORDER_ITEMS,Client Updated Date,The date the Client record was last updated.
_MDD_JCT_CREDIBLE_ORDER_ITEMS,Client Programs,
_MDD_JCT_CREDIBLE_ORDER_ITEMS,Client Teams,
_MDD_JCT_CREDIBLE_ORDER_ITEMS,Client Referral NPI,
_MDD_JCT_CREDIBLE_ORDER_ITEMS,Client Referral NPI Link,
_MDD_JCT_CREDIBLE_ORDER_ITEMS,Client Age Group,
_MDD_JCT_CREDIBLE_ORDER_ITEMS,Client Age Group Sort Order,
_MDD_JCT_CREDIBLE_ORDER_ITEMS,Client Age In Years Old,
_MDD_JCT_CREDIBLE_ORDER_ITEMS,Client ID FA0,
_MDD_JCT_CREDIBLE_ORDER_ITEMS,Client ID FA1,
_MDD_JCT_CREDIBLE_ORDER_ITEMS,Client Link,
_MDD_JCT_CREDIBLE_ORDER_ITEMS,Client Link Schedule (1st Available),
_MDD_JCT_CREDIBLE_ORDER_ITEMS,Client Link Add Service,
_MDD_JCT_CREDIBLE_ORDER_ITEMS,Client Link Allergies,
_MDD_JCT_CREDIBLE_ORDER_ITEMS,Client Link Amendments,
_MDD_JCT_CREDIBLE_ORDER_ITEMS,Client Link Attachments,
_MDD_JCT_CREDIBLE_ORDER_ITEMS,Client Link Authorizations,
_MDD_JCT_CREDIBLE_ORDER_ITEMS,Client Link Bed Assignments,
_MDD_JCT_CREDIBLE_ORDER_ITEMS,Client Link Client Profile Extended,
_MDD_JCT_CREDIBLE_ORDER_ITEMS,Client Link Contacts,
_MDD_JCT_CREDIBLE_ORDER_ITEMS,Client Link Claims,
_MDD_JCT_CREDIBLE_ORDER_ITEMS,Client Link Links,
_MDD_JCT_CREDIBLE_ORDER_ITEMS,Client Link Clinical Support,
_MDD_JCT_CREDIBLE_ORDER_ITEMS,Client Link Tx Plan (Credible Plan),
_MDD_JCT_CREDIBLE_ORDER_ITEMS,Client Link Dashboard,
_MDD_JCT_CREDIBLE_ORDER_ITEMS,Client Link Diagnosis,
_MDD_JCT_CREDIBLE_ORDER_ITEMS,Client Link eMAR Group,
_MDD_JCT_CREDIBLE_ORDER_ITEMS,Client Link eMAR,
_MDD_JCT_CREDIBLE_ORDER_ITEMS,Client Link Employee Assignments,
_MDD_JCT_CREDIBLE_ORDER_ITEMS,Client Link Episodes,
_MDD_JCT_CREDIBLE_ORDER_ITEMS,Client Link External Providers,
_MDD_JCT_CREDIBLE_ORDER_ITEMS,Client Link Family,
_MDD_JCT_CREDIBLE_ORDER_ITEMS,Client Link Form Groups,
_MDD_JCT_CREDIBLE_ORDER_ITEMS,Client Link GeoAreeas,
_MDD_JCT_CREDIBLE_ORDER_ITEMS,Client Link Implantable Devices,
_MDD_JCT_CREDIBLE_ORDER_ITEMS,Client Link Insurance,
_MDD_JCT_CREDIBLE_ORDER_ITEMS,Client Link Ledger,
_MDD_JCT_CREDIBLE_ORDER_ITEMS,Client Link Liability,
_MDD_JCT_CREDIBLE_ORDER_ITEMS,Client Link Log,
_MDD_JCT_CREDIBLE_ORDER_ITEMS,Client Link Medical Profile,
_MDD_JCT_CREDIBLE_ORDER_ITEMS,Client Link Medications,
_MDD_JCT_CREDIBLE_ORDER_ITEMS,Client Link Notes,
_MDD_JCT_CREDIBLE_ORDER_ITEMS,Client Link Notification,
_MDD_JCT_CREDIBLE_ORDER_ITEMS,Client Link Orders,
_MDD_JCT_CREDIBLE_ORDER_ITEMS,Client Link Overview,
_MDD_JCT_CREDIBLE_ORDER_ITEMS,Client Link Payments,
_MDD_JCT_CREDIBLE_ORDER_ITEMS,Client Link Payment Plans,
_MDD_JCT_CREDIBLE_ORDER_ITEMS,Client Link Program,
_MDD_JCT_CREDIBLE_ORDER_ITEMS,Client Link Profile,
_MDD_JCT_CREDIBLE_ORDER_ITEMS,Client Link Schedule,
_MDD_JCT_CREDIBLE_ORDER_ITEMS,Client Link Service List,
_MDD_JCT_CREDIBLE_ORDER_ITEMS,Client Link Schedule Grp,
_MDD_JCT_CREDIBLE_ORDER_ITEMS,Client Link Team,
_MDD_JCT_CREDIBLE_ORDER_ITEMS,Client Link Users,
_MDD_JCT_CREDIBLE_ORDER_ITEMS,Client Link Warnings,
_MDD_JCT_CREDIBLE_ORDER_ITEMS,Client Assigned Users Active Primary Count,
_MDD_JCT_CREDIBLE_ORDER_ITEMS,Client Assigned Users Primary Count,
_MDD_JCT_CREDIBLE_ORDER_ITEMS,Client Assigned Employees Primary,
_MDD_JCT_CREDIBLE_ORDER_ITEMS,Client Assigned Users Primary,
_MDD_JCT_CREDIBLE_ORDER_ITEMS,Client Assigned Users Active Primary,
_MDD_JCT_CREDIBLE_ORDER_ITEMS,Client Address Primary ID Fuzzy A0,
_MDD_JCT_CREDIBLE_ORDER_ITEMS,Client Address Primary 1,
_MDD_JCT_CREDIBLE_ORDER_ITEMS,Client Address Primary 2,
_MDD_JCT_CREDIBLE_ORDER_ITEMS,Client Address Primary City,
_MDD_JCT_CREDIBLE_ORDER_ITEMS,Client Address Primary State,
_MDD_JCT_CREDIBLE_ORDER_ITEMS,Client Address Primary Zip,
_MDD_JCT_CREDIBLE_ORDER_ITEMS,Client Address Primary County,
_MDD_JCT_CREDIBLE_ORDER_ITEMS,Client Address Primary Country,
_MDD_JCT_CREDIBLE_ORDER_ITEMS,Client Address Billing 1,
_MDD_JCT_CREDIBLE_ORDER_ITEMS,Client Address Billing 2,
_MDD_JCT_CREDIBLE_ORDER_ITEMS,Client Address Billing City,
_MDD_JCT_CREDIBLE_ORDER_ITEMS,Client Address Billing State,
_MDD_JCT_CREDIBLE_ORDER_ITEMS,Client Address Billing Zip,
_MDD_JCT_CREDIBLE_ORDER_ITEMS,Client Address Billing County,
_MDD_JCT_CREDIBLE_ORDER_ITEMS,Client Address Billing Country,
_MDD_JCT_CREDIBLE_ORDER_ITEMS,Client Phone Home Fuzzy A0,
_MDD_JCT_CREDIBLE_ORDER_ITEMS,Client Phone Home,
_MDD_JCT_CREDIBLE_ORDER_ITEMS,Client Phone Mobile Fuzzy A0,
_MDD_JCT_CREDIBLE_ORDER_ITEMS,Client Phone Mobile,
_MDD_JCT_CREDIBLE_ORDER_ITEMS,Lab Facility ID,Unique ID of the Lab Facility.
_MDD_JCT_CREDIBLE_ORDER_ITEMS,Lab Facility Name,
_MDD_JCT_CREDIBLE_ORDER_ITEMS,Insurance Plan ID,Unique ID of the Insurance Plan.
_MDD_JCT_CREDIBLE_ORDER_ITEMS,Payer ID,Unique ID of the Payer.
_MDD_JCT_CREDIBLE_ORDER_ITEMS,Insurance Plan Start Date,
_MDD_JCT_CREDIBLE_ORDER_ITEMS,Insurance Plan End Date,
_MDD_JCT_CREDIBLE_ORDER_ITEMS,Insurance Plan Billing Order,
_MDD_JCT_CREDIBLE_ORDER_ITEMS,Insurance Plan Policy Number,
_MDD_JCT_CREDIBLE_ORDER_ITEMS,Insurance Plan Policy Name,
_MDD_JCT_CREDIBLE_ORDER_ITEMS,Insurance Plan Policy Group No,
_MDD_JCT_CREDIBLE_ORDER_ITEMS,Insurance Plan Type,
_MDD_JCT_CREDIBLE_ORDER_ITEMS,Payer Name,
_MDD_JCT_CREDIBLE_ORDER_ITEMS,Payer Is CMS,
_MDD_JCT_CREDIBLE_ORDER_ITEMS,Payer Is Medicaid,
_MDD_JCT_CREDIBLE_ORDER_ITEMS,Payer Is Medicare,
_MDD_JCT_CREDIBLE_ORDER_ITEMS,Payer Type Class Code,
_MDD_JCT_CREDIBLE_ORDER_ITEMS,Insurance Plan Status,
_MDD_JCT_CREDIBLE_ORDER_ITEMS,Insurance Plan Subscriber,
_MDD_JCT_CREDIBLE_ORDER_ITEMS,Insurance Plan Created Date,The date the Insurance Plan record was created.
_MDD_JCT_CREDIBLE_ORDER_ITEMS,Insurance Plan Updated Date,The date the Insurance Plan record was last updated.
_MDD_JCT_CREDIBLE_ORDER_ITEMS,Payer Type,
_MDD_JCT_CREDIBLE_ORDER_ITEMS,Payer Type ID,Unique ID of the Payer Type.
_MDD_JCT_CREDIBLE_ORDER_ITEMS,Payer Type Category,
_MDD_JCT_CREDIBLE_ORDER_ITEMS,Payer Type Name,
_MDD_JCT_CREDIBLE_ORDER_ITEMS,Payer Is Tricare,
_MDD_JCT_CREDIBLE_ORDER_ITEMS,Payer Is Commercial,
_MDD_JCT_CREDIBLE_ORDER_ITEMS,Payer Code,
_MDD_JCT_CREDIBLE_ORDER_ITEMS,Payer Address 1,
_MDD_JCT_CREDIBLE_ORDER_ITEMS,Payer Address 2,
_MDD_JCT_CREDIBLE_ORDER_ITEMS,Payer Address City,
_MDD_JCT_CREDIBLE_ORDER_ITEMS,Payer State,
_MDD_JCT_CREDIBLE_ORDER_ITEMS,Payer Address Zip,
_MDD_JCT_CREDIBLE_ORDER_ITEMS,Payer Address Country,
_MDD_JCT_CREDIBLE_ORDER_ITEMS,Payer Phone,
_MDD_JCT_CREDIBLE_ORDER_ITEMS,Payer Fax,
_MDD_JCT_CREDIBLE_ORDER_ITEMS,Payer Created Date,The date the Payer record was created.
_MDD_JCT_CREDIBLE_ORDER_ITEMS,Payer Created By User ID,Unique ID of the Payer Created By User.
_MDD_JCT_CREDIBLE_ORDER_ITEMS,Payer Updated Date,The date the Payer record was last updated.
_MDD_JCT_CREDIBLE_ORDER_ITEMS,Program ID,Unique ID of the Program.
_MDD_JCT_CREDIBLE_ORDER_ITEMS,Enrollment Start,
_MDD_JCT_CREDIBLE_ORDER_ITEMS,Enrollment End,
_MDD_JCT_CREDIBLE_ORDER_ITEMS,Enrollment Discharge Date,
_MDD_JCT_CREDIBLE_ORDER_ITEMS,Enrollment Admission Date,
_MDD_JCT_CREDIBLE_ORDER_ITEMS,Enrollment Status,
_MDD_JCT_CREDIBLE_ORDER_ITEMS,Enrollment Outcome,
_MDD_JCT_CREDIBLE_ORDER_ITEMS,Enrollment Outcome ID,Unique ID of the Enrollment Outcome.
_MDD_JCT_CREDIBLE_ORDER_ITEMS,Enrollment Updated Date,The date the Enrollment record was last updated.
_MDD_JCT_CREDIBLE_ORDER_ITEMS,Enrollment Created Date,The date the Enrollment record was created.
_MDD_JCT_CREDIBLE_ORDER_ITEMS,Enrollment Updated By User ID,Unique ID of the Enrollment Updated By User.
_MDD_JCT_CREDIBLE_ORDER_ITEMS,Enrollment Date First Billable,
_MDD_JCT_CREDIBLE_ORDER_ITEMS,Enrollment Date Last Billable,
_MDD_JCT_CREDIBLE_ORDER_ITEMS,Enrollment Appointment Completed Count,
_MDD_JCT_CREDIBLE_ORDER_ITEMS,Enrollment Admission Type,
_MDD_JCT_CREDIBLE_ORDER_ITEMS,Enrollment Admission Source,
_MDD_JCT_CREDIBLE_ORDER_ITEMS,Enrollment Admission Dx,
_MDD_JCT_CREDIBLE_ORDER_ITEMS,Enrollment Referral Date,
_MDD_JCT_CREDIBLE_ORDER_ITEMS,Enrollment Referral Source,
_MDD_JCT_CREDIBLE_ORDER_ITEMS,Enrollment Referral By,
_MDD_JCT_CREDIBLE_ORDER_ITEMS,Enrollment Referral Provider NPI,
_MDD_JCT_CREDIBLE_ORDER_ITEMS,Enrollment Referral Provider NPI Link,
_MDD_JCT_CREDIBLE_ORDER_ITEMS,Enrollment Referral Provider Name First,The enrollment referral provider's first name.
_MDD_JCT_CREDIBLE_ORDER_ITEMS,Enrollment Referral Provider Name Last,The enrollment referral provider's last name.
_MDD_JCT_CREDIBLE_ORDER_ITEMS,Enrollment Referral Provider Name First & Last,
_MDD_JCT_CREDIBLE_ORDER_ITEMS,Enrollment Referral Provider Name Last & First,
_MDD_JCT_CREDIBLE_ORDER_ITEMS,Enrollment Open-Closed,
_MDD_JCT_CREDIBLE_ORDER_ITEMS,Enrollment Since Open Hours,
_MDD_JCT_CREDIBLE_ORDER_ITEMS,Enrollment Since Open Days,
_MDD_JCT_CREDIBLE_ORDER_ITEMS,Enrollment Since Open Weeks,
_MDD_JCT_CREDIBLE_ORDER_ITEMS,Enrollment Since Open Months,
_MDD_JCT_CREDIBLE_ORDER_ITEMS,Enrollment Since Open Years,
_MDD_JCT_CREDIBLE_ORDER_ITEMS,Enrollment Since Close Hours,
_MDD_JCT_CREDIBLE_ORDER_ITEMS,Enrollment Since Close Days,
_MDD_JCT_CREDIBLE_ORDER_ITEMS,Enrollment Since Close Weeks,
_MDD_JCT_CREDIBLE_ORDER_ITEMS,Enrollment Since Close Months,
_MDD_JCT_CREDIBLE_ORDER_ITEMS,Enrollment Since Close Years,
_MDD_JCT_CREDIBLE_ORDER_ITEMS,Enrollment Start Fiscal Year,
_MDD_JCT_CREDIBLE_ORDER_ITEMS,Enrollment End Fiscal Year,
_MDD_JCT_CREDIBLE_ORDER_ITEMS,Enrollment LoS Hours,
_MDD_JCT_CREDIBLE_ORDER_ITEMS,Enrollment LoS Days,
_MDD_JCT_CREDIBLE_ORDER_ITEMS,Enrollment LoS Weeks,
_MDD_JCT_CREDIBLE_ORDER_ITEMS,Enrollment LoS Months,
_MDD_JCT_CREDIBLE_ORDER_ITEMS,Enrollment LoS Years,
_MDD_JCT_CREDIBLE_ORDER_ITEMS,Enrollment Sequence ASC,
_MDD_JCT_CREDIBLE_ORDER_ITEMS,Enrollment Sequence DESC,
_MDD_JCT_CREDIBLE_ORDER_ITEMS,Enrollment Link,
_MDD_JCT_CREDIBLE_ORDER_ITEMS,Enrollment Likely Error,
_MDD_JCT_CREDIBLE_ORDER_ITEMS,Program ID External,
_MDD_JCT_CREDIBLE_ORDER_ITEMS,Program Name,
_MDD_JCT_CREDIBLE_ORDER_ITEMS,Program Code,
_MDD_JCT_CREDIBLE_ORDER_ITEMS,Program Group Without Nulls,
_MDD_JCT_CREDIBLE_ORDER_ITEMS,Program Group,
_MDD_JCT_CREDIBLE_ORDER_ITEMS,Program Group > Name,
_MDD_JCT_CREDIBLE_ORDER_ITEMS,Program Is Residential,
_MDD_JCT_CREDIBLE_ORDER_ITEMS,Program Tx Setting,
_MDD_JCT_CREDIBLE_ORDER_ITEMS,Program Revenue Code,
_MDD_JCT_CREDIBLE_ORDER_ITEMS,Program Created Date,The date the Program record was created.
_MDD_JCT_CREDIBLE_ORDER_ITEMS,Program Created Date Fiscal Year,
_MDD_JCT_CREDIBLE_ORDER_ITEMS,Program Created By Employee ID,Unique ID of the Program Created By Employee.
_MDD_JCT_CREDIBLE_ORDER_ITEMS,Program Updated Date,The date the Program record was last updated.
_MDD_JCT_CREDIBLE_ORDER_ITEMS,Program Updated Date Fiscal Year,
_MDD_JCT_CREDIBLE_ORDER_ITEMS,Program Updated By Employee ID,Unique ID of the Program Updated By Employee.
_MDD_JCT_CREDIBLE_ORDER_ITEMS,Program Active Episode Count,
_MDD_JCT_CREDIBLE_ORDER_ITEMS,Program Active Client Assignment Count,
_MDD_JCT_CREDIBLE_ORDER_ITEMS,Program Active Client Assignment Primary Count,
_MDD_JCT_CREDIBLE_ORDER_ITEMS,Medication ID RxNorm,
_MDD_JCT_CREDIBLE_ORDER_ITEMS,Medication ID National Drug Code,This NDC value can be linked to external NDC reference datasets for medication enrichment. The ndc recorded for the medication.
_MDD_JCT_CREDIBLE_ORDER_ITEMS,Med ID First Databank ID,Unique ID of the Med ID First Databank.
_MDD_JCT_CREDIBLE_ORDER_ITEMS,Medication Instructions Frequency Freetext,
_MDD_JCT_CREDIBLE_ORDER_ITEMS,Medication Instructions Dose,
_MDD_JCT_CREDIBLE_ORDER_ITEMS,Medication Dose Action,
_MDD_JCT_CREDIBLE_ORDER_ITEMS,Medication Instructions Freetext,
_MDD_JCT_CREDIBLE_ORDER_ITEMS,Medication Instructions Route,
_MDD_JCT_CREDIBLE_ORDER_ITEMS,Medication Instructions Route Per,
_MDD_JCT_CREDIBLE_ORDER_ITEMS,Medication Instructions Route Time,
_MDD_JCT_CREDIBLE_ORDER_ITEMS,Medication Instructions Combined,
_MDD_JCT_CREDIBLE_ORDER_ITEMS,Medication Instructions Rx,
_MDD_JCT_CREDIBLE_ORDER_ITEMS,Medication Strength,This is a best-effort parsed strength value and may not be fully accurate in all cases. The medication strength in a cleaned-up form.
_MDD_JCT_CREDIBLE_ORDER_ITEMS,Medication Strength Unit,This is a best-effort parsed unit value and may not be fully accurate in all cases. The unit parsed from the strength text.
_MDD_JCT_CREDIBLE_ORDER_ITEMS,Medication Status,
_MDD_JCT_CREDIBLE_ORDER_ITEMS,Medication Rx Refills,
_MDD_JCT_CREDIBLE_ORDER_ITEMS,Medication Rx Days Supply,
_MDD_JCT_CREDIBLE_ORDER_ITEMS,Medication Instruction Dose Qty,
_MDD_JCT_CREDIBLE_ORDER_ITEMS,Medication ICD10 Code,
_MDD_JCT_CREDIBLE_ORDER_ITEMS,Medication Schedule,
_MDD_JCT_CREDIBLE_ORDER_ITEMS,Medication Classification,
_MDD_JCT_CREDIBLE_ORDER_ITEMS,Medication Name,
_MDD_JCT_CREDIBLE_ORDER_ITEMS,Medication Date Started,
_MDD_JCT_CREDIBLE_ORDER_ITEMS,Medication Date Discontinued,
_MDD_JCT_CREDIBLE_ORDER_ITEMS,Medication Start,
_MDD_JCT_CREDIBLE_ORDER_ITEMS,Medication End,
_MDD_JCT_CREDIBLE_ORDER_ITEMS,Medication Date Changed,
_MDD_JCT_CREDIBLE_ORDER_ITEMS,Medication Reason,
_MDD_JCT_CREDIBLE_ORDER_ITEMS,Medication Prescription Status,
_MDD_JCT_CREDIBLE_ORDER_ITEMS,Medication Supervised By,
_MDD_JCT_CREDIBLE_ORDER_ITEMS,Medication Supervised By User ID,Unique ID of the Medication Supervised By User.
_MDD_JCT_CREDIBLE_ORDER_ITEMS,Medication Created By,
_MDD_JCT_CREDIBLE_ORDER_ITEMS,Medication Created By User ID,Unique ID of the Medication Created By User.
_MDD_JCT_CREDIBLE_ORDER_ITEMS,Medication Created Date,The date the Medication record was created.
_MDD_JCT_CREDIBLE_ORDER_ITEMS,Medication Updated Date,The date the Medication record was last updated.
_MDD_JCT_CREDIBLE_ORDER_ITEMS,Appointment ID,Unique ID of the Appointment.
_MDD_JCT_CREDIBLE_ORDER_ITEMS,Medication Order Status,
_MDD_JCT_CREDIBLE_ORDER_ITEMS,Medication Link NLM RxNav,
_MDD_JCT_CREDIBLE_PAYER,Payer ID,Unique ID of the Payer.
_MDD_JCT_CREDIBLE_PAYER,Payer Type,The payer type.
_MDD_JCT_CREDIBLE_PAYER,Payer Name,The full name for a specific insurer or payer. Agencies would typically use this to describe a payer in conversation.
_MDD_JCT_CREDIBLE_PAYER,Payer Type ID,Unique ID of the Payer Type.
_MDD_JCT_CREDIBLE_PAYER,Payer Type Class Code,The payer class code.
_MDD_JCT_CREDIBLE_PAYER,Payer Type Category,The payer category.
_MDD_JCT_CREDIBLE_PAYER,Payer Type Name,The type of insurer or payer this is.
_MDD_JCT_CREDIBLE_PAYER,Payer Is CMS,
_MDD_JCT_CREDIBLE_PAYER,Payer Is Medicaid,
_MDD_JCT_CREDIBLE_PAYER,Payer Is Medicare,
_MDD_JCT_CREDIBLE_PAYER,Payer Is Tricare,
_MDD_JCT_CREDIBLE_PAYER,Payer Is Commercial,
_MDD_JCT_CREDIBLE_PAYER,Payer Code,A short code for a specific insurer or payer. Agencies might use this to describe a payer when they wish to refer to the payer but not take up too much space.
_MDD_JCT_CREDIBLE_PAYER,Payer Address 1,
_MDD_JCT_CREDIBLE_PAYER,Payer Address 2,
_MDD_JCT_CREDIBLE_PAYER,Payer Address City,
_MDD_JCT_CREDIBLE_PAYER,Payer State,
_MDD_JCT_CREDIBLE_PAYER,Payer Address Zip,
_MDD_JCT_CREDIBLE_PAYER,Payer Address Country,
_MDD_JCT_CREDIBLE_PAYER,Payer Phone,
_MDD_JCT_CREDIBLE_PAYER,Payer Fax,
_MDD_JCT_CREDIBLE_PAYER,Payer Created Date,The date the Payer record was created.
_MDD_JCT_CREDIBLE_PAYER,Payer Created By User ID,Unique ID of the Payer Created By User.
_MDD_JCT_CREDIBLE_PAYER,Payer Updated Date,The date the Payer record was last updated.
_MDD_JCT_CREDIBLE_PAYER_CHIP,Payer ID,Unique ID of the Payer.
_MDD_JCT_CREDIBLE_PAYER_TRICARE,Payer ID,Unique ID of the Payer.
_MDD_JCT_CREDIBLE_PAYER_TYPES,Payer Type ID,Unique ID of the Payer Type.
_MDD_JCT_CREDIBLE_PAYER_TYPES,Payer Type Name,The type of insurer or payer this is.
_MDD_JCT_CREDIBLE_PAYER_TYPES,Payer Type Category,*Not defined broadly. See specific fields for nuanced definition.*.
_MDD_JCT_CREDIBLE_PAYER_TYPES,Payer Type Class Code,
_MDD_JCT_CREDIBLE_PHONE,Phone ID,Unique ID of the Phone.
_MDD_JCT_CREDIBLE_PHONE,Phone ID Fuzzy A0,
_MDD_JCT_CREDIBLE_PHONE,Object Category,
_MDD_JCT_CREDIBLE_PHONE,Object Category ID,Unique ID of the Object Category.
_MDD_JCT_CREDIBLE_PHONE,Object ID,Unique ID of the Object.
_MDD_JCT_CREDIBLE_PHONE,Phone Type,
_MDD_JCT_CREDIBLE_PHONE,Phone Type ID,Unique ID of the Phone Type.
_MDD_JCT_CREDIBLE_PHONE,Phone Number,
_MDD_JCT_CREDIBLE_PHONE_CLIENT_HOME,Client ID,Unique ID of the Client.
_MDD_JCT_CREDIBLE_PHONE_CLIENT_HOME,Client Phone Home Fuzzy A0,
_MDD_JCT_CREDIBLE_PHONE_CLIENT_HOME,Client Phone Home,
_MDD_JCT_CREDIBLE_PHONE_CLIENT_MOBILE,Client ID,Unique ID of the Client.
_MDD_JCT_CREDIBLE_PHONE_CLIENT_MOBILE,Client Phone Mobile Fuzzy A0,
_MDD_JCT_CREDIBLE_PHONE_CLIENT_MOBILE,Client Phone Mobile,
_MDD_JCT_CREDIBLE_PLANNER_EPISODES,Plan ID,Unique ID of the Plan.
_MDD_JCT_CREDIBLE_PLANNER_EPISODES,Enrollment ID Guess,
_MDD_JCT_CREDIBLE_POS,POS ID,Unique ID of the POS.
_MDD_JCT_CREDIBLE_POS,POS ID CMS,
_MDD_JCT_CREDIBLE_POS,POS Name,
_MDD_JCT_CREDIBLE_POS,POS Is Telehealth,
_MDD_JCT_CREDIBLE_PROGRAMS,Program ID,Unique ID of the Program.
_MDD_JCT_CREDIBLE_PROGRAMS,Program ID External,The unique ID of the entity in an external system.
_MDD_JCT_CREDIBLE_PROGRAMS,Program Name,
_MDD_JCT_CREDIBLE_PROGRAMS,Program Code,
_MDD_JCT_CREDIBLE_PROGRAMS,Program Group Without Nulls,
_MDD_JCT_CREDIBLE_PROGRAMS,Program Group,
_MDD_JCT_CREDIBLE_PROGRAMS,Program Group > Name,
_MDD_JCT_CREDIBLE_PROGRAMS,Program Is Residential,
_MDD_JCT_CREDIBLE_PROGRAMS,Program Tx Setting,The treatment setting of a given time span. Options are inpatient or outpatient.
_MDD_JCT_CREDIBLE_PROGRAMS,Program Revenue Code,
_MDD_JCT_CREDIBLE_PROGRAMS,Program Created Date,The date the Program record was created.
_MDD_JCT_CREDIBLE_PROGRAMS,Program Created Date Fiscal Year,
_MDD_JCT_CREDIBLE_PROGRAMS,Program Created By Employee ID,Unique ID of the Program Created By Employee.
_MDD_JCT_CREDIBLE_PROGRAMS,Program Updated Date,The date the Program record was last updated.
_MDD_JCT_CREDIBLE_PROGRAMS,Program Updated Date Fiscal Year,
_MDD_JCT_CREDIBLE_PROGRAMS,Program Updated By Employee ID,Unique ID of the Program Updated By Employee.
_MDD_JCT_CREDIBLE_PROGRAMS,Program Active Episode Count,
_MDD_JCT_CREDIBLE_PROGRAMS,Program Active Client Assignment Count,
_MDD_JCT_CREDIBLE_PROGRAMS,Program Active Client Assignment Primary Count,
_MDD_JCT_CREDIBLE_PROGRAM_MEMBERSHIP_CLIENTS,Client ID,Unique ID of the Client.
_MDD_JCT_CREDIBLE_PROGRAM_MEMBERSHIP_CLIENTS,Program ID,Unique ID of the Program.
_MDD_JCT_CREDIBLE_PROGRAM_MEMBERSHIP_CLIENTS,Client ID External,
_MDD_JCT_CREDIBLE_PROGRAM_MEMBERSHIP_CLIENTS,Client ID Social Security Number,
_MDD_JCT_CREDIBLE_PROGRAM_MEMBERSHIP_CLIENTS,Client ID Fuzzy A2,
_MDD_JCT_CREDIBLE_PROGRAM_MEMBERSHIP_CLIENTS,Client ID JCT Fuzzy A0,
_MDD_JCT_CREDIBLE_PROGRAM_MEMBERSHIP_CLIENTS,Client ID JCT Fuzzy A1,
_MDD_JCT_CREDIBLE_PROGRAM_MEMBERSHIP_CLIENTS,Client Name First & Last,The client's name formatted as first and last.
_MDD_JCT_CREDIBLE_PROGRAM_MEMBERSHIP_CLIENTS,Client Name Last & First,"The client's name formatted as last, first."
_MDD_JCT_CREDIBLE_PROGRAM_MEMBERSHIP_CLIENTS,Client Name First & Last w/Initial,
_MDD_JCT_CREDIBLE_PROGRAM_MEMBERSHIP_CLIENTS,Client Name First & Last w/Initial & Client ID,Unique ID of the Client Name First & Last w/Initial & Client.
_MDD_JCT_CREDIBLE_PROGRAM_MEMBERSHIP_CLIENTS,Client Name Last & First w/Initial,
_MDD_JCT_CREDIBLE_PROGRAM_MEMBERSHIP_CLIENTS,Client Name Last & First w/Initial & Client ID,Unique ID of the Client Name Last & First w/Initial & Client.
_MDD_JCT_CREDIBLE_PROGRAM_MEMBERSHIP_CLIENTS,Client Name Middle,
_MDD_JCT_CREDIBLE_PROGRAM_MEMBERSHIP_CLIENTS,Client Name First,The client's first name.
_MDD_JCT_CREDIBLE_PROGRAM_MEMBERSHIP_CLIENTS,Client Name Last,The client's last name.
_MDD_JCT_CREDIBLE_PROGRAM_MEMBERSHIP_CLIENTS,Client Date of Birth,The client's date of birth.
_MDD_JCT_CREDIBLE_PROGRAM_MEMBERSHIP_CLIENTS,Client Date of Death,
_MDD_JCT_CREDIBLE_PROGRAM_MEMBERSHIP_CLIENTS,Client Admission Date,The date the client was admitted.
_MDD_JCT_CREDIBLE_PROGRAM_MEMBERSHIP_CLIENTS,Client Admission Date Fiscal Year,The fiscal year of the client admission date.
_MDD_JCT_CREDIBLE_PROGRAM_MEMBERSHIP_CLIENTS,Client Discharge Date,The date the client was discharged.
_MDD_JCT_CREDIBLE_PROGRAM_MEMBERSHIP_CLIENTS,Client Discharge Date Fiscal Year,The fiscal year of the client discharge date.
_MDD_JCT_CREDIBLE_PROGRAM_MEMBERSHIP_CLIENTS,Client Age in Hours,
_MDD_JCT_CREDIBLE_PROGRAM_MEMBERSHIP_CLIENTS,Client Age in Days,The client's age expressed in days based on date of birth.
_MDD_JCT_CREDIBLE_PROGRAM_MEMBERSHIP_CLIENTS,Client Age in Months,The client's age expressed in months based on date of birth.
_MDD_JCT_CREDIBLE_PROGRAM_MEMBERSHIP_CLIENTS,Client Age in Years,The client's age expressed in years based on date of birth.
_MDD_JCT_CREDIBLE_PROGRAM_MEMBERSHIP_CLIENTS,Client Age In Years Old Difference,
_MDD_JCT_CREDIBLE_PROGRAM_MEMBERSHIP_CLIENTS,Client Status,The client status value as recorded.
_MDD_JCT_CREDIBLE_PROGRAM_MEMBERSHIP_CLIENTS,Client Status ID,Unique ID of the Client Status.
_MDD_JCT_CREDIBLE_PROGRAM_MEMBERSHIP_CLIENTS,Client Is Active,Indicates whether the client is active.
_MDD_JCT_CREDIBLE_PROGRAM_MEMBERSHIP_CLIENTS,Client Is Inactive,Indicates whether the client is inactive.
_MDD_JCT_CREDIBLE_PROGRAM_MEMBERSHIP_CLIENTS,Client Is Pending,
_MDD_JCT_CREDIBLE_PROGRAM_MEMBERSHIP_CLIENTS,Client Visibility,
_MDD_JCT_CREDIBLE_PROGRAM_MEMBERSHIP_CLIENTS,Client Ethnicity 1,
_MDD_JCT_CREDIBLE_PROGRAM_MEMBERSHIP_CLIENTS,Client Ethnicity 1 ID,Unique ID of the Client Ethnicity 1.
_MDD_JCT_CREDIBLE_PROGRAM_MEMBERSHIP_CLIENTS,Client Ethnicity 1 Granular,
_MDD_JCT_CREDIBLE_PROGRAM_MEMBERSHIP_CLIENTS,Client Ethnicity 1 Granular ID,Unique ID of the Client Ethnicity 1 Granular.
_MDD_JCT_CREDIBLE_PROGRAM_MEMBERSHIP_CLIENTS,Client Race 1,
_MDD_JCT_CREDIBLE_PROGRAM_MEMBERSHIP_CLIENTS,Client Race 2,
_MDD_JCT_CREDIBLE_PROGRAM_MEMBERSHIP_CLIENTS,Client Race 3,
_MDD_JCT_CREDIBLE_PROGRAM_MEMBERSHIP_CLIENTS,Client Race 1 ID,Unique ID of the Client Race 1.
_MDD_JCT_CREDIBLE_PROGRAM_MEMBERSHIP_CLIENTS,Client Race 2 ID,Unique ID of the Client Race 2.
_MDD_JCT_CREDIBLE_PROGRAM_MEMBERSHIP_CLIENTS,Client Race 3 ID,Unique ID of the Client Race 3.
_MDD_JCT_CREDIBLE_PROGRAM_MEMBERSHIP_CLIENTS,Client Race Granular,
_MDD_JCT_CREDIBLE_PROGRAM_MEMBERSHIP_CLIENTS,Client Race Granular ID,Unique ID of the Client Race Granular.
_MDD_JCT_CREDIBLE_PROGRAM_MEMBERSHIP_CLIENTS,Client Preferred Language,
_MDD_JCT_CREDIBLE_PROGRAM_MEMBERSHIP_CLIENTS,Client Preferred Language ID,Unique ID of the Client Preferred Language.
_MDD_JCT_CREDIBLE_PROGRAM_MEMBERSHIP_CLIENTS,Client Sex,"The client's sex as recorded. QuickMAR does not provide separate source fields for sex and gender, so this value is sourced from the same underlying field as [Client Gender]."
_MDD_JCT_CREDIBLE_PROGRAM_MEMBERSHIP_CLIENTS,Client Sex ID,Unique ID of the Client Sex.
_MDD_JCT_CREDIBLE_PROGRAM_MEMBERSHIP_CLIENTS,Client Employment Status,
_MDD_JCT_CREDIBLE_PROGRAM_MEMBERSHIP_CLIENTS,Client Employment Status ID,Unique ID of the Client Employment Status.
_MDD_JCT_CREDIBLE_PROGRAM_MEMBERSHIP_CLIENTS,Client Gender Identity,
_MDD_JCT_CREDIBLE_PROGRAM_MEMBERSHIP_CLIENTS,Client Gender Identity ID,Unique ID of the Client Gender Identity.
_MDD_JCT_CREDIBLE_PROGRAM_MEMBERSHIP_CLIENTS,Client Marital Status,
_MDD_JCT_CREDIBLE_PROGRAM_MEMBERSHIP_CLIENTS,Client Marital Status ID,Unique ID of the Client Marital Status.
_MDD_JCT_CREDIBLE_PROGRAM_MEMBERSHIP_CLIENTS,Client Sexual Orientation,
_MDD_JCT_CREDIBLE_PROGRAM_MEMBERSHIP_CLIENTS,Client Sexual Orientation ID,Unique ID of the Client Sexual Orientation.
_MDD_JCT_CREDIBLE_PROGRAM_MEMBERSHIP_CLIENTS,Client Military Status,
_MDD_JCT_CREDIBLE_PROGRAM_MEMBERSHIP_CLIENTS,Client Military Status ID,Unique ID of the Client Military Status.
_MDD_JCT_CREDIBLE_PROGRAM_MEMBERSHIP_CLIENTS,Client Created Date,The date the Client record was created.
_MDD_JCT_CREDIBLE_PROGRAM_MEMBERSHIP_CLIENTS,Client Updated Date,The date the Client record was last updated.
_MDD_JCT_CREDIBLE_PROGRAM_MEMBERSHIP_CLIENTS,Client Programs,
_MDD_JCT_CREDIBLE_PROGRAM_MEMBERSHIP_CLIENTS,Client Teams,
_MDD_JCT_CREDIBLE_PROGRAM_MEMBERSHIP_CLIENTS,Client Referral NPI,
_MDD_JCT_CREDIBLE_PROGRAM_MEMBERSHIP_CLIENTS,Client Referral NPI Link,
_MDD_JCT_CREDIBLE_PROGRAM_MEMBERSHIP_CLIENTS,Client Age Group,
_MDD_JCT_CREDIBLE_PROGRAM_MEMBERSHIP_CLIENTS,Client Age Group Sort Order,
_MDD_JCT_CREDIBLE_PROGRAM_MEMBERSHIP_CLIENTS,Client Age In Years Old,
_MDD_JCT_CREDIBLE_PROGRAM_MEMBERSHIP_CLIENTS,Client ID FA0,
_MDD_JCT_CREDIBLE_PROGRAM_MEMBERSHIP_CLIENTS,Client ID FA1,
_MDD_JCT_CREDIBLE_PROGRAM_MEMBERSHIP_CLIENTS,Client Link,
_MDD_JCT_CREDIBLE_PROGRAM_MEMBERSHIP_CLIENTS,Client Link Schedule (1st Available),
_MDD_JCT_CREDIBLE_PROGRAM_MEMBERSHIP_CLIENTS,Client Link Add Service,
_MDD_JCT_CREDIBLE_PROGRAM_MEMBERSHIP_CLIENTS,Client Link Allergies,
_MDD_JCT_CREDIBLE_PROGRAM_MEMBERSHIP_CLIENTS,Client Link Amendments,
_MDD_JCT_CREDIBLE_PROGRAM_MEMBERSHIP_CLIENTS,Client Link Attachments,
_MDD_JCT_CREDIBLE_PROGRAM_MEMBERSHIP_CLIENTS,Client Link Authorizations,
_MDD_JCT_CREDIBLE_PROGRAM_MEMBERSHIP_CLIENTS,Client Link Bed Assignments,
_MDD_JCT_CREDIBLE_PROGRAM_MEMBERSHIP_CLIENTS,Client Link Client Profile Extended,
_MDD_JCT_CREDIBLE_PROGRAM_MEMBERSHIP_CLIENTS,Client Link Contacts,
_MDD_JCT_CREDIBLE_PROGRAM_MEMBERSHIP_CLIENTS,Client Link Claims,
_MDD_JCT_CREDIBLE_PROGRAM_MEMBERSHIP_CLIENTS,Client Link Links,
_MDD_JCT_CREDIBLE_PROGRAM_MEMBERSHIP_CLIENTS,Client Link Clinical Support,
_MDD_JCT_CREDIBLE_PROGRAM_MEMBERSHIP_CLIENTS,Client Link Tx Plan (Credible Plan),
_MDD_JCT_CREDIBLE_PROGRAM_MEMBERSHIP_CLIENTS,Client Link Dashboard,
_MDD_JCT_CREDIBLE_PROGRAM_MEMBERSHIP_CLIENTS,Client Link Diagnosis,
_MDD_JCT_CREDIBLE_PROGRAM_MEMBERSHIP_CLIENTS,Client Link eMAR Group,
_MDD_JCT_CREDIBLE_PROGRAM_MEMBERSHIP_CLIENTS,Client Link eMAR,
_MDD_JCT_CREDIBLE_PROGRAM_MEMBERSHIP_CLIENTS,Client Link Employee Assignments,
_MDD_JCT_CREDIBLE_PROGRAM_MEMBERSHIP_CLIENTS,Client Link Episodes,
_MDD_JCT_CREDIBLE_PROGRAM_MEMBERSHIP_CLIENTS,Client Link External Providers,
_MDD_JCT_CREDIBLE_PROGRAM_MEMBERSHIP_CLIENTS,Client Link Family,
_MDD_JCT_CREDIBLE_PROGRAM_MEMBERSHIP_CLIENTS,Client Link Form Groups,
_MDD_JCT_CREDIBLE_PROGRAM_MEMBERSHIP_CLIENTS,Client Link GeoAreeas,
_MDD_JCT_CREDIBLE_PROGRAM_MEMBERSHIP_CLIENTS,Client Link Implantable Devices,
_MDD_JCT_CREDIBLE_PROGRAM_MEMBERSHIP_CLIENTS,Client Link Insurance,
_MDD_JCT_CREDIBLE_PROGRAM_MEMBERSHIP_CLIENTS,Client Link Ledger,
_MDD_JCT_CREDIBLE_PROGRAM_MEMBERSHIP_CLIENTS,Client Link Liability,
_MDD_JCT_CREDIBLE_PROGRAM_MEMBERSHIP_CLIENTS,Client Link Log,
_MDD_JCT_CREDIBLE_PROGRAM_MEMBERSHIP_CLIENTS,Client Link Medical Profile,
_MDD_JCT_CREDIBLE_PROGRAM_MEMBERSHIP_CLIENTS,Client Link Medications,
_MDD_JCT_CREDIBLE_PROGRAM_MEMBERSHIP_CLIENTS,Client Link Notes,
_MDD_JCT_CREDIBLE_PROGRAM_MEMBERSHIP_CLIENTS,Client Link Notification,
_MDD_JCT_CREDIBLE_PROGRAM_MEMBERSHIP_CLIENTS,Client Link Orders,
_MDD_JCT_CREDIBLE_PROGRAM_MEMBERSHIP_CLIENTS,Client Link Overview,
_MDD_JCT_CREDIBLE_PROGRAM_MEMBERSHIP_CLIENTS,Client Link Payments,
_MDD_JCT_CREDIBLE_PROGRAM_MEMBERSHIP_CLIENTS,Client Link Payment Plans,
_MDD_JCT_CREDIBLE_PROGRAM_MEMBERSHIP_CLIENTS,Client Link Program,
_MDD_JCT_CREDIBLE_PROGRAM_MEMBERSHIP_CLIENTS,Client Link Profile,
_MDD_JCT_CREDIBLE_PROGRAM_MEMBERSHIP_CLIENTS,Client Link Schedule,
_MDD_JCT_CREDIBLE_PROGRAM_MEMBERSHIP_CLIENTS,Client Link Service List,
_MDD_JCT_CREDIBLE_PROGRAM_MEMBERSHIP_CLIENTS,Client Link Schedule Grp,
_MDD_JCT_CREDIBLE_PROGRAM_MEMBERSHIP_CLIENTS,Client Link Team,
_MDD_JCT_CREDIBLE_PROGRAM_MEMBERSHIP_CLIENTS,Client Link Users,
_MDD_JCT_CREDIBLE_PROGRAM_MEMBERSHIP_CLIENTS,Client Link Warnings,
_MDD_JCT_CREDIBLE_PROGRAM_MEMBERSHIP_CLIENTS,Client Assigned Users Active Primary Count,
_MDD_JCT_CREDIBLE_PROGRAM_MEMBERSHIP_CLIENTS,Client Assigned Users Primary Count,
_MDD_JCT_CREDIBLE_PROGRAM_MEMBERSHIP_CLIENTS,Client Assigned Employees Primary,
_MDD_JCT_CREDIBLE_PROGRAM_MEMBERSHIP_CLIENTS,Client Assigned Users Primary,
_MDD_JCT_CREDIBLE_PROGRAM_MEMBERSHIP_CLIENTS,Client Assigned Users Active Primary,
_MDD_JCT_CREDIBLE_PROGRAM_MEMBERSHIP_CLIENTS,Client Address Primary ID Fuzzy A0,
_MDD_JCT_CREDIBLE_PROGRAM_MEMBERSHIP_CLIENTS,Client Address Primary 1,
_MDD_JCT_CREDIBLE_PROGRAM_MEMBERSHIP_CLIENTS,Client Address Primary 2,
_MDD_JCT_CREDIBLE_PROGRAM_MEMBERSHIP_CLIENTS,Client Address Primary City,
_MDD_JCT_CREDIBLE_PROGRAM_MEMBERSHIP_CLIENTS,Client Address Primary State,
_MDD_JCT_CREDIBLE_PROGRAM_MEMBERSHIP_CLIENTS,Client Address Primary Zip,
_MDD_JCT_CREDIBLE_PROGRAM_MEMBERSHIP_CLIENTS,Client Address Primary County,
_MDD_JCT_CREDIBLE_PROGRAM_MEMBERSHIP_CLIENTS,Client Address Primary Country,
_MDD_JCT_CREDIBLE_PROGRAM_MEMBERSHIP_CLIENTS,Client Address Billing 1,
_MDD_JCT_CREDIBLE_PROGRAM_MEMBERSHIP_CLIENTS,Client Address Billing 2,
_MDD_JCT_CREDIBLE_PROGRAM_MEMBERSHIP_CLIENTS,Client Address Billing City,
_MDD_JCT_CREDIBLE_PROGRAM_MEMBERSHIP_CLIENTS,Client Address Billing State,
_MDD_JCT_CREDIBLE_PROGRAM_MEMBERSHIP_CLIENTS,Client Address Billing Zip,
_MDD_JCT_CREDIBLE_PROGRAM_MEMBERSHIP_CLIENTS,Client Address Billing County,
_MDD_JCT_CREDIBLE_PROGRAM_MEMBERSHIP_CLIENTS,Client Address Billing Country,
_MDD_JCT_CREDIBLE_PROGRAM_MEMBERSHIP_CLIENTS,Client Phone Home Fuzzy A0,
_MDD_JCT_CREDIBLE_PROGRAM_MEMBERSHIP_CLIENTS,Client Phone Home,
_MDD_JCT_CREDIBLE_PROGRAM_MEMBERSHIP_CLIENTS,Client Phone Mobile Fuzzy A0,
_MDD_JCT_CREDIBLE_PROGRAM_MEMBERSHIP_CLIENTS,Client Phone Mobile,
_MDD_JCT_CREDIBLE_PROGRAM_MEMBERSHIP_USERS,User ID,Unique ID of the User.
_MDD_JCT_CREDIBLE_PROGRAM_MEMBERSHIP_USERS,Program ID,Unique ID of the Program.
_MDD_JCT_CREDIBLE_RACE,Race ID,Unique ID of the Race.
_MDD_JCT_CREDIBLE_RACE,Race ID Fuzzy A0,
_MDD_JCT_CREDIBLE_RACE,Object Category,
_MDD_JCT_CREDIBLE_RACE,Object Category ID,Unique ID of the Object Category.
_MDD_JCT_CREDIBLE_RACE,Object ID,Unique ID of the Object.
_MDD_JCT_CREDIBLE_RACE,Race Type,
_MDD_JCT_CREDIBLE_RACE,Race Lookup ID,Unique ID of the Race Lookup.
_MDD_JCT_CREDIBLE_RACE,Race,
_MDD_JCT_CREDIBLE_RACE,Race Type ID,Unique ID of the Race Type.
_MDD_JCT_CREDIBLE_RACE_CLIENT_1,Client ID,Unique ID of the Client.
_MDD_JCT_CREDIBLE_RACE_CLIENT_1,Client Race 1 ID Fuzzy A0,
_MDD_JCT_CREDIBLE_RACE_CLIENT_1,Client Race 1,
_MDD_JCT_CREDIBLE_RACE_CLIENT_2,Client ID,Unique ID of the Client.
_MDD_JCT_CREDIBLE_RACE_CLIENT_2,Client Race 1 ID Fuzzy A0,
_MDD_JCT_CREDIBLE_RACE_CLIENT_2,Client Race 2,
_MDD_JCT_CREDIBLE_RACE_CLIENT_3,Client ID,Unique ID of the Client.
_MDD_JCT_CREDIBLE_RACE_CLIENT_3,Client Race 1 ID Fuzzy A0,
_MDD_JCT_CREDIBLE_RACE_CLIENT_3,Client Race 3,
_MDD_JCT_CREDIBLE_RACE_CLIENT_4,Client ID,Unique ID of the Client.
_MDD_JCT_CREDIBLE_RACE_CLIENT_4,Client Race 1 ID Fuzzy A0,
_MDD_JCT_CREDIBLE_RACE_CLIENT_4,Client Race 3,
_MDD_JCT_CREDIBLE_RECIPIENTS,Recipient ID,Unique ID of the Recipient.
_MDD_JCT_CREDIBLE_RECIPIENTS,Recipient Code,
_MDD_JCT_CREDIBLE_RECIPIENTS,Recipient Name,
_MDD_JCT_CREDIBLE_RLS_BY_CLIENT_ASSIGNMENT,Client ID,Unique ID of the Client.
_MDD_JCT_CREDIBLE_RLS_BY_CLIENT_ASSIGNMENT,RLS String,
_MDD_JCT_CREDIBLE_RLS_BY_CLIENT_ASSIGNMENT_WITH_SUP,Client ID,Unique ID of the Client.
_MDD_JCT_CREDIBLE_RLS_BY_CLIENT_ASSIGNMENT_WITH_SUP,RLS String,
_MDD_JCT_CREDIBLE_RLS_BY_CREDIBLE_MIRROR,Client ID,Unique ID of the Client.
_MDD_JCT_CREDIBLE_RLS_BY_CREDIBLE_MIRROR,RLS String,
_MDD_JCT_CREDIBLE_RLS_BY_CREDIBLE_MIRROR_WITH_SUP,Client ID,Unique ID of the Client.
_MDD_JCT_CREDIBLE_RLS_BY_CREDIBLE_MIRROR_WITH_SUP,RLS String,
_MDD_JCT_CREDIBLE_RLS_BY_EMPLOYEE_SUPERVISOR,User ID,Unique ID of the User.
_MDD_JCT_CREDIBLE_RLS_BY_EMPLOYEE_SUPERVISOR,RLS String,
_MDD_JCT_CREDIBLE_RLS_BY_PROGRAM_ASSIGNMENT,Client ID,Unique ID of the Client.
_MDD_JCT_CREDIBLE_RLS_BY_PROGRAM_ASSIGNMENT,RLS String,
_MDD_JCT_CREDIBLE_RLS_BY_PROGRAM_ASSIGNMENT_WITH_SUP,Client ID,Unique ID of the Client.
_MDD_JCT_CREDIBLE_RLS_BY_PROGRAM_ASSIGNMENT_WITH_SUP,RLS String,
_MDD_JCT_CREDIBLE_RLS_CLIENT_HIERARCHY,Client ID,Unique ID of the Client.
_MDD_JCT_CREDIBLE_RLS_CLIENT_HIERARCHY,User ID,Unique ID of the User.
_MDD_JCT_CREDIBLE_RLS_MIRROR_HIERARCHY,Client ID,Unique ID of the Client.
_MDD_JCT_CREDIBLE_RLS_MIRROR_HIERARCHY,User ID,Unique ID of the User.
_MDD_JCT_CREDIBLE_RLS_PROGRAM_HIERARCHY,Client ID,Unique ID of the Client.
_MDD_JCT_CREDIBLE_RLS_PROGRAM_HIERARCHY,User ID,Unique ID of the User.
_MDD_JCT_CREDIBLE_RLS_SUPERVISORY_HIERARCHY,User ID,Unique ID of the User.
_MDD_JCT_CREDIBLE_RLS_SUPERVISORY_HIERARCHY,Supervisor User ID,Unique ID of the Supervisor User.
_MDD_JCT_CREDIBLE_RLS_UPNS,User ID,Unique ID of the User.
_MDD_JCT_CREDIBLE_RLS_UPNS,User Email Primary,
_MDD_JCT_CREDIBLE_SCHEDULER,Plan ID,Unique ID of the Plan.
_MDD_JCT_CREDIBLE_SCHEDULER,Client ID,Unique ID of the Client.
_MDD_JCT_CREDIBLE_SCHEDULER,Program ID,Unique ID of the Program.
_MDD_JCT_CREDIBLE_SCHEDULER,Appointment Start,
_MDD_JCT_CREDIBLE_SCHEDULER,Appointment End,
_MDD_JCT_CREDIBLE_SCHEDULER,Appointment Start Date,
_MDD_JCT_CREDIBLE_SUPERVISORY_RELATIONSHIPS,Supervisor User ID,Unique ID of the Supervisor User.
_MDD_JCT_CREDIBLE_SUPERVISORY_RELATIONSHIPS,User ID,Unique ID of the User.
_MDD_JCT_CREDIBLE_SUPERVISORY_RELATIONSHIPS,Supervisory Relationship Type,
_MDD_JCT_CREDIBLE_SUPERVISORY_RELATIONSHIPS,Supervisor Name,
_MDD_JCT_CREDIBLE_SUPERVISORY_RELATIONSHIPS,Supervisor Email Primary,
_MDD_JCT_CREDIBLE_SUPERVISORY_RELATIONSHIPS,Supervisor Job Title,
_MDD_JCT_CREDIBLE_SUPERVISORY_RELATIONSHIPS,Employee Name,
_MDD_JCT_CREDIBLE_SUPERVISORY_RELATIONSHIPS,Employee Email Primary,
_MDD_JCT_CREDIBLE_SUPERVISORY_RELATIONSHIPS,Employee Job Title,
_MDD_JCT_CREDIBLE_TEAMS,Team ID,Unique ID of the Team.
_MDD_JCT_CREDIBLE_TEAMS,Team ID External,The unique ID of the entity in an external system.
_MDD_JCT_CREDIBLE_TEAMS,Team Name,
_MDD_JCT_CREDIBLE_TEAMS,Team Is Residential,
_MDD_JCT_CREDIBLE_TEAMS,Team Tx Setting,The treatment setting of a given time span. Options are inpatient or outpatient.
_MDD_JCT_CREDIBLE_TEAMS,Team Created Date,The date the Team record was created.
_MDD_JCT_CREDIBLE_TEAMS,Team Created Date Fiscal Year,
_MDD_JCT_CREDIBLE_TEAMS,Team Created By Employee ID,Unique ID of the Team Created By Employee.
_MDD_JCT_CREDIBLE_TEAMS,Team Updated Date,The date the Team record was last updated.
_MDD_JCT_CREDIBLE_TEAMS,Team Updated Date Fiscal Year,
_MDD_JCT_CREDIBLE_TEAMS,Team Updated By Employee ID,Unique ID of the Team Updated By Employee.
_MDD_JCT_CREDIBLE_TEAMS,Team Address 1,
_MDD_JCT_CREDIBLE_TEAMS,Team Address 2,
_MDD_JCT_CREDIBLE_TEAMS,Team Address City,
_MDD_JCT_CREDIBLE_TEAMS,Team Address State,
_MDD_JCT_CREDIBLE_TEAMS,Team Address Zip,
_MDD_JCT_CREDIBLE_TEAMS,Team Address Country,
_MDD_JCT_CREDIBLE_TEAMS,Team Phone Work,
_MDD_JCT_CREDIBLE_TEAMS,Team Phone Fax,
_MDD_JCT_CREDIBLE_TEAMS,Team Leader User ID,Unique ID of the Team Leader User.
_MDD_JCT_CREDIBLE_TEAMS,Team Leader User ID External,
_MDD_JCT_CREDIBLE_TEAMS,Team Leader User Status,
_MDD_JCT_CREDIBLE_TEAMS,Team Leader User Status ID,Unique ID of the Team Leader User Status.
_MDD_JCT_CREDIBLE_TEAMS,Team Leader User Employment Status,
_MDD_JCT_CREDIBLE_TEAMS,Team Leader User Account Enabled,
_MDD_JCT_CREDIBLE_TEAMS,Team Leader User Name First & Last,
_MDD_JCT_CREDIBLE_TEAMS,Team Leader User Name Last & First,
_MDD_JCT_CREDIBLE_TEAMS,Team Leader Employee Name First & Last & Employee ID,Unique ID of the Team Leader Employee Name First & Last & Employee.
_MDD_JCT_CREDIBLE_TEAMS,Team Leader User Name First & Last & User ID,Unique ID of the Team Leader User Name First & Last & User.
_MDD_JCT_CREDIBLE_TEAMS,Team Leader User Name First & Last w/Initial,
_MDD_JCT_CREDIBLE_TEAMS,Team Leader User Name Last & First w/Initial,
_MDD_JCT_CREDIBLE_TEAMS,Team Leader User Name Initials,
_MDD_JCT_CREDIBLE_TEAMS,Team Leader User Name Middle,
_MDD_JCT_CREDIBLE_TEAMS,Team Leader User Name First,The team leader user's first name.
_MDD_JCT_CREDIBLE_TEAMS,Team Leader User Name Last,The team leader user's last name.
_MDD_JCT_CREDIBLE_TEAMS,Team Leader User Job Title,
_MDD_JCT_CREDIBLE_TEAMS,Team Leader User Job Title ID,Unique ID of the Team Leader User Job Title.
_MDD_JCT_CREDIBLE_TEAMS,Team Leader User Email Primary,
_MDD_JCT_CREDIBLE_TEAMS,Team Leader User Email Secondary,
_MDD_JCT_CREDIBLE_TEAMS,Team Leader User Username,
_MDD_JCT_CREDIBLE_TEAMS,Team Leader User Username SSO,
_MDD_JCT_CREDIBLE_TEAMS,Team Leader User Username SSO PIN Set,
_MDD_JCT_CREDIBLE_TEAMS,Team Leader User DOB,
_MDD_JCT_CREDIBLE_TEAMS,Team Leader User Age in Hours,
_MDD_JCT_CREDIBLE_TEAMS,Team Leader User Age in Days,
_MDD_JCT_CREDIBLE_TEAMS,Team Leader User Age in Months,
_MDD_JCT_CREDIBLE_TEAMS,Team Leader User Age in Years,
_MDD_JCT_CREDIBLE_TEAMS,Team Leader User Age In Years Old,
_MDD_JCT_CREDIBLE_TEAMS,Team Leader User Hire Date,
_MDD_JCT_CREDIBLE_TEAMS,Team Leader User Hire Date Fiscal Year,
_MDD_JCT_CREDIBLE_TEAMS,Team Leader User Termination Date,
_MDD_JCT_CREDIBLE_TEAMS,Team Leader User Termination Date Fiscal Year,
_MDD_JCT_CREDIBLE_TEAMS,Team Leader User Termination Status,
_MDD_JCT_CREDIBLE_TEAMS,Team Leader User Tenure Today Days,
_MDD_JCT_CREDIBLE_TEAMS,Team Leader User Tenure Today Years,
_MDD_JCT_CREDIBLE_TEAMS,Team Leader User Role,
_MDD_JCT_CREDIBLE_TEAMS,Team Leader User Last Login,
_MDD_JCT_CREDIBLE_TEAMS,Team Leader User Next Lockout Date,
_MDD_JCT_CREDIBLE_TEAMS,Team Leader User Next Lockout Days Away,
_MDD_JCT_CREDIBLE_TEAMS,Team Leader User Last Login Days Ago,
_MDD_JCT_CREDIBLE_TEAMS,Team Leader User Is Vendor User,
_MDD_JCT_CREDIBLE_TEAMS,Team Leader User Is External User,
_MDD_JCT_CREDIBLE_TEAMS,Team Leader User Is Vendor,
_MDD_JCT_CREDIBLE_TEAMS,Team Leader User Is External,
_MDD_JCT_CREDIBLE_TEAMS,Team Leader User Address 1,
_MDD_JCT_CREDIBLE_TEAMS,Team Leader User Address 2,
_MDD_JCT_CREDIBLE_TEAMS,Team Leader User Address City,
_MDD_JCT_CREDIBLE_TEAMS,Team Leader User Address State,
_MDD_JCT_CREDIBLE_TEAMS,Team Leader User Address Zip,
_MDD_JCT_CREDIBLE_TEAMS,Team Leader User Address Country,
_MDD_JCT_CREDIBLE_TEAMS,Team Leader User Phone Home,
_MDD_JCT_CREDIBLE_TEAMS,Team Leader User Phone Work,
_MDD_JCT_CREDIBLE_TEAMS,Team Leader User Phone Cell,
_MDD_JCT_CREDIBLE_TEAMS,Team Leader User Phone Emergency,
_MDD_JCT_CREDIBLE_TEAMS,Team Leader User Phone Fax,
_MDD_JCT_CREDIBLE_TEAMS,Team Leader User Notes,
_MDD_JCT_CREDIBLE_TEAMS,Team Leader User Gender,
_MDD_JCT_CREDIBLE_TEAMS,Team Leader User Gender ID,Unique ID of the Team Leader User Gender.
_MDD_JCT_CREDIBLE_TEAMS,Team Leader User Gender Identity,
_MDD_JCT_CREDIBLE_TEAMS,Team Leader User Gender Identity ID,Unique ID of the Team Leader User Gender Identity.
_MDD_JCT_CREDIBLE_TEAMS,Team Leader User Created Date,The date the Team Leader User record was created.
_MDD_JCT_CREDIBLE_TEAMS,Team Leader User Created By User ID,Unique ID of the Team Leader User Created By User.
_MDD_JCT_CREDIBLE_TEAMS,Team Leader User Updated Date,The date the Team Leader User record was last updated.
_MDD_JCT_CREDIBLE_TEAMS,Team Leader User Department,
_MDD_JCT_CREDIBLE_TEAMS,Team Leader User Company,
_MDD_JCT_CREDIBLE_TEAMS,Team Leader User Employment Type,
_MDD_JCT_CREDIBLE_TEAMS,Team Leader User Client Assignment Active Primary Count,
_MDD_JCT_CREDIBLE_TEAMS,Team Leader User ID Provider Number,
_MDD_JCT_CREDIBLE_TEAMS,Team Leader User NPI Number,
_MDD_JCT_CREDIBLE_TEAMS,Team Leader User Role Client Care,
_MDD_JCT_CREDIBLE_TEAMS,Team Leader User NPI Number Link,
_MDD_JCT_CREDIBLE_TEAMS,Team Leader User Link Add Service,
_MDD_JCT_CREDIBLE_TEAMS,Team Leader User Link Admin Time,
_MDD_JCT_CREDIBLE_TEAMS,Team Leader User Link Attachments,
_MDD_JCT_CREDIBLE_TEAMS,Team Leader User Link Billing Groups,
_MDD_JCT_CREDIBLE_TEAMS,Team Leader User Link Client Note Log,
_MDD_JCT_CREDIBLE_TEAMS,Team Leader User Link Client,
_MDD_JCT_CREDIBLE_TEAMS,Team Leader User Link Config,
_MDD_JCT_CREDIBLE_TEAMS,Team Leader User Link Credentials,
_MDD_JCT_CREDIBLE_TEAMS,Team Leader User Link Dashboard,
_MDD_JCT_CREDIBLE_TEAMS,Team Leader User Link eMAR,
_MDD_JCT_CREDIBLE_TEAMS,Team Leader User Link eMAR Group,
_MDD_JCT_CREDIBLE_TEAMS,Team Leader User Link Forms,
_MDD_JCT_CREDIBLE_TEAMS,Team Leader User Link GeoAreas,
_MDD_JCT_CREDIBLE_TEAMS,Team Leader User Link Log,
_MDD_JCT_CREDIBLE_TEAMS,Team Leader User Link Login,
_MDD_JCT_CREDIBLE_TEAMS,Team Leader User Link Medications,
_MDD_JCT_CREDIBLE_TEAMS,Team Leader User Link Message Log,
_MDD_JCT_CREDIBLE_TEAMS,Team Leader User Link MessagingHub,
_MDD_JCT_CREDIBLE_TEAMS,Team Leader User Link Notes,
_MDD_JCT_CREDIBLE_TEAMS,Team Leader User Link Notification,
_MDD_JCT_CREDIBLE_TEAMS,Team Leader User Link Overview,
_MDD_JCT_CREDIBLE_TEAMS,Team Leader User Link Password,
_MDD_JCT_CREDIBLE_TEAMS,Team Leader User Link Provider Profile,
_MDD_JCT_CREDIBLE_TEAMS,Team Leader User Link Profile,
_MDD_JCT_CREDIBLE_TEAMS,Team Leader User Link Program,
_MDD_JCT_CREDIBLE_TEAMS,Team Leader User Link Schedule,
_MDD_JCT_CREDIBLE_TEAMS,Team Leader User Link Service List,
_MDD_JCT_CREDIBLE_TEAMS,Team Leader User Link Supervisor,
_MDD_JCT_CREDIBLE_TEAMS,Team Leader User Link Team,
_MDD_JCT_CREDIBLE_TEAMS,Team Leader User Link To Do List,
_MDD_JCT_CREDIBLE_TEAMS,Team Leader User Link Work Hours,
_MDD_JCT_CREDIBLE_TEAMS,Team Leader User Link Work Sched,
_MDD_JCT_CREDIBLE_TEAM_MEMBERSHIPS_USERS,Team ID,Unique ID of the Team.
_MDD_JCT_CREDIBLE_TEAM_MEMBERSHIPS_USERS,User ID,Unique ID of the User.
_MDD_JCT_CREDIBLE_TEAM_MEMBERSHIPS_USERS,Team Membership User Is Team Leader,
_MDD_JCT_CREDIBLE_TEAM_MEMBERSHIPS_USERS,Team Membership Is Primary for User,
_MDD_JCT_CREDIBLE_TEAM_MEMBERSHIPS_USERS,Team Membership Is Inactive,
_MDD_JCT_CREDIBLE_TEAM_MEMBERSHIPS_USERS,Team ID External,
_MDD_JCT_CREDIBLE_TEAM_MEMBERSHIPS_USERS,Team Name,
_MDD_JCT_CREDIBLE_TEAM_MEMBERSHIPS_USERS,Team Is Residential,
_MDD_JCT_CREDIBLE_TEAM_MEMBERSHIPS_USERS,Team Tx Setting,
_MDD_JCT_CREDIBLE_TEAM_MEMBERSHIPS_USERS,Team Created Date,The date the Team record was created.
_MDD_JCT_CREDIBLE_TEAM_MEMBERSHIPS_USERS,Team Created Date Fiscal Year,
_MDD_JCT_CREDIBLE_TEAM_MEMBERSHIPS_USERS,Team Created By Employee ID,Unique ID of the Team Created By Employee.
_MDD_JCT_CREDIBLE_TEAM_MEMBERSHIPS_USERS,Team Updated Date,The date the Team record was last updated.
_MDD_JCT_CREDIBLE_TEAM_MEMBERSHIPS_USERS,Team Updated Date Fiscal Year,
_MDD_JCT_CREDIBLE_TEAM_MEMBERSHIPS_USERS,Team Updated By Employee ID,Unique ID of the Team Updated By Employee.
_MDD_JCT_CREDIBLE_TEAM_MEMBERSHIPS_USERS,Team Address 1,
_MDD_JCT_CREDIBLE_TEAM_MEMBERSHIPS_USERS,Team Address 2,
_MDD_JCT_CREDIBLE_TEAM_MEMBERSHIPS_USERS,Team Address City,
_MDD_JCT_CREDIBLE_TEAM_MEMBERSHIPS_USERS,Team Address State,
_MDD_JCT_CREDIBLE_TEAM_MEMBERSHIPS_USERS,Team Address Zip,
_MDD_JCT_CREDIBLE_TEAM_MEMBERSHIPS_USERS,Team Address Country,
_MDD_JCT_CREDIBLE_TEAM_MEMBERSHIPS_USERS,Team Phone Work,
_MDD_JCT_CREDIBLE_TEAM_MEMBERSHIPS_USERS,Team Phone Fax,
_MDD_JCT_CREDIBLE_TEAM_MEMBERSHIPS_USERS,Team Leader User ID,Unique ID of the Team Leader User.
_MDD_JCT_CREDIBLE_TEAM_MEMBERSHIPS_USERS,Team Leader User ID External,
_MDD_JCT_CREDIBLE_TEAM_MEMBERSHIPS_USERS,Team Leader User Status,
_MDD_JCT_CREDIBLE_TEAM_MEMBERSHIPS_USERS,Team Leader User Status ID,Unique ID of the Team Leader User Status.
_MDD_JCT_CREDIBLE_TEAM_MEMBERSHIPS_USERS,Team Leader User Employment Status,
_MDD_JCT_CREDIBLE_TEAM_MEMBERSHIPS_USERS,Team Leader User Account Enabled,
_MDD_JCT_CREDIBLE_TEAM_MEMBERSHIPS_USERS,Team Leader User Name First & Last,
_MDD_JCT_CREDIBLE_TEAM_MEMBERSHIPS_USERS,Team Leader User Name Last & First,
_MDD_JCT_CREDIBLE_TEAM_MEMBERSHIPS_USERS,Team Leader Employee Name First & Last & Employee ID,Unique ID of the Team Leader Employee Name First & Last & Employee.
_MDD_JCT_CREDIBLE_TEAM_MEMBERSHIPS_USERS,Team Leader User Name First & Last & User ID,Unique ID of the Team Leader User Name First & Last & User.
_MDD_JCT_CREDIBLE_TEAM_MEMBERSHIPS_USERS,Team Leader User Name First & Last w/Initial,
_MDD_JCT_CREDIBLE_TEAM_MEMBERSHIPS_USERS,Team Leader User Name Last & First w/Initial,
_MDD_JCT_CREDIBLE_TEAM_MEMBERSHIPS_USERS,Team Leader User Name Initials,
_MDD_JCT_CREDIBLE_TEAM_MEMBERSHIPS_USERS,Team Leader User Name Middle,
_MDD_JCT_CREDIBLE_TEAM_MEMBERSHIPS_USERS,Team Leader User Name First,The team leader user's first name.
_MDD_JCT_CREDIBLE_TEAM_MEMBERSHIPS_USERS,Team Leader User Name Last,The team leader user's last name.
_MDD_JCT_CREDIBLE_TEAM_MEMBERSHIPS_USERS,Team Leader User Job Title,
_MDD_JCT_CREDIBLE_TEAM_MEMBERSHIPS_USERS,Team Leader User Job Title ID,Unique ID of the Team Leader User Job Title.
_MDD_JCT_CREDIBLE_TEAM_MEMBERSHIPS_USERS,Team Leader User Email Primary,
_MDD_JCT_CREDIBLE_TEAM_MEMBERSHIPS_USERS,Team Leader User Email Secondary,
_MDD_JCT_CREDIBLE_TEAM_MEMBERSHIPS_USERS,Team Leader User Username,
_MDD_JCT_CREDIBLE_TEAM_MEMBERSHIPS_USERS,Team Leader User Username SSO,
_MDD_JCT_CREDIBLE_TEAM_MEMBERSHIPS_USERS,Team Leader User Username SSO PIN Set,
_MDD_JCT_CREDIBLE_TEAM_MEMBERSHIPS_USERS,Team Leader User DOB,
_MDD_JCT_CREDIBLE_TEAM_MEMBERSHIPS_USERS,Team Leader User Age in Hours,
_MDD_JCT_CREDIBLE_TEAM_MEMBERSHIPS_USERS,Team Leader User Age in Days,
_MDD_JCT_CREDIBLE_TEAM_MEMBERSHIPS_USERS,Team Leader User Age in Months,
_MDD_JCT_CREDIBLE_TEAM_MEMBERSHIPS_USERS,Team Leader User Age in Years,
_MDD_JCT_CREDIBLE_TEAM_MEMBERSHIPS_USERS,Team Leader User Age In Years Old,
_MDD_JCT_CREDIBLE_TEAM_MEMBERSHIPS_USERS,Team Leader User Hire Date,
_MDD_JCT_CREDIBLE_TEAM_MEMBERSHIPS_USERS,Team Leader User Hire Date Fiscal Year,
_MDD_JCT_CREDIBLE_TEAM_MEMBERSHIPS_USERS,Team Leader User Termination Date,
_MDD_JCT_CREDIBLE_TEAM_MEMBERSHIPS_USERS,Team Leader User Termination Date Fiscal Year,
_MDD_JCT_CREDIBLE_TEAM_MEMBERSHIPS_USERS,Team Leader User Termination Status,
_MDD_JCT_CREDIBLE_TEAM_MEMBERSHIPS_USERS,Team Leader User Tenure Today Days,
_MDD_JCT_CREDIBLE_TEAM_MEMBERSHIPS_USERS,Team Leader User Tenure Today Years,
_MDD_JCT_CREDIBLE_TEAM_MEMBERSHIPS_USERS,Team Leader User Role,
_MDD_JCT_CREDIBLE_TEAM_MEMBERSHIPS_USERS,Team Leader User Last Login,
_MDD_JCT_CREDIBLE_TEAM_MEMBERSHIPS_USERS,Team Leader User Next Lockout Date,
_MDD_JCT_CREDIBLE_TEAM_MEMBERSHIPS_USERS,Team Leader User Next Lockout Days Away,
_MDD_JCT_CREDIBLE_TEAM_MEMBERSHIPS_USERS,Team Leader User Last Login Days Ago,
_MDD_JCT_CREDIBLE_TEAM_MEMBERSHIPS_USERS,Team Leader User Is Vendor User,
_MDD_JCT_CREDIBLE_TEAM_MEMBERSHIPS_USERS,Team Leader User Is External User,
_MDD_JCT_CREDIBLE_TEAM_MEMBERSHIPS_USERS,Team Leader User Is Vendor,
_MDD_JCT_CREDIBLE_TEAM_MEMBERSHIPS_USERS,Team Leader User Is External,
_MDD_JCT_CREDIBLE_TEAM_MEMBERSHIPS_USERS,Team Leader User Address 1,
_MDD_JCT_CREDIBLE_TEAM_MEMBERSHIPS_USERS,Team Leader User Address 2,
_MDD_JCT_CREDIBLE_TEAM_MEMBERSHIPS_USERS,Team Leader User Address City,
_MDD_JCT_CREDIBLE_TEAM_MEMBERSHIPS_USERS,Team Leader User Address State,
_MDD_JCT_CREDIBLE_TEAM_MEMBERSHIPS_USERS,Team Leader User Address Zip,
_MDD_JCT_CREDIBLE_TEAM_MEMBERSHIPS_USERS,Team Leader User Address Country,
_MDD_JCT_CREDIBLE_TEAM_MEMBERSHIPS_USERS,Team Leader User Phone Home,
_MDD_JCT_CREDIBLE_TEAM_MEMBERSHIPS_USERS,Team Leader User Phone Work,
_MDD_JCT_CREDIBLE_TEAM_MEMBERSHIPS_USERS,Team Leader User Phone Cell,
_MDD_JCT_CREDIBLE_TEAM_MEMBERSHIPS_USERS,Team Leader User Phone Emergency,
_MDD_JCT_CREDIBLE_TEAM_MEMBERSHIPS_USERS,Team Leader User Phone Fax,
_MDD_JCT_CREDIBLE_TEAM_MEMBERSHIPS_USERS,Team Leader User Notes,
_MDD_JCT_CREDIBLE_TEAM_MEMBERSHIPS_USERS,Team Leader User Gender,
_MDD_JCT_CREDIBLE_TEAM_MEMBERSHIPS_USERS,Team Leader User Gender ID,Unique ID of the Team Leader User Gender.
_MDD_JCT_CREDIBLE_TEAM_MEMBERSHIPS_USERS,Team Leader User Gender Identity,
_MDD_JCT_CREDIBLE_TEAM_MEMBERSHIPS_USERS,Team Leader User Gender Identity ID,Unique ID of the Team Leader User Gender Identity.
_MDD_JCT_CREDIBLE_TEAM_MEMBERSHIPS_USERS,Team Leader User Created Date,The date the Team Leader User record was created.
_MDD_JCT_CREDIBLE_TEAM_MEMBERSHIPS_USERS,Team Leader User Created By User ID,Unique ID of the Team Leader User Created By User.
_MDD_JCT_CREDIBLE_TEAM_MEMBERSHIPS_USERS,Team Leader User Updated Date,The date the Team Leader User record was last updated.
_MDD_JCT_CREDIBLE_TEAM_MEMBERSHIPS_USERS,Team Leader User Department,
_MDD_JCT_CREDIBLE_TEAM_MEMBERSHIPS_USERS,Team Leader User Company,
_MDD_JCT_CREDIBLE_TEAM_MEMBERSHIPS_USERS,Team Leader User Employment Type,
_MDD_JCT_CREDIBLE_TEAM_MEMBERSHIPS_USERS,Team Leader User Client Assignment Active Primary Count,
_MDD_JCT_CREDIBLE_TEAM_MEMBERSHIPS_USERS,Team Leader User ID Provider Number,
_MDD_JCT_CREDIBLE_TEAM_MEMBERSHIPS_USERS,Team Leader User NPI Number,
_MDD_JCT_CREDIBLE_TEAM_MEMBERSHIPS_USERS,Team Leader User Role Client Care,
_MDD_JCT_CREDIBLE_TEAM_MEMBERSHIPS_USERS,Team Leader User NPI Number Link,
_MDD_JCT_CREDIBLE_TEAM_MEMBERSHIPS_USERS,Team Leader User Link Add Service,
_MDD_JCT_CREDIBLE_TEAM_MEMBERSHIPS_USERS,Team Leader User Link Admin Time,
_MDD_JCT_CREDIBLE_TEAM_MEMBERSHIPS_USERS,Team Leader User Link Attachments,
_MDD_JCT_CREDIBLE_TEAM_MEMBERSHIPS_USERS,Team Leader User Link Billing Groups,
_MDD_JCT_CREDIBLE_TEAM_MEMBERSHIPS_USERS,Team Leader User Link Client Note Log,
_MDD_JCT_CREDIBLE_TEAM_MEMBERSHIPS_USERS,Team Leader User Link Client,
_MDD_JCT_CREDIBLE_TEAM_MEMBERSHIPS_USERS,Team Leader User Link Config,
_MDD_JCT_CREDIBLE_TEAM_MEMBERSHIPS_USERS,Team Leader User Link Credentials,
_MDD_JCT_CREDIBLE_TEAM_MEMBERSHIPS_USERS,Team Leader User Link Dashboard,
_MDD_JCT_CREDIBLE_TEAM_MEMBERSHIPS_USERS,Team Leader User Link eMAR,
_MDD_JCT_CREDIBLE_TEAM_MEMBERSHIPS_USERS,Team Leader User Link eMAR Group,
_MDD_JCT_CREDIBLE_TEAM_MEMBERSHIPS_USERS,Team Leader User Link Forms,
_MDD_JCT_CREDIBLE_TEAM_MEMBERSHIPS_USERS,Team Leader User Link GeoAreas,
_MDD_JCT_CREDIBLE_TEAM_MEMBERSHIPS_USERS,Team Leader User Link Log,
_MDD_JCT_CREDIBLE_TEAM_MEMBERSHIPS_USERS,Team Leader User Link Login,
_MDD_JCT_CREDIBLE_TEAM_MEMBERSHIPS_USERS,Team Leader User Link Medications,
_MDD_JCT_CREDIBLE_TEAM_MEMBERSHIPS_USERS,Team Leader User Link Message Log,
_MDD_JCT_CREDIBLE_TEAM_MEMBERSHIPS_USERS,Team Leader User Link MessagingHub,
_MDD_JCT_CREDIBLE_TEAM_MEMBERSHIPS_USERS,Team Leader User Link Notes,
_MDD_JCT_CREDIBLE_TEAM_MEMBERSHIPS_USERS,Team Leader User Link Notification,
_MDD_JCT_CREDIBLE_TEAM_MEMBERSHIPS_USERS,Team Leader User Link Overview,
_MDD_JCT_CREDIBLE_TEAM_MEMBERSHIPS_USERS,Team Leader User Link Password,
_MDD_JCT_CREDIBLE_TEAM_MEMBERSHIPS_USERS,Team Leader User Link Provider Profile,
_MDD_JCT_CREDIBLE_TEAM_MEMBERSHIPS_USERS,Team Leader User Link Profile,
_MDD_JCT_CREDIBLE_TEAM_MEMBERSHIPS_USERS,Team Leader User Link Program,
_MDD_JCT_CREDIBLE_TEAM_MEMBERSHIPS_USERS,Team Leader User Link Schedule,
_MDD_JCT_CREDIBLE_TEAM_MEMBERSHIPS_USERS,Team Leader User Link Service List,
_MDD_JCT_CREDIBLE_TEAM_MEMBERSHIPS_USERS,Team Leader User Link Supervisor,
_MDD_JCT_CREDIBLE_TEAM_MEMBERSHIPS_USERS,Team Leader User Link Team,
_MDD_JCT_CREDIBLE_TEAM_MEMBERSHIPS_USERS,Team Leader User Link To Do List,
_MDD_JCT_CREDIBLE_TEAM_MEMBERSHIPS_USERS,Team Leader User Link Work Hours,
_MDD_JCT_CREDIBLE_TEAM_MEMBERSHIPS_USERS,Team Leader User Link Work Sched,
_MDD_JCT_CREDIBLE_TXPLANS,Tx Plan ID,Unique ID of the Tx Plan.
_MDD_JCT_CREDIBLE_TXPLANS,Client ID,Unique ID of the Client.
_MDD_JCT_CREDIBLE_TXPLANS,Tx Plan Start,
_MDD_JCT_CREDIBLE_TXPLANS,Tx Plan Target Date,
_MDD_JCT_CREDIBLE_TXPLANS,Tx Plan End,
_MDD_JCT_CREDIBLE_TXPLANS,Tx Plan Created By User ID,Unique ID of the Tx Plan Created By User.
_MDD_JCT_CREDIBLE_TXPLANS,Tx Plan Created By Name,
_MDD_JCT_CREDIBLE_TXPLANS,Tx Plan Created Date,The date the Tx Plan record was created.
_MDD_JCT_CREDIBLE_TXPLANS,Tx Plan Updated Date,The date the Tx Plan record was last updated.
_MDD_JCT_CREDIBLE_TXPLANS,Tx Plan Last Updated By User ID,Unique ID of the Tx Plan Last Updated By User.
_MDD_JCT_CREDIBLE_TXPLANS,Tx Plan Last Updated By Name,
_MDD_JCT_CREDIBLE_TXPLANS,Tx Plan Created In Appointment ID,Unique ID of the Tx Plan Created In Appointment.
_MDD_JCT_CREDIBLE_TXPLANS,Program ID,Unique ID of the Program.
_MDD_JCT_CREDIBLE_TXPLANS,Tx Plan Type ID,Unique ID of the Tx Plan Type.
_MDD_JCT_CREDIBLE_TXPLANS,Tx Plan Type Name,
_MDD_JCT_CREDIBLE_TXPLANS,Client ID External,
_MDD_JCT_CREDIBLE_TXPLANS,Client ID Social Security Number,
_MDD_JCT_CREDIBLE_TXPLANS,Client ID Fuzzy A2,
_MDD_JCT_CREDIBLE_TXPLANS,Client ID JCT Fuzzy A0,
_MDD_JCT_CREDIBLE_TXPLANS,Client ID JCT Fuzzy A1,
_MDD_JCT_CREDIBLE_TXPLANS,Client Name First & Last,The client's name formatted as first and last.
_MDD_JCT_CREDIBLE_TXPLANS,Client Name Last & First,"The client's name formatted as last, first."
_MDD_JCT_CREDIBLE_TXPLANS,Client Name First & Last w/Initial,
_MDD_JCT_CREDIBLE_TXPLANS,Client Name First & Last w/Initial & Client ID,Unique ID of the Client Name First & Last w/Initial & Client.
_MDD_JCT_CREDIBLE_TXPLANS,Client Name Last & First w/Initial,
_MDD_JCT_CREDIBLE_TXPLANS,Client Name Last & First w/Initial & Client ID,Unique ID of the Client Name Last & First w/Initial & Client.
_MDD_JCT_CREDIBLE_TXPLANS,Client Name Middle,
_MDD_JCT_CREDIBLE_TXPLANS,Client Name First,The client's first name.
_MDD_JCT_CREDIBLE_TXPLANS,Client Name Last,The client's last name.
_MDD_JCT_CREDIBLE_TXPLANS,Client Date of Birth,The client's date of birth.
_MDD_JCT_CREDIBLE_TXPLANS,Client Date of Death,
_MDD_JCT_CREDIBLE_TXPLANS,Client Admission Date,The date the client was admitted.
_MDD_JCT_CREDIBLE_TXPLANS,Client Admission Date Fiscal Year,The fiscal year of the client admission date.
_MDD_JCT_CREDIBLE_TXPLANS,Client Discharge Date,The date the client was discharged.
_MDD_JCT_CREDIBLE_TXPLANS,Client Discharge Date Fiscal Year,The fiscal year of the client discharge date.
_MDD_JCT_CREDIBLE_TXPLANS,Client Age in Hours,
_MDD_JCT_CREDIBLE_TXPLANS,Client Age in Days,The client's age expressed in days based on date of birth.
_MDD_JCT_CREDIBLE_TXPLANS,Client Age in Months,The client's age expressed in months based on date of birth.
_MDD_JCT_CREDIBLE_TXPLANS,Client Age in Years,The client's age expressed in years based on date of birth.
_MDD_JCT_CREDIBLE_TXPLANS,Client Age In Years Old Difference,
_MDD_JCT_CREDIBLE_TXPLANS,Client Status,The client status value as recorded.
_MDD_JCT_CREDIBLE_TXPLANS,Client Status ID,Unique ID of the Client Status.
_MDD_JCT_CREDIBLE_TXPLANS,Client Is Active,Indicates whether the client is active.
_MDD_JCT_CREDIBLE_TXPLANS,Client Is Inactive,Indicates whether the client is inactive.
_MDD_JCT_CREDIBLE_TXPLANS,Client Is Pending,
_MDD_JCT_CREDIBLE_TXPLANS,Client Visibility,
_MDD_JCT_CREDIBLE_TXPLANS,Client Ethnicity 1,
_MDD_JCT_CREDIBLE_TXPLANS,Client Ethnicity 1 ID,Unique ID of the Client Ethnicity 1.
_MDD_JCT_CREDIBLE_TXPLANS,Client Ethnicity 1 Granular,
_MDD_JCT_CREDIBLE_TXPLANS,Client Ethnicity 1 Granular ID,Unique ID of the Client Ethnicity 1 Granular.
_MDD_JCT_CREDIBLE_TXPLANS,Client Race 1,
_MDD_JCT_CREDIBLE_TXPLANS,Client Race 2,
_MDD_JCT_CREDIBLE_TXPLANS,Client Race 3,
_MDD_JCT_CREDIBLE_TXPLANS,Client Race 1 ID,Unique ID of the Client Race 1.
_MDD_JCT_CREDIBLE_TXPLANS,Client Race 2 ID,Unique ID of the Client Race 2.
_MDD_JCT_CREDIBLE_TXPLANS,Client Race 3 ID,Unique ID of the Client Race 3.
_MDD_JCT_CREDIBLE_TXPLANS,Client Race Granular,
_MDD_JCT_CREDIBLE_TXPLANS,Client Race Granular ID,Unique ID of the Client Race Granular.
_MDD_JCT_CREDIBLE_TXPLANS,Client Preferred Language,
_MDD_JCT_CREDIBLE_TXPLANS,Client Preferred Language ID,Unique ID of the Client Preferred Language.
_MDD_JCT_CREDIBLE_TXPLANS,Client Sex,"The client's sex as recorded. QuickMAR does not provide separate source fields for sex and gender, so this value is sourced from the same underlying field as [Client Gender]."
_MDD_JCT_CREDIBLE_TXPLANS,Client Sex ID,Unique ID of the Client Sex.
_MDD_JCT_CREDIBLE_TXPLANS,Client Employment Status,
_MDD_JCT_CREDIBLE_TXPLANS,Client Employment Status ID,Unique ID of the Client Employment Status.
_MDD_JCT_CREDIBLE_TXPLANS,Client Gender Identity,
_MDD_JCT_CREDIBLE_TXPLANS,Client Gender Identity ID,Unique ID of the Client Gender Identity.
_MDD_JCT_CREDIBLE_TXPLANS,Client Marital Status,
_MDD_JCT_CREDIBLE_TXPLANS,Client Marital Status ID,Unique ID of the Client Marital Status.
_MDD_JCT_CREDIBLE_TXPLANS,Client Sexual Orientation,
_MDD_JCT_CREDIBLE_TXPLANS,Client Sexual Orientation ID,Unique ID of the Client Sexual Orientation.
_MDD_JCT_CREDIBLE_TXPLANS,Client Military Status,
_MDD_JCT_CREDIBLE_TXPLANS,Client Military Status ID,Unique ID of the Client Military Status.
_MDD_JCT_CREDIBLE_TXPLANS,Client Created Date,The date the Client record was created.
_MDD_JCT_CREDIBLE_TXPLANS,Client Updated Date,The date the Client record was last updated.
_MDD_JCT_CREDIBLE_TXPLANS,Client Programs,
_MDD_JCT_CREDIBLE_TXPLANS,Client Teams,
_MDD_JCT_CREDIBLE_TXPLANS,Client Referral NPI,
_MDD_JCT_CREDIBLE_TXPLANS,Client Referral NPI Link,
_MDD_JCT_CREDIBLE_TXPLANS,Client Age Group,
_MDD_JCT_CREDIBLE_TXPLANS,Client Age Group Sort Order,
_MDD_JCT_CREDIBLE_TXPLANS,Client Age In Years Old,
_MDD_JCT_CREDIBLE_TXPLANS,Client ID FA0,
_MDD_JCT_CREDIBLE_TXPLANS,Client ID FA1,
_MDD_JCT_CREDIBLE_TXPLANS,Client Link,
_MDD_JCT_CREDIBLE_TXPLANS,Client Link Schedule (1st Available),
_MDD_JCT_CREDIBLE_TXPLANS,Client Link Add Service,
_MDD_JCT_CREDIBLE_TXPLANS,Client Link Allergies,
_MDD_JCT_CREDIBLE_TXPLANS,Client Link Amendments,
_MDD_JCT_CREDIBLE_TXPLANS,Client Link Attachments,
_MDD_JCT_CREDIBLE_TXPLANS,Client Link Authorizations,
_MDD_JCT_CREDIBLE_TXPLANS,Client Link Bed Assignments,
_MDD_JCT_CREDIBLE_TXPLANS,Client Link Client Profile Extended,
_MDD_JCT_CREDIBLE_TXPLANS,Client Link Contacts,
_MDD_JCT_CREDIBLE_TXPLANS,Client Link Claims,
_MDD_JCT_CREDIBLE_TXPLANS,Client Link Links,
_MDD_JCT_CREDIBLE_TXPLANS,Client Link Clinical Support,
_MDD_JCT_CREDIBLE_TXPLANS,Client Link Tx Plan (Credible Plan),
_MDD_JCT_CREDIBLE_TXPLANS,Client Link Dashboard,
_MDD_JCT_CREDIBLE_TXPLANS,Client Link Diagnosis,
_MDD_JCT_CREDIBLE_TXPLANS,Client Link eMAR Group,
_MDD_JCT_CREDIBLE_TXPLANS,Client Link eMAR,
_MDD_JCT_CREDIBLE_TXPLANS,Client Link Employee Assignments,
_MDD_JCT_CREDIBLE_TXPLANS,Client Link Episodes,
_MDD_JCT_CREDIBLE_TXPLANS,Client Link External Providers,
_MDD_JCT_CREDIBLE_TXPLANS,Client Link Family,
_MDD_JCT_CREDIBLE_TXPLANS,Client Link Form Groups,
_MDD_JCT_CREDIBLE_TXPLANS,Client Link GeoAreeas,
_MDD_JCT_CREDIBLE_TXPLANS,Client Link Implantable Devices,
_MDD_JCT_CREDIBLE_TXPLANS,Client Link Insurance,
_MDD_JCT_CREDIBLE_TXPLANS,Client Link Ledger,
_MDD_JCT_CREDIBLE_TXPLANS,Client Link Liability,
_MDD_JCT_CREDIBLE_TXPLANS,Client Link Log,
_MDD_JCT_CREDIBLE_TXPLANS,Client Link Medical Profile,
_MDD_JCT_CREDIBLE_TXPLANS,Client Link Medications,
_MDD_JCT_CREDIBLE_TXPLANS,Client Link Notes,
_MDD_JCT_CREDIBLE_TXPLANS,Client Link Notification,
_MDD_JCT_CREDIBLE_TXPLANS,Client Link Orders,
_MDD_JCT_CREDIBLE_TXPLANS,Client Link Overview,
_MDD_JCT_CREDIBLE_TXPLANS,Client Link Payments,
_MDD_JCT_CREDIBLE_TXPLANS,Client Link Payment Plans,
_MDD_JCT_CREDIBLE_TXPLANS,Client Link Program,
_MDD_JCT_CREDIBLE_TXPLANS,Client Link Profile,
_MDD_JCT_CREDIBLE_TXPLANS,Client Link Schedule,
_MDD_JCT_CREDIBLE_TXPLANS,Client Link Service List,
_MDD_JCT_CREDIBLE_TXPLANS,Client Link Schedule Grp,
_MDD_JCT_CREDIBLE_TXPLANS,Client Link Team,
_MDD_JCT_CREDIBLE_TXPLANS,Client Link Users,
_MDD_JCT_CREDIBLE_TXPLANS,Client Link Warnings,
_MDD_JCT_CREDIBLE_TXPLANS,Client Assigned Users Active Primary Count,
_MDD_JCT_CREDIBLE_TXPLANS,Client Assigned Users Primary Count,
_MDD_JCT_CREDIBLE_TXPLANS,Client Assigned Employees Primary,
_MDD_JCT_CREDIBLE_TXPLANS,Client Assigned Users Primary,
_MDD_JCT_CREDIBLE_TXPLANS,Client Assigned Users Active Primary,
_MDD_JCT_CREDIBLE_TXPLANS,Client Address Primary ID Fuzzy A0,
_MDD_JCT_CREDIBLE_TXPLANS,Client Address Primary 1,
_MDD_JCT_CREDIBLE_TXPLANS,Client Address Primary 2,
_MDD_JCT_CREDIBLE_TXPLANS,Client Address Primary City,
_MDD_JCT_CREDIBLE_TXPLANS,Client Address Primary State,
_MDD_JCT_CREDIBLE_TXPLANS,Client Address Primary Zip,
_MDD_JCT_CREDIBLE_TXPLANS,Client Address Primary County,
_MDD_JCT_CREDIBLE_TXPLANS,Client Address Primary Country,
_MDD_JCT_CREDIBLE_TXPLANS,Client Address Billing 1,
_MDD_JCT_CREDIBLE_TXPLANS,Client Address Billing 2,
_MDD_JCT_CREDIBLE_TXPLANS,Client Address Billing City,
_MDD_JCT_CREDIBLE_TXPLANS,Client Address Billing State,
_MDD_JCT_CREDIBLE_TXPLANS,Client Address Billing Zip,
_MDD_JCT_CREDIBLE_TXPLANS,Client Address Billing County,
_MDD_JCT_CREDIBLE_TXPLANS,Client Address Billing Country,
_MDD_JCT_CREDIBLE_TXPLANS,Client Phone Home Fuzzy A0,
_MDD_JCT_CREDIBLE_TXPLANS,Client Phone Home,
_MDD_JCT_CREDIBLE_TXPLANS,Client Phone Mobile Fuzzy A0,
_MDD_JCT_CREDIBLE_TXPLANS,Client Phone Mobile,
_MDD_JCT_CREDIBLE_TXPLANS,Program ID External,
_MDD_JCT_CREDIBLE_TXPLANS,Program Name,
_MDD_JCT_CREDIBLE_TXPLANS,Program Code,
_MDD_JCT_CREDIBLE_TXPLANS,Program Group Without Nulls,
_MDD_JCT_CREDIBLE_TXPLANS,Program Group,
_MDD_JCT_CREDIBLE_TXPLANS,Program Group > Name,
_MDD_JCT_CREDIBLE_TXPLANS,Program Is Residential,
_MDD_JCT_CREDIBLE_TXPLANS,Program Tx Setting,
_MDD_JCT_CREDIBLE_TXPLANS,Program Revenue Code,
_MDD_JCT_CREDIBLE_TXPLANS,Program Created Date,The date the Program record was created.
_MDD_JCT_CREDIBLE_TXPLANS,Program Created Date Fiscal Year,
_MDD_JCT_CREDIBLE_TXPLANS,Program Created By Employee ID,Unique ID of the Program Created By Employee.
_MDD_JCT_CREDIBLE_TXPLANS,Program Updated Date,The date the Program record was last updated.
_MDD_JCT_CREDIBLE_TXPLANS,Program Updated Date Fiscal Year,
_MDD_JCT_CREDIBLE_TXPLANS,Program Updated By Employee ID,Unique ID of the Program Updated By Employee.
_MDD_JCT_CREDIBLE_TXPLANS,Program Active Episode Count,
_MDD_JCT_CREDIBLE_TXPLANS,Program Active Client Assignment Count,
_MDD_JCT_CREDIBLE_TXPLANS,Program Active Client Assignment Primary Count,
_MDD_JCT_CREDIBLE_TXPLAN_ANSWERS,Answer ID JCT Fuzzy A0,
_MDD_JCT_CREDIBLE_TXPLAN_ANSWERS,Tx Content ID,Unique ID of the Tx Content.
_MDD_JCT_CREDIBLE_TXPLAN_ANSWERS,Answer ID,Unique ID of the Answer.
_MDD_JCT_CREDIBLE_TXPLAN_ANSWERS,Tx Plan ID,Unique ID of the Tx Plan.
_MDD_JCT_CREDIBLE_TXPLAN_ANSWERS,Element Text,
_MDD_JCT_CREDIBLE_TXPLAN_ANSWERS,Element ID,Unique ID of the Element.
_MDD_JCT_CREDIBLE_TXPLAN_ANSWERS,Answer,
_MDD_JCT_CREDIBLE_TXPLAN_ANSWERS,Answer Date,
_MDD_JCT_CREDIBLE_TXPLAN_ANSWERS,Answer Number,
_MDD_JCT_CREDIBLE_TXPLAN_ANSWERS,Tx Plan Field Type,
_MDD_JCT_CREDIBLE_TXPLAN_ANSWERS,Element Format,
_MDD_JCT_CREDIBLE_TXPLAN_CONTENT,Tx Content ID,Unique ID of the Tx Content.
_MDD_JCT_CREDIBLE_TXPLAN_CONTENT,Tx Content Type ID,Unique ID of the Tx Content Type.
_MDD_JCT_CREDIBLE_TXPLAN_CONTENT,Tx Content Type Framework Type,
_MDD_JCT_CREDIBLE_TXPLAN_CONTENT,Tx Content Type Name,
_MDD_JCT_CREDIBLE_TXPLAN_CONTENT,Tx Plan ID,Unique ID of the Tx Plan.
_MDD_JCT_CREDIBLE_TXPLAN_CONTENT,Tx Content Parent ID,Unique ID of the Tx Content Parent.
_MDD_JCT_CREDIBLE_TXPLAN_CONTENT,Tx Content Title With HTML,
_MDD_JCT_CREDIBLE_TXPLAN_CONTENT,Tx Content Title Truncated,
_MDD_JCT_CREDIBLE_TXPLAN_CONTENT,Tx Content Description Truncated,
_MDD_JCT_CREDIBLE_TXPLAN_CONTENT,Tx Content Order,
_MDD_JCT_CREDIBLE_TXPLAN_CONTENT,Tx Content Start Date,
_MDD_JCT_CREDIBLE_TXPLAN_CONTENT,Tx Content Target Date,
_MDD_JCT_CREDIBLE_TXPLAN_CONTENT,Tx Content End Date,
_MDD_JCT_CREDIBLE_TXPLAN_CONTENT,Tx Content Status,
_MDD_JCT_CREDIBLE_TXPLAN_CONTENT,Tx Content Label,
_MDD_JCT_CREDIBLE_TXPLAN_CONTENT,Tx Content Color,
_MDD_JCT_CREDIBLE_TXPLAN_CONTENT_TYPES,Tx Content Type ID,Unique ID of the Tx Content Type.
_MDD_JCT_CREDIBLE_TXPLAN_CONTENT_TYPES,Tx Content Type Name,
_MDD_JCT_CREDIBLE_TXPLAN_CONTENT_TYPES,Tx Content Type Framework Type,
_MDD_JCT_CREDIBLE_TXPLAN_CONTENT_TYPES,Tx Content Type Color,
_MDD_JCT_CREDIBLE_TXPLAN_DAYS,Date,When a time span is just one day.
_MDD_JCT_CREDIBLE_TXPLAN_DAYS,Client ID,Unique ID of the Client.
_MDD_JCT_CREDIBLE_TXPLAN_DAYS,Tx Plan ID,Unique ID of the Tx Plan.
_MDD_JCT_CREDIBLE_TXPLAN_DAYS,Fiscal Year (YYYY),The fiscal year of a single date within a time span.
_MDD_JCT_CREDIBLE_TXPLAN_DAYS,Program ID,Unique ID of the Program.
_MDD_JCT_CREDIBLE_TXPLAN_ELEMENTS,Element ID,Unique ID of the Element.
_MDD_JCT_CREDIBLE_TXPLAN_ELEMENTS,Element Text Truncated,
_MDD_JCT_CREDIBLE_TXPLAN_ELEMENTS,Element Documentation Type,
_MDD_JCT_CREDIBLE_TXPLAN_ELEMENTS,Element Format,
_MDD_JCT_CREDIBLE_TXPLAN_TYPES,Tx Plan Type ID,Unique ID of the Tx Plan Type.
_MDD_JCT_CREDIBLE_TXPLAN_TYPES,Tx Plan Type Name,
_MDD_JCT_CREDIBLE_TXPLAN_TYPES,Tx Plan Type Signature Status,
_MDD_JCT_CREDIBLE_TXPLAN_TYPES,Tx Plan Type Signature Count,
_MDD_JCT_CREDIBLE_USERS,User ID,Unique ID of the User.
_MDD_JCT_CREDIBLE_USERS,User ID External,The unique ID of the entity in an external system.
_MDD_JCT_CREDIBLE_USERS,User Status,"The individual's status in the system, typically ""active"", ""inactive"", or ""pending"". The client status value as recorded."
_MDD_JCT_CREDIBLE_USERS,User Status ID,Unique ID of the User Status.
_MDD_JCT_CREDIBLE_USERS,User Employment Status,The individual's employment status.
_MDD_JCT_CREDIBLE_USERS,User Account Enabled,Indicates whether or not the account of the system in the data model described is active.
_MDD_JCT_CREDIBLE_USERS,User Name First & Last,The individual's first and last name. The client's name formatted as first and last.
_MDD_JCT_CREDIBLE_USERS,User Name Last & First,"The individual's last and first name. The client's name formatted as last, first."
_MDD_JCT_CREDIBLE_USERS,Employee Name First & Last & Employee ID,Unique ID of the Employee Name First & Last & Employee.
_MDD_JCT_CREDIBLE_USERS,User Name First & Last & User ID,Unique ID of the User Name First & Last & User.
_MDD_JCT_CREDIBLE_USERS,User Name First & Last w/Initial,"The individual's first name, middle initial (if they have a middle initial), and last name."
_MDD_JCT_CREDIBLE_USERS,User Name Last & First w/Initial,"The individual's last name, first name, and middle initial (if they have a middle initial)."
_MDD_JCT_CREDIBLE_USERS,User Name Initials,"The individual's name initials, includes the middle initial if included in the system."
_MDD_JCT_CREDIBLE_USERS,User Name Middle,"The individual's middle name, if they have one."
_MDD_JCT_CREDIBLE_USERS,User Name First,The user's first name.
_MDD_JCT_CREDIBLE_USERS,User Name Last,The user's last name.
_MDD_JCT_CREDIBLE_USERS,User Job Title,The individual's job title.
_MDD_JCT_CREDIBLE_USERS,User Job Title ID,Unique ID of the User Job Title.
_MDD_JCT_CREDIBLE_USERS,User Email Primary,
_MDD_JCT_CREDIBLE_USERS,User Email Secondary,
_MDD_JCT_CREDIBLE_USERS,User Username,The individual's username for the system.
_MDD_JCT_CREDIBLE_USERS,User Username SSO,The username associated with a individual's single sign on identity management system.
_MDD_JCT_CREDIBLE_USERS,User Username SSO PIN Set,True or false to indicate whether a username's SSO PIN is set.
_MDD_JCT_CREDIBLE_USERS,User DOB,NEED TO RENAME [Date of Birth].
_MDD_JCT_CREDIBLE_USERS,User Age in Hours,The individual's age in hours.
_MDD_JCT_CREDIBLE_USERS,User Age in Days,The individual's age in days. The client's age expressed in days based on date of birth.
_MDD_JCT_CREDIBLE_USERS,User Age in Months,The individual's age in months. The client's age expressed in months based on date of birth.
_MDD_JCT_CREDIBLE_USERS,User Age in Years,The individual's age in exact years (in decimals). The client's age expressed in years based on date of birth.
_MDD_JCT_CREDIBLE_USERS,User Age In Years Old,The individual's age in years (used in everyday vernacular).
_MDD_JCT_CREDIBLE_USERS,User Hire Date,The date the individual was hired.
_MDD_JCT_CREDIBLE_USERS,User Hire Date Fiscal Year,The organization's fiscal year that is assiciated with the hire date.
_MDD_JCT_CREDIBLE_USERS,User Termination Date,The date the individual stopped working for the organization.
_MDD_JCT_CREDIBLE_USERS,User Termination Date Fiscal Year,The organization's fiscal year that is assiciated with the termination date.
_MDD_JCT_CREDIBLE_USERS,User Termination Status,Whether or not the individual has been terminated.
_MDD_JCT_CREDIBLE_USERS,User Tenure Today Days,How long the individual has been with the organization in days.
_MDD_JCT_CREDIBLE_USERS,User Tenure Today Years,How long the individual has been with the organization in years.
_MDD_JCT_CREDIBLE_USERS,User Role,The individual's role within the system.
_MDD_JCT_CREDIBLE_USERS,User Last Login,The last time the individual logged into the system.
_MDD_JCT_CREDIBLE_USERS,User Next Lockout Date,The upcoming date the individual will be locked out of the system do to inactivity.
_MDD_JCT_CREDIBLE_USERS,User Next Lockout Days Away,The number of days between now and the next lockout date.
_MDD_JCT_CREDIBLE_USERS,User Last Login Days Ago,The number of days since the individual last logged into the system.
_MDD_JCT_CREDIBLE_USERS,User Is Vendor User,DO NOT USE.
_MDD_JCT_CREDIBLE_USERS,User Is External User,DO NOT USE.
_MDD_JCT_CREDIBLE_USERS,User Is Vendor,A true or false value that indicates whether the individual is a vendor in the system.
_MDD_JCT_CREDIBLE_USERS,User Is External,A true or false value that indicates whether the individual is external to the organization.
_MDD_JCT_CREDIBLE_USERS,User Address 1,
_MDD_JCT_CREDIBLE_USERS,User Address 2,
_MDD_JCT_CREDIBLE_USERS,User Address City,
_MDD_JCT_CREDIBLE_USERS,User Address State,
_MDD_JCT_CREDIBLE_USERS,User Address Zip,
_MDD_JCT_CREDIBLE_USERS,User Address Country,
_MDD_JCT_CREDIBLE_USERS,User Phone Home,
_MDD_JCT_CREDIBLE_USERS,User Phone Work,
_MDD_JCT_CREDIBLE_USERS,User Phone Cell,
_MDD_JCT_CREDIBLE_USERS,User Phone Emergency,
_MDD_JCT_CREDIBLE_USERS,User Phone Fax,
_MDD_JCT_CREDIBLE_USERS,User Notes,The note field for the individual.
_MDD_JCT_CREDIBLE_USERS,User Gender,"DO NOT USE. The client's gender as recorded. QuickMAR does not provide separate source fields for gender and sex, so this value is sourced from the same underlying field as [Client Sex]."
_MDD_JCT_CREDIBLE_USERS,User Gender ID,Unique ID of the User Gender.
_MDD_JCT_CREDIBLE_USERS,User Gender Identity,The individual's primary self-identified gender identity.
_MDD_JCT_CREDIBLE_USERS,User Gender Identity ID,Unique ID of the User Gender Identity.
_MDD_JCT_CREDIBLE_USERS,User Created Date,The date the User record was created.
_MDD_JCT_CREDIBLE_USERS,User Created By User ID,Unique ID of the User Created By User.
_MDD_JCT_CREDIBLE_USERS,User Updated Date,The date the User record was last updated.
_MDD_JCT_CREDIBLE_USERS,User Department,The individual's reporting unit within it's organization.
_MDD_JCT_CREDIBLE_USERS,User Company,NEED TO RENAME [Agency Name].
_MDD_JCT_CREDIBLE_USERS,User Employment Type,The individual's full-time or part-time employment status. Options are Part Time or Not Part Time.
_MDD_JCT_CREDIBLE_USERS,User Client Assignment Active Primary Count,
_MDD_JCT_CREDIBLE_USERS,User ID Provider Number,A generic number defined within the context of the system associated with the individual's licensing or credentialing.
_MDD_JCT_CREDIBLE_USERS,User NPI Number,The National Provider Identifier ID of the individual.
_MDD_JCT_CREDIBLE_USERS,User Role Client Care,Indicates whether or not the individual provides direct care.
_MDD_JCT_CREDIBLE_USERS,User NPI Number Link,The URL to the National Provider Identifier registry for the individual.
_MDD_JCT_CREDIBLE_USERS,User Link Add Service,
_MDD_JCT_CREDIBLE_USERS,User Link Admin Time,
_MDD_JCT_CREDIBLE_USERS,User Link Attachments,
_MDD_JCT_CREDIBLE_USERS,User Link Billing Groups,
_MDD_JCT_CREDIBLE_USERS,User Link Client Note Log,
_MDD_JCT_CREDIBLE_USERS,User Link Client,
_MDD_JCT_CREDIBLE_USERS,User Link Config,
_MDD_JCT_CREDIBLE_USERS,User Link Credentials,
_MDD_JCT_CREDIBLE_USERS,User Link Dashboard,
_MDD_JCT_CREDIBLE_USERS,User Link eMAR,
_MDD_JCT_CREDIBLE_USERS,User Link eMAR Group,
_MDD_JCT_CREDIBLE_USERS,User Link Forms,
_MDD_JCT_CREDIBLE_USERS,User Link GeoAreas,
_MDD_JCT_CREDIBLE_USERS,User Link Log,
_MDD_JCT_CREDIBLE_USERS,User Link Login,
_MDD_JCT_CREDIBLE_USERS,User Link Medications,
_MDD_JCT_CREDIBLE_USERS,User Link Message Log,
_MDD_JCT_CREDIBLE_USERS,User Link MessagingHub,
_MDD_JCT_CREDIBLE_USERS,User Link Notes,
_MDD_JCT_CREDIBLE_USERS,User Link Notification,
_MDD_JCT_CREDIBLE_USERS,User Link Overview,
_MDD_JCT_CREDIBLE_USERS,User Link Password,
_MDD_JCT_CREDIBLE_USERS,User Link Provider Profile,
_MDD_JCT_CREDIBLE_USERS,User Link Profile,
_MDD_JCT_CREDIBLE_USERS,User Link Program,
_MDD_JCT_CREDIBLE_USERS,User Link Schedule,
_MDD_JCT_CREDIBLE_USERS,User Link Service List,
_MDD_JCT_CREDIBLE_USERS,User Link Supervisor,
_MDD_JCT_CREDIBLE_USERS,User Link Team,
_MDD_JCT_CREDIBLE_USERS,User Link To Do List,
_MDD_JCT_CREDIBLE_USERS,User Link Work Hours,
_MDD_JCT_CREDIBLE_USERS,User Link Work Sched,
_MDD_JCT_CREDIBLE_USER_ASSIGNMENT_ACTIVE_PRIMARY,User ID,Unique ID of the User.
_MDD_JCT_CREDIBLE_USER_ASSIGNMENT_ACTIVE_PRIMARY,Client ID,Unique ID of the Client.
_MDD_JCT_CREDIBLE_USER_CREDENTIALS,User ID,Unique ID of the User.
_MDD_JCT_CREDIBLE_USER_CREDENTIALS,Credential Type ID,Unique ID of the Credential Type.
_MDD_JCT_CREDIBLE_USER_CREDENTIALS,Credential License-Professional Number,
_MDD_JCT_CREDIBLE_USER_CREDENTIALS,Credential Start Date,
_MDD_JCT_CREDIBLE_USER_CREDENTIALS,Credential Start Date Fiscal Year,
_MDD_JCT_CREDIBLE_USER_CREDENTIALS,Credential End Date,
_MDD_JCT_CREDIBLE_USER_CREDENTIALS,Credential End Date Fiscal Year,
_MDD_JCT_CREDIBLE_USER_CREDENTIALS,Credential Hours Required,
_MDD_JCT_CREDIBLE_USER_CREDENTIALS,Credential,DO NOT USE.
_MDD_JCT_CREDIBLE_USER_CREDENTIALS,Credential Name,
_MDD_JCT_CREDIBLE_USER_CREDENTIALS,Credential Group ID,Unique ID of the Credential Group.
_MDD_JCT_CREDIBLE_USER_CREDENTIALS,Credential Group Name,
_MDD_JCT_CREDIBLE_USER_CREDENTIALS,User ID External,
_MDD_JCT_CREDIBLE_USER_CREDENTIALS,User Status,
_MDD_JCT_CREDIBLE_USER_CREDENTIALS,User Status ID,Unique ID of the User Status.
_MDD_JCT_CREDIBLE_USER_CREDENTIALS,User Employment Status,
_MDD_JCT_CREDIBLE_USER_CREDENTIALS,User Account Enabled,
_MDD_JCT_CREDIBLE_USER_CREDENTIALS,User Name First & Last,
_MDD_JCT_CREDIBLE_USER_CREDENTIALS,User Name Last & First,
_MDD_JCT_CREDIBLE_USER_CREDENTIALS,Employee Name First & Last & Employee ID,Unique ID of the Employee Name First & Last & Employee.
_MDD_JCT_CREDIBLE_USER_CREDENTIALS,User Name First & Last & User ID,Unique ID of the User Name First & Last & User.
_MDD_JCT_CREDIBLE_USER_CREDENTIALS,User Name First & Last w/Initial,
_MDD_JCT_CREDIBLE_USER_CREDENTIALS,User Name Last & First w/Initial,
_MDD_JCT_CREDIBLE_USER_CREDENTIALS,User Name Initials,
_MDD_JCT_CREDIBLE_USER_CREDENTIALS,User Name Middle,
_MDD_JCT_CREDIBLE_USER_CREDENTIALS,User Name First,The user's first name.
_MDD_JCT_CREDIBLE_USER_CREDENTIALS,User Name Last,The user's last name.
_MDD_JCT_CREDIBLE_USER_CREDENTIALS,User Job Title,
_MDD_JCT_CREDIBLE_USER_CREDENTIALS,User Job Title ID,Unique ID of the User Job Title.
_MDD_JCT_CREDIBLE_USER_CREDENTIALS,User Email Primary,
_MDD_JCT_CREDIBLE_USER_CREDENTIALS,User Email Secondary,
_MDD_JCT_CREDIBLE_USER_CREDENTIALS,User Username,
_MDD_JCT_CREDIBLE_USER_CREDENTIALS,User Username SSO,
_MDD_JCT_CREDIBLE_USER_CREDENTIALS,User Username SSO PIN Set,
_MDD_JCT_CREDIBLE_USER_CREDENTIALS,User DOB,
_MDD_JCT_CREDIBLE_USER_CREDENTIALS,User Age in Hours,
_MDD_JCT_CREDIBLE_USER_CREDENTIALS,User Age in Days,
_MDD_JCT_CREDIBLE_USER_CREDENTIALS,User Age in Months,
_MDD_JCT_CREDIBLE_USER_CREDENTIALS,User Age in Years,
_MDD_JCT_CREDIBLE_USER_CREDENTIALS,User Age In Years Old,
_MDD_JCT_CREDIBLE_USER_CREDENTIALS,User Hire Date,
_MDD_JCT_CREDIBLE_USER_CREDENTIALS,User Hire Date Fiscal Year,
_MDD_JCT_CREDIBLE_USER_CREDENTIALS,User Termination Date,
_MDD_JCT_CREDIBLE_USER_CREDENTIALS,User Termination Date Fiscal Year,
_MDD_JCT_CREDIBLE_USER_CREDENTIALS,User Termination Status,
_MDD_JCT_CREDIBLE_USER_CREDENTIALS,User Tenure Today Days,
_MDD_JCT_CREDIBLE_USER_CREDENTIALS,User Tenure Today Years,
_MDD_JCT_CREDIBLE_USER_CREDENTIALS,User Role,
_MDD_JCT_CREDIBLE_USER_CREDENTIALS,User Last Login,
_MDD_JCT_CREDIBLE_USER_CREDENTIALS,User Next Lockout Date,
_MDD_JCT_CREDIBLE_USER_CREDENTIALS,User Next Lockout Days Away,
_MDD_JCT_CREDIBLE_USER_CREDENTIALS,User Last Login Days Ago,
_MDD_JCT_CREDIBLE_USER_CREDENTIALS,User Is Vendor User,
_MDD_JCT_CREDIBLE_USER_CREDENTIALS,User Is External User,
_MDD_JCT_CREDIBLE_USER_CREDENTIALS,User Is Vendor,
_MDD_JCT_CREDIBLE_USER_CREDENTIALS,User Is External,
_MDD_JCT_CREDIBLE_USER_CREDENTIALS,User Address 1,
_MDD_JCT_CREDIBLE_USER_CREDENTIALS,User Address 2,
_MDD_JCT_CREDIBLE_USER_CREDENTIALS,User Address City,
_MDD_JCT_CREDIBLE_USER_CREDENTIALS,User Address State,
_MDD_JCT_CREDIBLE_USER_CREDENTIALS,User Address Zip,
_MDD_JCT_CREDIBLE_USER_CREDENTIALS,User Address Country,
_MDD_JCT_CREDIBLE_USER_CREDENTIALS,User Phone Home,
_MDD_JCT_CREDIBLE_USER_CREDENTIALS,User Phone Work,
_MDD_JCT_CREDIBLE_USER_CREDENTIALS,User Phone Cell,
_MDD_JCT_CREDIBLE_USER_CREDENTIALS,User Phone Emergency,
_MDD_JCT_CREDIBLE_USER_CREDENTIALS,User Phone Fax,
_MDD_JCT_CREDIBLE_USER_CREDENTIALS,User Notes,
_MDD_JCT_CREDIBLE_USER_CREDENTIALS,User Gender,
_MDD_JCT_CREDIBLE_USER_CREDENTIALS,User Gender ID,Unique ID of the User Gender.
_MDD_JCT_CREDIBLE_USER_CREDENTIALS,User Gender Identity,
_MDD_JCT_CREDIBLE_USER_CREDENTIALS,User Gender Identity ID,Unique ID of the User Gender Identity.
_MDD_JCT_CREDIBLE_USER_CREDENTIALS,User Created Date,The date the User record was created.
_MDD_JCT_CREDIBLE_USER_CREDENTIALS,User Created By User ID,Unique ID of the User Created By User.
_MDD_JCT_CREDIBLE_USER_CREDENTIALS,User Updated Date,The date the User record was last updated.
_MDD_JCT_CREDIBLE_USER_CREDENTIALS,User Department,
_MDD_JCT_CREDIBLE_USER_CREDENTIALS,User Company,
_MDD_JCT_CREDIBLE_USER_CREDENTIALS,User Employment Type,
_MDD_JCT_CREDIBLE_USER_CREDENTIALS,User Client Assignment Active Primary Count,
_MDD_JCT_CREDIBLE_USER_CREDENTIALS,User ID Provider Number,
_MDD_JCT_CREDIBLE_USER_CREDENTIALS,User NPI Number,
_MDD_JCT_CREDIBLE_USER_CREDENTIALS,User Role Client Care,
_MDD_JCT_CREDIBLE_USER_CREDENTIALS,User NPI Number Link,
_MDD_JCT_CREDIBLE_USER_CREDENTIALS,User Link Add Service,
_MDD_JCT_CREDIBLE_USER_CREDENTIALS,User Link Admin Time,
_MDD_JCT_CREDIBLE_USER_CREDENTIALS,User Link Attachments,
_MDD_JCT_CREDIBLE_USER_CREDENTIALS,User Link Billing Groups,
_MDD_JCT_CREDIBLE_USER_CREDENTIALS,User Link Client Note Log,
_MDD_JCT_CREDIBLE_USER_CREDENTIALS,User Link Client,
_MDD_JCT_CREDIBLE_USER_CREDENTIALS,User Link Config,
_MDD_JCT_CREDIBLE_USER_CREDENTIALS,User Link Credentials,
_MDD_JCT_CREDIBLE_USER_CREDENTIALS,User Link Dashboard,
_MDD_JCT_CREDIBLE_USER_CREDENTIALS,User Link eMAR,
_MDD_JCT_CREDIBLE_USER_CREDENTIALS,User Link eMAR Group,
_MDD_JCT_CREDIBLE_USER_CREDENTIALS,User Link Forms,
_MDD_JCT_CREDIBLE_USER_CREDENTIALS,User Link GeoAreas,
_MDD_JCT_CREDIBLE_USER_CREDENTIALS,User Link Log,
_MDD_JCT_CREDIBLE_USER_CREDENTIALS,User Link Login,
_MDD_JCT_CREDIBLE_USER_CREDENTIALS,User Link Medications,
_MDD_JCT_CREDIBLE_USER_CREDENTIALS,User Link Message Log,
_MDD_JCT_CREDIBLE_USER_CREDENTIALS,User Link MessagingHub,
_MDD_JCT_CREDIBLE_USER_CREDENTIALS,User Link Notes,
_MDD_JCT_CREDIBLE_USER_CREDENTIALS,User Link Notification,
_MDD_JCT_CREDIBLE_USER_CREDENTIALS,User Link Overview,
_MDD_JCT_CREDIBLE_USER_CREDENTIALS,User Link Password,
_MDD_JCT_CREDIBLE_USER_CREDENTIALS,User Link Provider Profile,
_MDD_JCT_CREDIBLE_USER_CREDENTIALS,User Link Profile,
_MDD_JCT_CREDIBLE_USER_CREDENTIALS,User Link Program,
_MDD_JCT_CREDIBLE_USER_CREDENTIALS,User Link Schedule,
_MDD_JCT_CREDIBLE_USER_CREDENTIALS,User Link Service List,
_MDD_JCT_CREDIBLE_USER_CREDENTIALS,User Link Supervisor,
_MDD_JCT_CREDIBLE_USER_CREDENTIALS,User Link Team,
_MDD_JCT_CREDIBLE_USER_CREDENTIALS,User Link To Do List,
_MDD_JCT_CREDIBLE_USER_CREDENTIALS,User Link Work Hours,
_MDD_JCT_CREDIBLE_USER_CREDENTIALS,User Link Work Sched,
_MDD_JCT_CREDIBLE_USER_CREDENTIAL_GROUP_MEMBERSHIPS,Credential Group Membership ID,Unique ID of the Credential Group Membership.
_MDD_JCT_CREDIBLE_USER_CREDENTIAL_GROUP_MEMBERSHIPS,Credential Group ID,Unique ID of the Credential Group.
_MDD_JCT_CREDIBLE_USER_CREDENTIAL_GROUP_MEMBERSHIPS,Credential Group Name,
_MDD_JCT_CREDIBLE_USER_CREDENTIAL_GROUP_MEMBERSHIPS,Credential Type ID,Unique ID of the Credential Type.
_MDD_JCT_CREDIBLE_USER_CREDENTIAL_GROUP_MEMBERSHIPS,Credential,DO NOT USE.
_MDD_JCT_CREDIBLE_USER_CREDENTIAL_GROUP_MEMBERSHIPS,Credential Name,
_MDD_JCT_CREDIBLE_USER_ROLES_CLINICAL,Role ID,Unique ID of the Role.
_MDD_JCT_CREDIBLE_USER_ROLES_CLINICAL,Role Name,
_MDD_JCT_CREDIBLE_VITALS,Vitals ID,Unique ID of the Vitals.
_MDD_JCT_CREDIBLE_VITALS,Vitals Status,
_MDD_JCT_CREDIBLE_VITALS,Client ID,Unique ID of the Client.
_MDD_JCT_CREDIBLE_VITALS,Vitals Effective Date,The date and time the measurement is treated as effective.
_MDD_JCT_CREDIBLE_VITALS,Vitals Sequence ASC,
_MDD_JCT_CREDIBLE_VITALS,Vitals Sequence DESC,
_MDD_JCT_CREDIBLE_VITALS,Vitals Height Inches,
_MDD_JCT_CREDIBLE_VITALS,Vitals Height Feet,
_MDD_JCT_CREDIBLE_VITALS,Vitals Weight Pounds,
_MDD_JCT_CREDIBLE_VITALS,Vitals Weight Kilograms,
_MDD_JCT_CREDIBLE_VITALS,Vitals Blood Pressure Systolic,
_MDD_JCT_CREDIBLE_VITALS,Vitals Blood Pressure Diastolic,
_MDD_JCT_CREDIBLE_VITALS,Vitals Blood Pressure String,
_MDD_JCT_CREDIBLE_VITALS,Vitals Pulse Rate,
_MDD_JCT_CREDIBLE_VITALS,Vitals Pulse Oxygen Level,
_MDD_JCT_CREDIBLE_VITALS,Vitals Blood Sugar Level,
_MDD_JCT_CREDIBLE_VITALS,Vitals Blood Alcohol Level,
_MDD_JCT_CREDIBLE_VITALS,Vitals Blood Type,
_MDD_JCT_CREDIBLE_VITALS,Vitals Temperature Fahrenheit,
_MDD_JCT_CREDIBLE_VITALS,Vitals Temperature Celsius,
_MDD_JCT_CREDIBLE_VITALS,Vitals Vision,
_MDD_JCT_CREDIBLE_VITALS,Vitals Hearing,
_MDD_JCT_CREDIBLE_VITALS,Vitals Mobility,
_MDD_JCT_CREDIBLE_VITALS,Vitals BMI,
_MDD_JCT_CREDIBLE_VITALS,User ID,Unique ID of the User.
_MDD_JCT_CREDIBLE_VITALS,Vitals Created Date,The date the Vitals record was created.
_MDD_JCT_CREDIBLE_VITALS,Vitals Updated Date,The date the Vitals record was last updated.
_MDD_JCT_CREDIBLE_VITALS_CURRENT,Client ID,Unique ID of the Client.
_MDD_JCT_CREDIBLE_VITALS_CURRENT,Vitals Status,
_MDD_JCT_CREDIBLE_VITALS_CURRENT,Vitals ID,Unique ID of the Vitals.
_MDD_JCT_CREDIBLE_VITALS_CURRENT,Vitals Effective Date,The date and time the measurement is treated as effective.
_MDD_JCT_CREDIBLE_VITALS_CURRENT,Vitals Sequence ASC,
_MDD_JCT_CREDIBLE_VITALS_CURRENT,Vitals Sequence DESC,
_MDD_JCT_CREDIBLE_VITALS_CURRENT,Vitals Height Inches,
_MDD_JCT_CREDIBLE_VITALS_CURRENT,Vitals Height Feet,
_MDD_JCT_CREDIBLE_VITALS_CURRENT,Vitals Weight Pounds,
_MDD_JCT_CREDIBLE_VITALS_CURRENT,Vitals Weight Kilograms,
_MDD_JCT_CREDIBLE_VITALS_CURRENT,Vitals Blood Pressure Systolic,
_MDD_JCT_CREDIBLE_VITALS_CURRENT,Vitals Blood Pressure Diastolic,
_MDD_JCT_CREDIBLE_VITALS_CURRENT,Vitals Blood Pressure String,
_MDD_JCT_CREDIBLE_VITALS_CURRENT,Vitals Pulse Rate,
_MDD_JCT_CREDIBLE_VITALS_CURRENT,Vitals Pulse Oxygen Level,
_MDD_JCT_CREDIBLE_VITALS_CURRENT,Vitals Blood Sugar Level,
_MDD_JCT_CREDIBLE_VITALS_CURRENT,Vitals Blood Alcohol Level,
_MDD_JCT_CREDIBLE_VITALS_CURRENT,Vitals Blood Type,
_MDD_JCT_CREDIBLE_VITALS_CURRENT,Vitals Temperature Fahrenheit,
_MDD_JCT_CREDIBLE_VITALS_CURRENT,Vitals Temperature Celsius,
_MDD_JCT_CREDIBLE_VITALS_CURRENT,Vitals Vision,
_MDD_JCT_CREDIBLE_VITALS_CURRENT,Vitals Hearing,
_MDD_JCT_CREDIBLE_VITALS_CURRENT,Vitals Mobility,
_MDD_JCT_CREDIBLE_VITALS_CURRENT,Vitals BMI,
_MDD_JCT_CREDIBLE_VITALS_CURRENT,User ID,Unique ID of the User.
_MDD_JCT_CREDIBLE_VITALS_CURRENT,Vitals Created Date,The date the Vitals record was created.
_MDD_JCT_CREDIBLE_VITALS_CURRENT,Vitals Updated Date,The date the Vitals record was last updated.
_MDD_JCT_CREDIBLE_VITAL_MEASURES,Measure ID,Unique ID of the Measure.
_MDD_JCT_CREDIBLE_VITAL_MEASURES,User ID,Unique ID of the User.
_MDD_JCT_CREDIBLE_VITAL_MEASURES,Vitals Created Date,The date the Vitals record was created.
_MDD_JCT_CREDIBLE_VITAL_MEASURES,Vitals Effective Date,The date and time the measurement is treated as effective.
_MDD_JCT_CREDIBLE_VITAL_MEASURES,Vitals Updated Date,The date the Vitals record was last updated.
_MDD_JCT_CREDIBLE_VITAL_MEASURES,Vitals Status,
_MDD_JCT_CREDIBLE_VITAL_MEASURES,Vitals ID,Unique ID of the Vitals.
_MDD_JCT_CREDIBLE_VITAL_MEASURES,Client ID,Unique ID of the Client.
_MDD_JCT_CREDIBLE_VITAL_MEASURES,Measure Name,A human-friendly name for the measure type.
_MDD_JCT_CREDIBLE_VITAL_MEASURES,Measure Type ID,Unique ID of the Measure Type.
_MDD_JCT_CREDIBLE_VITAL_MEASURES,Measure Unit,The unit name for the measure.
_MDD_JCT_CREDIBLE_VITAL_MEASURES,Measure Unit Code,The short unit code for the measure.
_MDD_JCT_CREDIBLE_VITAL_MEASURES,Measure LOINC,The loinc code mapped for the measure type.
_MDD_JCT_CREDIBLE_VITAL_MEASURES,Measure Value,"The value as recorded, kept as text."
_MDD_JCT_CREDIBLE_VITAL_MEASURES,Measure Value Float,The value parsed into a number when possible.
_MDD_JCT_CREDIBLE_VITAL_MEASURES,Measure LOINC Link,
_MDD_JCT_CSS_SURVEYS,Survey ID,Survey ID for the Survey entity.
_MDD_JCT_CSS_SURVEYS,Survey ID CSS,Survey ID CSS for the Survey entity.
_MDD_JCT_CSS_SURVEYS,Survey ID SurveyMonkey,Survey ID SurveyMonkey for the Survey entity.
_MDD_JCT_CSS_SURVEYS,Survey Name,Survey Name for the Survey entity.
_MDD_JCT_CSS_SURVEYS,Survey Nickname,Survey Nickname for the Survey entity.
_MDD_JCT_CSS_SURVEYS,Survey Link,Survey Link for the Survey entity.
_MDD_JCT_CSS_SURVEYS,Survey Details Name,Survey Details Name for the Survey entity.
_MDD_JCT_CSS_SURVEYS,Survey Category,Survey Category for the Survey entity.
_MDD_JCT_CSS_SURVEYS,Survey Language,Survey Language for the Survey entity.
_MDD_JCT_CSS_SURVEYS,Survey Question Count,Survey Question Count for the Survey entity.
_MDD_JCT_CSS_SURVEYS,Survey Page Count,Survey Page Count for the Survey entity.
_MDD_JCT_CSS_SURVEYS,Survey Response Count,Survey Response Count for the Survey entity.
_MDD_JCT_CSS_SURVEYS,Survey Created Date Time,Survey Created Date Time for the Survey entity.
_MDD_JCT_CSS_SURVEYS,Survey Updated Date Time,Survey Updated Date Time for the Survey entity.
_MDD_JCT_CSS_SURVEYS,Survey Analyze Link,Survey Analyze Link for the Survey entity.
_MDD_JCT_CSS_SURVEYS,Survey Edit Link,Survey Edit Link for the Survey entity.
_MDD_JCT_CSS_SURVEYS,Survey Collect Link,Survey Collect Link for the Survey entity.
_MDD_JCT_CSS_SURVEYS,Survey Summary Link,Survey Summary Link for the Survey entity.
_MDD_JCT_CSS_SURVEYS,Survey Preview Link,Survey Preview Link for the Survey entity.
_MDD_JCT_CSS_SURVEYS,Survey Source Database,Survey Source Database for the Survey entity.
_MDD_JCT_CSS_SURVEY_PAGES,Survey Page ID,Survey Page ID for the Survey Page entity.
_MDD_JCT_CSS_SURVEY_PAGES,Survey Page ID CSS,Survey Page ID CSS for the Survey Page entity.
_MDD_JCT_CSS_SURVEY_PAGES,Survey Page ID SurveyMonkey,Survey Page ID SurveyMonkey for the Survey Page entity.
_MDD_JCT_CSS_SURVEY_PAGES,Survey ID,Survey ID for the Survey Page entity.
_MDD_JCT_CSS_SURVEY_PAGES,Survey ID CSS,Survey ID CSS for the Survey Page entity.
_MDD_JCT_CSS_SURVEY_PAGES,Survey Page Name,Survey Page Name for the Survey Page entity.
_MDD_JCT_CSS_SURVEY_PAGES,Survey Page Description,Survey Page Description for the Survey Page entity.
_MDD_JCT_CSS_SURVEY_PAGES,Survey Page Order,Survey Page Order for the Survey Page entity.
_MDD_JCT_CSS_SURVEY_PAGES,Survey Page Question Count,Survey Page Question Count for the Survey Page entity.
_MDD_JCT_CSS_SURVEY_PAGES,Survey Page Link,Survey Page Link for the Survey Page entity.
_MDD_JCT_CSS_SURVEY_PAGES,Survey Page Source Database,Survey Page Source Database for the Survey Page entity.
_MDD_JCT_CSS_SURVEY_QUESTIONS,Survey Question ID,Survey Question ID for the Survey Question entity.
_MDD_JCT_CSS_SURVEY_QUESTIONS,Survey Question ID CSS,Survey Question ID CSS for the Survey Question entity.
_MDD_JCT_CSS_SURVEY_QUESTIONS,Survey Question ID SurveyMonkey,Survey Question ID SurveyMonkey for the Survey Question entity.
_MDD_JCT_CSS_SURVEY_QUESTIONS,Survey ID,Survey ID for the Survey Question entity.
_MDD_JCT_CSS_SURVEY_QUESTIONS,Survey ID CSS,Survey ID CSS for the Survey Question entity.
_MDD_JCT_CSS_SURVEY_QUESTIONS,Survey Page ID,Survey Page ID for the Survey Question entity.
_MDD_JCT_CSS_SURVEY_QUESTIONS,Survey Page ID SurveyMonkey,Survey Page ID SurveyMonkey for the Survey Question entity.
_MDD_JCT_CSS_SURVEY_QUESTIONS,Survey Question Order,Survey Question Order for the Survey Question entity.
_MDD_JCT_CSS_SURVEY_QUESTIONS,Survey Question Visible,Survey Question Visible for the Survey Question entity.
_MDD_JCT_CSS_SURVEY_QUESTIONS,Survey Question Is Visible,Survey Question Is Visible for the Survey Question entity.
_MDD_JCT_CSS_SURVEY_QUESTIONS,Survey Question Family,Survey Question Family for the Survey Question entity.
_MDD_JCT_CSS_SURVEY_QUESTIONS,Survey Question Subtype,Survey Question Subtype for the Survey Question entity.
_MDD_JCT_CSS_SURVEY_QUESTIONS,Survey Question Text,Survey Question Text for the Survey Question entity.
_MDD_JCT_CSS_SURVEY_QUESTIONS,Survey Question Text Raw,Survey Question Text Raw for the Survey Question entity.
_MDD_JCT_CSS_SURVEY_QUESTIONS,Survey Question Link,Survey Question Link for the Survey Question entity.
_MDD_JCT_CSS_SURVEY_QUESTIONS,Survey Question Source Database,Survey Question Source Database for the Survey Question entity.
_MDD_JCT_CSS_SURVEY_SECTIONS,Survey Section ID,Survey Section ID for the Survey Section entity.
_MDD_JCT_CSS_SURVEY_SECTIONS,Survey Section ID CSS,Survey Section ID CSS for the Survey Section entity.
_MDD_JCT_CSS_SURVEY_SECTIONS,Survey ID,Survey ID for the Survey Section entity.
_MDD_JCT_CSS_SURVEY_SECTIONS,Survey ID CSS,Survey ID CSS for the Survey Section entity.
_MDD_JCT_CSS_SURVEY_SECTIONS,Survey Page ID,Survey Page ID for the Survey Section entity.
_MDD_JCT_CSS_SURVEY_SECTIONS,Survey Page ID SurveyMonkey,Survey Page ID SurveyMonkey for the Survey Section entity.
_MDD_JCT_CSS_SURVEY_SECTIONS,Survey Question ID,Survey Question ID for the Survey Section entity.
_MDD_JCT_CSS_SURVEY_SECTIONS,Survey Question ID SurveyMonkey,Survey Question ID SurveyMonkey for the Survey Section entity.
_MDD_JCT_CSS_SURVEY_SECTIONS,Survey Section Name,Survey Section Name for the Survey Section entity.
_MDD_JCT_CSS_SURVEY_SECTIONS,Survey Section Source Database,Survey Section Source Database for the Survey Section entity.
_MDD_JCT_CSS_SURVEY_ANSWER_CHOICES,Survey Answer Choice ID,Survey Answer Choice ID for the Survey Answer Choice entity.
_MDD_JCT_CSS_SURVEY_ANSWER_CHOICES,Survey Answer Choice ID CSS,Survey Answer Choice ID CSS for the Survey Answer Choice entity.
_MDD_JCT_CSS_SURVEY_ANSWER_CHOICES,Survey Answer Choice ID SurveyMonkey,Survey Answer Choice ID SurveyMonkey for the Survey Answer Choice entity.
_MDD_JCT_CSS_SURVEY_ANSWER_CHOICES,Survey ID,Survey ID for the Survey Answer Choice entity.
_MDD_JCT_CSS_SURVEY_ANSWER_CHOICES,Survey ID CSS,Survey ID CSS for the Survey Answer Choice entity.
_MDD_JCT_CSS_SURVEY_ANSWER_CHOICES,Survey Question ID,Survey Question ID for the Survey Answer Choice entity.
_MDD_JCT_CSS_SURVEY_ANSWER_CHOICES,Survey Question ID SurveyMonkey,Survey Question ID SurveyMonkey for the Survey Answer Choice entity.
_MDD_JCT_CSS_SURVEY_ANSWER_CHOICES,Survey Page ID,Survey Page ID for the Survey Answer Choice entity.
_MDD_JCT_CSS_SURVEY_ANSWER_CHOICES,Survey Page ID SurveyMonkey,Survey Page ID SurveyMonkey for the Survey Answer Choice entity.
_MDD_JCT_CSS_SURVEY_ANSWER_CHOICES,Survey Answer Choice Order,Survey Answer Choice Order for the Survey Answer Choice entity.
_MDD_JCT_CSS_SURVEY_ANSWER_CHOICES,Survey Answer Choice Visible,Survey Answer Choice Visible for the Survey Answer Choice entity.
_MDD_JCT_CSS_SURVEY_ANSWER_CHOICES,Survey Answer Choice Is Visible,Survey Answer Choice Is Visible for the Survey Answer Choice entity.
_MDD_JCT_CSS_SURVEY_ANSWER_CHOICES,Survey Answer Choice Text,Survey Answer Choice Text for the Survey Answer Choice entity.
_MDD_JCT_CSS_SURVEY_ANSWER_CHOICES,Survey Answer Choice Weight,Survey Answer Choice Weight for the Survey Answer Choice entity.
_MDD_JCT_CSS_SURVEY_ANSWER_CHOICES,Survey Answer Choice Is NA Raw,Survey Answer Choice Is NA Raw for the Survey Answer Choice entity.
_MDD_JCT_CSS_SURVEY_ANSWER_CHOICES,Survey Answer Choice Description,Survey Answer Choice Description for the Survey Answer Choice entity.
_MDD_JCT_CSS_SURVEY_ANSWER_CHOICES,Survey Answer Choice Source Database,Survey Answer Choice Source Database for the Survey Answer Choice entity.
_MDD_JCT_CSS_SURVEY_RESPONSES,Survey Response ID,Survey Response ID for the Survey Response entity.
_MDD_JCT_CSS_SURVEY_RESPONSES,Survey Response ID CSS,Survey Response ID CSS for the Survey Response entity.
_MDD_JCT_CSS_SURVEY_RESPONSES,Survey Response ID SurveyMonkey,Survey Response ID SurveyMonkey for the Survey Response entity.
_MDD_JCT_CSS_SURVEY_RESPONSES,Survey ID,Survey ID for the Survey Response entity.
_MDD_JCT_CSS_SURVEY_RESPONSES,Survey ID CSS,Survey ID CSS for the Survey Response entity.
_MDD_JCT_CSS_SURVEY_RESPONSES,Survey Collector ID,Survey Collector ID for the Survey Response entity.
_MDD_JCT_CSS_SURVEY_RESPONSES,Survey Recipient ID,Survey Recipient ID for the Survey Response entity.
_MDD_JCT_CSS_SURVEY_RESPONSES,Survey Response Total Time Seconds,Survey Response Total Time Seconds for the Survey Response entity.
_MDD_JCT_CSS_SURVEY_RESPONSES,Survey Response Status,Survey Response Status for the Survey Response entity.
_MDD_JCT_CSS_SURVEY_RESPONSES,Survey Response Collection Mode,Survey Response Collection Mode for the Survey Response entity.
_MDD_JCT_CSS_SURVEY_RESPONSES,Survey Response Language,Survey Response Language for the Survey Response entity.
_MDD_JCT_CSS_SURVEY_RESPONSES,Survey Response IP Address,Survey Response IP Address for the Survey Response entity.
_MDD_JCT_CSS_SURVEY_RESPONSES,Survey Response Custom Value,Survey Response Custom Value for the Survey Response entity.
_MDD_JCT_CSS_SURVEY_RESPONSES,Survey Response Created Date Time,Survey Response Created Date Time for the Survey Response entity.
_MDD_JCT_CSS_SURVEY_RESPONSES,Survey Response Created Date,Survey Response Created Date for the Survey Response entity.
_MDD_JCT_CSS_SURVEY_RESPONSES,Survey Response Created Month,Survey Response Created Month for the Survey Response entity.
_MDD_JCT_CSS_SURVEY_RESPONSES,Survey Response Created Year,Survey Response Created Year for the Survey Response entity.
_MDD_JCT_CSS_SURVEY_RESPONSES,Survey Response Updated Date Time,Survey Response Updated Date Time for the Survey Response entity.
_MDD_JCT_CSS_SURVEY_RESPONSES,Survey Response Link,Survey Response Link for the Survey Response entity.
_MDD_JCT_CSS_SURVEY_RESPONSES,Survey Response Edit Link,Survey Response Edit Link for the Survey Response entity.
_MDD_JCT_CSS_SURVEY_RESPONSES,Survey Response Analyze Link,Survey Response Analyze Link for the Survey Response entity.
_MDD_JCT_CSS_SURVEY_RESPONSES,Survey Response Source Database,Survey Response Source Database for the Survey Response entity.
_MDD_JCT_CSS_SURVEY_QUESTION_RESPONSES,Survey Question Response ID,Survey Question Response ID for the Survey Question Response entity.
_MDD_JCT_CSS_SURVEY_QUESTION_RESPONSES,Survey Question Response ID CSS,Survey Question Response ID CSS for the Survey Question Response entity.
_MDD_JCT_CSS_SURVEY_QUESTION_RESPONSES,Survey ID,Survey ID for the Survey Question Response entity.
_MDD_JCT_CSS_SURVEY_QUESTION_RESPONSES,Survey ID CSS,Survey ID CSS for the Survey Question Response entity.
_MDD_JCT_CSS_SURVEY_QUESTION_RESPONSES,Survey Response ID,Survey Response ID for the Survey Question Response entity.
_MDD_JCT_CSS_SURVEY_QUESTION_RESPONSES,Survey Response ID CSS,Survey Response ID CSS for the Survey Question Response entity.
_MDD_JCT_CSS_SURVEY_QUESTION_RESPONSES,Survey Question ID,Survey Question ID for the Survey Question Response entity.
_MDD_JCT_CSS_SURVEY_QUESTION_RESPONSES,Survey Question ID SurveyMonkey,Survey Question ID SurveyMonkey for the Survey Question Response entity.
_MDD_JCT_CSS_SURVEY_QUESTION_RESPONSES,Survey Page ID,Survey Page ID for the Survey Question Response entity.
_MDD_JCT_CSS_SURVEY_QUESTION_RESPONSES,Survey Page ID SurveyMonkey,Survey Page ID SurveyMonkey for the Survey Question Response entity.
_MDD_JCT_CSS_SURVEY_QUESTION_RESPONSES,Survey Answer Choice ID,Survey Answer Choice ID for the Survey Question Response entity.
_MDD_JCT_CSS_SURVEY_QUESTION_RESPONSES,Survey Answer Choice ID SurveyMonkey,Survey Answer Choice ID SurveyMonkey for the Survey Question Response entity.
_MDD_JCT_CSS_SURVEY_QUESTION_RESPONSES,Survey Answer Row ID SurveyMonkey,Survey Answer Row ID SurveyMonkey for the Survey Question Response entity.
_MDD_JCT_CSS_SURVEY_QUESTION_RESPONSES,Survey Answer Other ID SurveyMonkey,Survey Answer Other ID SurveyMonkey for the Survey Question Response entity.
_MDD_JCT_CSS_SURVEY_QUESTION_RESPONSES,Survey Question Response Text,Survey Question Response Text for the Survey Question Response entity.
_MDD_JCT_CSS_SURVEY_QUESTION_RESPONSES,Survey Question Response Free Text,Survey Question Response Free Text for the Survey Question Response entity.
_MDD_JCT_CSS_SURVEY_QUESTION_RESPONSES,Survey Question Text Display,Agency-configured wording displayed for the Survey Question Response entity.
_MDD_JCT_CSS_SURVEY_QUESTION_RESPONSES,Survey Question Response Weight,Survey Question Response Weight for the Survey Question Response entity.
_MDD_JCT_CSS_SURVEY_QUESTION_RESPONSES,Survey Question Response Source Database,Survey Question Response Source Database for the Survey Question Response entity.
_MDD_JCT_CSS_PNP_SURVEY_RESPONSES,Survey Response ID,Survey Response ID for the Survey Response entity.
_MDD_JCT_CSS_PNP_SURVEY_RESPONSES,Survey Response ID CSS,Survey Response ID CSS for the Survey Response entity.
_MDD_JCT_CSS_PNP_SURVEY_RESPONSES,Survey Response Gender,Survey Response Gender for the Survey Response entity.
_MDD_JCT_CSS_PNP_SURVEY_RESPONSES,Survey Response Age Group,Survey Response Age Group for the Survey Response entity.
_MDD_JCT_CSS_PNP_SURVEY_RESPONSES,Survey Response Completer Type,Survey Response Completer Type for the Survey Response entity.
_MDD_JCT_CSS_PNP_SURVEY_RESPONSES,Survey Response Completer Self Or Other,Survey Response Completer Self Or Other for the Survey Response entity.
_MDD_JCT_CSS_PNP_SURVEY_RESPONSES,Survey Response Primary Language,Survey Response Primary Language for the Survey Response entity.
_MDD_JCT_CSS_PNP_SURVEY_RESPONSES,Survey Response County,Survey Response County for the Survey Response entity.
_MDD_JCT_CSS_PNP_SURVEY_RESPONSES,Survey Response Access Appointment Ease,Survey Response Access Appointment Ease for the Survey Response entity.
_MDD_JCT_CSS_PNP_SURVEY_RESPONSES,Survey Response Access Appointment Schedule,Survey Response Access Appointment Schedule for the Survey Response entity.
_MDD_JCT_CSS_PNP_SURVEY_RESPONSES,Survey Response Access Between Appointment Help,Survey Response Access Between Appointment Help for the Survey Response entity.
_MDD_JCT_CSS_PNP_SURVEY_RESPONSES,Survey Response Quality Staff Respect,Survey Response Quality Staff Respect for the Survey Response entity.
_MDD_JCT_CSS_PNP_SURVEY_RESPONSES,Survey Response Quality Staff Explanation,Survey Response Quality Staff Explanation for the Survey Response entity.
_MDD_JCT_CSS_PNP_SURVEY_RESPONSES,Survey Response Quality Provider Listening,Survey Response Quality Provider Listening for the Survey Response entity.
_MDD_JCT_CSS_PNP_SURVEY_RESPONSES,Survey Response Quality Treatment Decision Involvement,Survey Response Quality Treatment Decision Involvement for the Survey Response entity.
_MDD_JCT_CSS_PNP_SURVEY_RESPONSES,Survey Response Culture Respect,Survey Response Culture Respect for the Survey Response entity.
_MDD_JCT_CSS_PNP_SURVEY_RESPONSES,Survey Response Identity Need Sensitivity,Survey Response Identity Need Sensitivity for the Survey Response entity.
_MDD_JCT_CSS_PNP_SURVEY_RESPONSES,Survey Response Preferred Language Availability,Survey Response Preferred Language Availability for the Survey Response entity.
_MDD_JCT_CSS_PNP_SURVEY_RESPONSES,Survey Response Service Location Convenience,Survey Response Service Location Convenience for the Survey Response entity.
_MDD_JCT_CSS_PNP_SURVEY_RESPONSES,Survey Response Service Access Difficulty,Survey Response Service Access Difficulty for the Survey Response entity.
_MDD_JCT_CSS_PNP_SURVEY_RESPONSES,Survey Response Support System Strengthening,Survey Response Support System Strengthening for the Survey Response entity.
_MDD_JCT_CSS_PNP_SURVEY_RESPONSES,Survey Response Crisis Coping Improvement,Survey Response Crisis Coping Improvement for the Survey Response entity.
_MDD_JCT_CSS_PNP_SURVEY_RESPONSES,Survey Response Mental Health Improvement,Survey Response Mental Health Improvement for the Survey Response entity.
_MDD_JCT_CSS_PNP_SURVEY_RESPONSES,Survey Response Recommend Organization,Survey Response Recommend Organization for the Survey Response entity.
_MDD_JCT_CSS_PNP_SURVEY_RESPONSES,Survey Response Overall Satisfaction,Survey Response Overall Satisfaction for the Survey Response entity.
_MDD_JCT_CSS_PNP_SURVEY_RESPONSES,Survey Response Doing Well Comment,Survey Response Doing Well Comment for the Survey Response entity.
_MDD_JCT_CSS_PNP_SURVEY_RESPONSES,Survey Response Improvement Comment,Survey Response Improvement Comment for the Survey Response entity.
_MDD_JCT_CSS_PNP_SURVEY_RESPONSES,Survey Response Additional Comment,Survey Response Additional Comment for the Survey Response entity.
_MDD_JCT_CSS_PNP_SURVEY_RESPONSES,Survey Response Evening Weekend Appointment Help,Survey Response Evening Weekend Appointment Help for the Survey Response entity.
_MDD_JCT_CSS_PNP_SURVEY_RESPONSES,Survey Response Evening Weekend Time Preference,Survey Response Evening Weekend Time Preference for the Survey Response entity.
_MDD_JCT_CSS_PNP_SURVEY_RESPONSES,Survey Response Race,Survey Response Race for the Survey Response entity.
_MDD_JCT_CSS_PNP_SURVEY_RESPONSES,Survey Response Program,Survey Response Program for the Survey Response entity.
_MDD_JCT_CSS_PNP_SURVEY_QUESTION_RESPONSES,Survey Question Response ID,Survey Question Response ID for the Survey Question Response entity.
_MDD_JCT_CSS_PNP_SURVEY_QUESTION_RESPONSES,Survey Question Response ID CSS,Survey Question Response ID CSS for the Survey Question Response entity.
_MDD_JCT_CSS_PNP_SURVEY_QUESTION_RESPONSES,Survey Response ID,Survey Response ID for the Survey Question Response entity.
_MDD_JCT_CSS_PNP_SURVEY_QUESTION_RESPONSES,Survey Response Gender,Survey Response Gender for the Survey Question Response entity.
_MDD_JCT_CSS_PNP_SURVEY_QUESTION_RESPONSES,Survey Response Race,Survey Response Race for the Survey Question Response entity.
_MDD_JCT_CSS_PNP_SURVEY_QUESTION_RESPONSES,Survey Response Program,Survey Response Program for the Survey Question Response entity.
_MDD_JCT_CSS_PNP_SURVEY_QUESTION_RESPONSES,Survey Response Age Group,Survey Response Age Group for the Survey Question Response entity.
_MDD_JCT_CSS_PNP_SURVEY_QUESTION_RESPONSES,Survey Response Completer Type,Survey Response Completer Type for the Survey Question Response entity.
_MDD_JCT_CSS_PNP_SURVEY_QUESTION_RESPONSES,Survey Response Completer Self Or Other,Survey Response Completer Self Or Other for the Survey Question Response entity.
_MDD_JCT_CSS_PNP_SURVEY_QUESTION_RESPONSES,Survey Response Primary Language,Survey Response Primary Language for the Survey Question Response entity.
_MDD_JCT_CSS_PNP_SURVEY_QUESTION_RESPONSES,Survey Response County,Survey Response County for the Survey Question Response entity.
_MDD_JCT_CSS_PNP_SURVEY_QUESTION_RESPONSES,Survey Section ID,Survey Section ID for the Survey Question Response entity.
_MDD_JCT_CSS_PNP_SURVEY_QUESTION_RESPONSES,Survey Section Name,Survey Section Name for the Survey Question Response entity.
_MDD_JCT_CSS_PNP_SURVEY_QUESTION_RESPONSES,Survey Question Text,Survey Question Text for the Survey Question Response entity.
_MDD_JCT_CSS_PNP_SURVEY_QUESTION_RESPONSES,Survey Question Response Weight,Survey Question Response Weight for the Survey Question Response entity.
_MDD_JCT_CSS_PNP_SURVEY_QUESTION_RESPONSES,Survey Question Response Interpretation,Survey Question Response Interpretation for the Survey Question Response entity.
_MDD_JCT_CSS_PNP_SURVEY_QUESTION_RESPONSES,Survey Question Response Is Top 2 Box,Survey Question Response Is Top 2 Box for the Survey Question Response entity.
_MDD_JCT_CSS_PNP_SURVEY_QUESTION_RESPONSES,Survey Question Average Score,Survey Question Average Score for the Survey Question Response entity.
_MDD_JCT_CSS_PNP_SURVEY_QUESTION_RESPONSES,Survey Question Top 2 Box Percent,Survey Question Top 2 Box Percent for the Survey Question Response entity.
_MDD_JCT_CSS_PNP_SURVEY_QUESTION_RESPONSES,Survey Section Average Score,Survey Section Average Score for the Survey Question Response entity.
_MDD_JCT_CSS_PNP_SURVEY_QUESTION_RESPONSES,Survey Section Top 2 Box Decimal,Survey Section Top 2 Box Decimal for the Survey Question Response entity.
_MDD_JCT_CSS_PNP_SURVEY_QUESTION_RESPONSES,Survey Section Top 2 Box Percent,Survey Section Top 2 Box Percent for the Survey Question Response entity.
_MDD_JCT_CSS_PNP_SURVEY_QUESTION_RESPONSES,Survey Overall Top 2 Box Decimal,Survey Overall Top 2 Box Decimal for the Survey Question Response entity.
_MDD_JCT_CSS_PNP_SURVEY_QUESTION_RESPONSES,Survey Overall Top 2 Box Percent,Survey Overall Top 2 Box Percent for the Survey Question Response entity.
_MDD_JCT_CSS_PNP_SURVEY_QUESTION_RESPONSES,Survey Overall Satisfaction Average Score,Survey Overall Satisfaction Average Score for the Survey Question Response entity.
_MDD_JCT_CSS_PNP_SURVEY_QUESTION_RESPONSES,Survey Response Created Date Time,Survey Response Created Date Time for the Survey Question Response entity.
_MDD_JCT_CSS_PNP_SURVEY_QUESTION_RESPONSES,Survey Response Created Date,Survey Response Created Date for the Survey Question Response entity.
_MDD_JCT_CSS_PNP_SURVEY_QUESTION_RESPONSES,Survey Response Created Month,Survey Response Created Month for the Survey Question Response entity.
_MDD_JCT_CSS_PNP_SURVEY_QUESTION_RESPONSES,Survey Response Created Year,Survey Response Created Year for the Survey Question Response entity.
_MDD_JCT_ENTRA_AGENCY,Agency ID,Unique ID of the Agency.
_MDD_JCT_ENTRA_AGENCY,Tenant ID,Unique ID of the Tenant.
_MDD_JCT_ENTRA_AGENCY,Agency Address Street,Address component value.
_MDD_JCT_ENTRA_AGENCY,Agency Address City,Address component value.
_MDD_JCT_ENTRA_AGENCY,Agency Address State,Address component value.
_MDD_JCT_ENTRA_AGENCY,Agency Address Zip,Address component value.
_MDD_JCT_ENTRA_AGENCY,Agency Address Country,Address component value.
_MDD_JCT_ENTRA_AGENCY,Tenent Created Date,Date or date/time associated with the record.
_MDD_JCT_ENTRA_AGENCY,Agency Name,Name or display label for the agency record.
_MDD_JCT_ENTRA_AGENCY,Tenant OnPrem Last Sync Date,Date or date/time associated with the record.
_MDD_JCT_ENTRA_AGENCY,Tenant OnPrem Sync Enabled,Tenant OnPrem Sync Enabled value for the agency record.
_MDD_JCT_ENTRA_AGENCY,Agency MFA Enforcement,Agency MFA Enforcement value for the agency record.
_MDD_JCT_ENTRA_USERS,User ID,Unique ID of the User.
_MDD_JCT_ENTRA_USERS,User ID UPN,Identifier value for user upn.
_MDD_JCT_ENTRA_USERS,User ID Payroll,Identifier value for user payroll.
_MDD_JCT_ENTRA_USERS,User ID SID,Identifier value for user sid.
_MDD_JCT_ENTRA_USERS,User ID SID OnPrem,Identifier value for user sid onprem.
_MDD_JCT_ENTRA_USERS,User ID Immutable OnPrem,Identifier value for user immutable onprem.
_MDD_JCT_ENTRA_USERS,User Username,User Username value for the user record.
_MDD_JCT_ENTRA_USERS,User Name First,First name value.
_MDD_JCT_ENTRA_USERS,User Name Last,Last name value.
_MDD_JCT_ENTRA_USERS,User Name First & Last,Name formatted as first name followed by last name.
_MDD_JCT_ENTRA_USERS,User Name Last & First w/Initial,Name formatted as last name followed by first name.
_MDD_JCT_ENTRA_USERS,User Email Primary,Email address or email-related value.
_MDD_JCT_ENTRA_USERS,User Phone Primary,Phone number or phone-related classification value.
_MDD_JCT_ENTRA_USERS,User Address 1,Address component value.
_MDD_JCT_ENTRA_USERS,User Address 2,Address component value.
_MDD_JCT_ENTRA_USERS,User Address City,Address component value.
_MDD_JCT_ENTRA_USERS,User Address State,Address component value.
_MDD_JCT_ENTRA_USERS,User Address Zip,Address component value.
_MDD_JCT_ENTRA_USERS,User Address Country,Address component value.
_MDD_JCT_ENTRA_USERS,User Company,User Company value for the user record.
_MDD_JCT_ENTRA_USERS,User Office Location,User Office Location value for the user record.
_MDD_JCT_ENTRA_USERS,User Usage Location,User Usage Location value for the user record.
_MDD_JCT_ENTRA_USERS,User Job Title,User Job Title value for the user record.
_MDD_JCT_ENTRA_USERS,User Department,User Department value for the user record.
_MDD_JCT_ENTRA_USERS,User Type,Type or category classification for the record.
_MDD_JCT_ENTRA_USERS,User Is Active,True/false or status-like indicator for the record.
_MDD_JCT_ENTRA_USERS,User Status,Status classification for the record.
_MDD_JCT_ENTRA_USERS,User Employment Status,Status classification for the record.
_MDD_JCT_ENTRA_USERS,User Is External User State,True/false or status-like indicator for the record.
_MDD_JCT_ENTRA_USERS,User Is External User,True/false or status-like indicator for the record.
_MDD_JCT_ENTRA_USERS,User Is External User Updated Date,Date or date/time associated with the record.
_MDD_JCT_ENTRA_USERS,User Password Set Status,Status classification for the record.
_MDD_JCT_ENTRA_USERS,User Password On Next Login,User Password On Next Login value for the user record.
_MDD_JCT_ENTRA_USERS,User Tenure Today Days,User Tenure Today Days value for the user record.
_MDD_JCT_ENTRA_USERS,User Tenure Today Years,User Tenure Today Years value for the user record.
_MDD_JCT_ENTRA_USERS,User OnPrem Last Sync Date,Date or date/time associated with the record.
_MDD_JCT_ENTRA_USERS,User OnPrem SAM Account Name,Name or display label for the user record.
_MDD_JCT_ENTRA_USERS,User OnPrem Sync Enabled,User OnPrem Sync Enabled value for the user record.
_MDD_JCT_ENTRA_USERS,User Link,Portal URL for opening the corresponding Microsoft Entra record.
_MDD_JCT_ENTRA_USERS,User MFA Most Secure Method,User MFA Most Secure Method value for the user record.
_MDD_JCT_ENTRA_USERS,User MFA Least Secure Method,User MFA Least Secure Method value for the user record.
_MDD_JCT_ENTRA_USERS,User MFA Method Count,Count of related records or events at this grain.
_MDD_JCT_ENTRA_USERS,User ID FA0,Identifier value for user fa0.
_MDD_JCT_ENTRA_USERS,User ID UPN Username,Identifier value for user upn username.
_MDD_JCT_ENTRA_USERS,User ID UPN Domain,Identifier value for user upn domain.
_MDD_JCT_ENTRA_USERS,User Username Short,User Username Short value for the user record.
_MDD_JCT_ENTRA_USERS,User ID UPN TLD,Identifier value for user upn tld.
_MDD_JCT_ENTRA_USERS,User Name Last & First w/Initial Non-Null,Name formatted as last name followed by first name.
_MDD_JCT_ENTRA_USERS,User MFA Method Not Set,User MFA Method Not Set value for the user record.
_MDD_JCT_ENTRA_USERS,User MFA Method Phone Only,Phone number or phone-related classification value.
_MDD_JCT_ENTRA_USERS,User MFA Method Color,Report-facing color or risk-level classification value.
_MDD_JCT_ENTRA_USERS,User Login Days Last 30,User Login Days Last 30 value for the user record.
_MDD_JCT_ENTRA_USERS,User Logins in Last 90 Days,User Logins in Last 90 Days value for the user record.
_MDD_JCT_ENTRA_USERS,User Logins in Last 60 Days,User Logins in Last 60 Days value for the user record.
_MDD_JCT_ENTRA_USERS,User Logins in Last 30 Days,User Logins in Last 30 Days value for the user record.
_MDD_JCT_ENTRA_GROUPS,Group ID,Unique ID of the Group.
_MDD_JCT_ENTRA_GROUPS,Group ID External,Identifier value for group external.
_MDD_JCT_ENTRA_GROUPS,Group ID SID,Identifier value for group sid.
_MDD_JCT_ENTRA_GROUPS,Group Name,Name or display label for the group record.
_MDD_JCT_ENTRA_GROUPS,Group Name Nickname,Name or display label for the group record.
_MDD_JCT_ENTRA_GROUPS,Group Preferred Language,Group Preferred Language value for the group record.
_MDD_JCT_ENTRA_GROUPS,Group Created Date,Date or date/time associated with the record.
_MDD_JCT_ENTRA_GROUPS,Group Description,Group Description value for the group record.
_MDD_JCT_ENTRA_GROUPS,Group Email Primary,Email address or email-related value.
_MDD_JCT_ENTRA_GROUPS,Group Email Primary Nickname,Email address or email-related value.
_MDD_JCT_ENTRA_GROUPS,Group Email Enabled,Email address or email-related value.
_MDD_JCT_ENTRA_GROUPS,Group Expiration Date,Date or date/time associated with the record.
_MDD_JCT_ENTRA_GROUPS,Group Expiration Status,Status classification for the record.
_MDD_JCT_ENTRA_GROUPS,Group Dynamic Membership Rule,Group Dynamic Membership Rule value for the group record.
_MDD_JCT_ENTRA_GROUPS,Group Is Assignable To Role,True/false or status-like indicator for the record.
_MDD_JCT_ENTRA_GROUPS,Group OnPrem Last Sync Date,Date or date/time associated with the record.
_MDD_JCT_ENTRA_GROUPS,Group OnPrem SAM Account Name,Name or display label for the group record.
_MDD_JCT_ENTRA_GROUPS,Group OnPrem Sync Enabled,Group OnPrem Sync Enabled value for the group record.
_MDD_JCT_ENTRA_GROUPS,Group Is Security Group,True/false or status-like indicator for the record.
_MDD_JCT_ENTRA_GROUPS,Group Visibility,Group Visibility value for the group record.
_MDD_JCT_ENTRA_GROUPS,Group Link,Portal URL for opening the corresponding Microsoft Entra record.
_MDD_JCT_ENTRA_GROUPS,Group ID FA0,Identifier value for group fa0.
_MDD_JCT_ENTRA_GROUPS,Group ID SID OnPrem,Identifier value for group sid onprem.
_MDD_JCT_ENTRA_GROUPS,Group Name Short,Name or display label for the group record.
_MDD_JCT_ENTRA_GROUPS,Group Name Sequence ASC,Name or display label for the group record.
_MDD_JCT_ENTRA_GROUPS,Group Membership Count (All),Count of related records or events at this grain.
_MDD_JCT_ENTRA_GROUPS,Group Membership Count (Active),Count of related records or events at this grain.
_MDD_JCT_ENTRA_GROUPS,Group Name Medium,Name or display label for the group record.
_MDD_JCT_ENTRA_LOGINS,Login ID,Unique ID of the Login.
_MDD_JCT_ENTRA_LOGINS,Login Created Date,Date or date/time associated with the record.
_MDD_JCT_ENTRA_LOGINS,User Display Name,Name or display label for the login record.
_MDD_JCT_ENTRA_LOGINS,User ID UPN,Identifier value for user upn.
_MDD_JCT_ENTRA_LOGINS,User ID,Unique ID of the User.
_MDD_JCT_ENTRA_LOGINS,App ID,Unique ID of the App.
_MDD_JCT_ENTRA_LOGINS,App Display Name,Name or display label for the login record.
_MDD_JCT_ENTRA_LOGINS,Login IP Address,Address component value.
_MDD_JCT_ENTRA_LOGINS,Login App Used,Login App Used value for the login record.
_MDD_JCT_ENTRA_LOGINS,Correlation ID,Unique ID of the Correlation.
_MDD_JCT_ENTRA_LOGINS,Login Conditional Access Status,Status classification for the record.
_MDD_JCT_ENTRA_LOGINS,Is Interactive,True/false or status-like indicator for the record.
_MDD_JCT_ENTRA_LOGINS,Login Risk Detail,Login Risk Detail value for the login record.
_MDD_JCT_ENTRA_LOGINS,Login Risk Level Aggregated,Report-facing color or risk-level classification value.
_MDD_JCT_ENTRA_LOGINS,Login Risk Level During Sign-In,Report-facing color or risk-level classification value.
_MDD_JCT_ENTRA_LOGINS,Login Risk State,Login Risk State value for the login record.
_MDD_JCT_ENTRA_LOGINS,Resource Display Name,Name or display label for the login record.
_MDD_JCT_ENTRA_LOGINS,Resource ID,Unique ID of the Resource.
_MDD_JCT_ENTRA_MFA_DEFINITIONS,Definition,Definition value for the mfa definition record.
_MDD_JCT_ENTRA_MFA_DEFINITIONS,MFA Type ID,Unique ID of the MFA Type.
_MDD_JCT_ENTRA_MFA_DEFINITIONS,Authentication Type,Type or category classification for the record.
_MDD_JCT_ENTRA_MFA_DEFINITIONS,Authentication Type Short,Type or category classification for the record.
_MDD_JCT_ENTRA_MFA_DEFINITIONS,Authentication Security Rank,Rank or ordered priority value.
_MDD_JCT_ENTRA_MFA_DEFINITIONS,Authentication Is MFA Capable,True/false or status-like indicator for the record.
_MDD_JCT_ENTRA_MFA_DEFINITIONS,Authentication MFA Color,Report-facing color or risk-level classification value.
_MDD_JCT_ENTRA_MFA_DEFINITIONS,Authentication Type Sort Order,Type or category classification for the record.
_MDD_JCT_ENTRA_AUTHENTICATION_METHODS,User ID,Unique ID of the User.
_MDD_JCT_ENTRA_AUTHENTICATION_METHODS,Authentication ID,Unique ID of the Authentication.
_MDD_JCT_ENTRA_AUTHENTICATION_METHODS,Authentication Type,Type or category classification for the record.
_MDD_JCT_ENTRA_AUTHENTICATION_METHODS,Authentication Phone Name,Name or display label for the authentication method record.
_MDD_JCT_ENTRA_AUTHENTICATION_METHODS,Authentication PC Name,Name or display label for the authentication method record.
_MDD_JCT_ENTRA_AUTHENTICATION_METHODS,Authentication Device Name,Name or display label for the authentication method record.
_MDD_JCT_ENTRA_AUTHENTICATION_METHODS,Authentication Is MFA Capable,True/false or status-like indicator for the record.
_MDD_JCT_ENTRA_AUTHENTICATION_METHODS,Authentication Security Rank,Rank or ordered priority value.
_MDD_JCT_ENTRA_AUTHENTICATION_METHODS,Authentication Is Phone Based,Phone number or phone-related classification value.
_MDD_JCT_ENTRA_AUTHENTICATION_METHODS,Authentication Phone Type,Phone number or phone-related classification value.
_MDD_JCT_ENTRA_AUTHENTICATION_METHODS,Authentication Phone Is SMS Capable,Phone number or phone-related classification value.
_MDD_JCT_ENTRA_AUTHENTICATION_METHODS,Authentication Phone,Phone number or phone-related classification value.
_MDD_JCT_ENTRA_AUTHENTICATION_METHODS,Authenticaiton Phone Sign-In State,Phone number or phone-related classification value.
_MDD_JCT_ENTRA_AUTHENTICATION_METHODS,Authentication Email Address,Email address or email-related value.
_MDD_JCT_ENTRA_AUTHENTICATION_METHODS,Authentication Email Address Username,Email address or email-related value.
_MDD_JCT_ENTRA_AUTHENTICATION_METHODS,Authentication Email Address Domain,Email address or email-related value.
_MDD_JCT_ENTRA_AUTHENTICATION_METHODS,Authentication Email Address TLD,Email address or email-related value.
_MDD_JCT_ENTRA_AUTHENTICATION_METHODS,Authentication Security Rank Sequence ASC,Rank or ordered priority value.
_MDD_JCT_ENTRA_AUTHENTICATION_METHODS,Authentication Security Rank Sequence DESC,Rank or ordered priority value.
_MDD_JCT_ENTRA_AUTHENTICATION_METHODS,Authentication Type Short,Type or category classification for the record.
_MDD_JCT_ENTRA_AUTHENTICATION_METHODS,Authentication Is MFA Explanation,True/false or status-like indicator for the record.
_MDD_JCT_ENTRA_AUTHENTICATION_METHODS,Authentication MFA Color,Report-facing color or risk-level classification value.
_MDD_JCT_ENTRA_AUTHENTICATION_METHODS,Authentication Type Sort Order,Type or category classification for the record.
_MDD_JCT_ENTRA_USERS_MFA,User ID,Unique ID of the User.
_MDD_JCT_ENTRA_USERS_MFA,Authentication Type,Type or category classification for the record.
_MDD_JCT_ENTRA_USERS_MFA,Authentication Type Short,Type or category classification for the record.
_MDD_JCT_ENTRA_USERS_MFA,Authentication Device Name,Name or display label for the user mfa record.
_MDD_JCT_ENTRA_USERS_MFA,Authentication Is Phone Based,Phone number or phone-related classification value.
_MDD_JCT_ENTRA_USERS_MFA,Authentication PC Name,Name or display label for the user mfa record.
_MDD_JCT_ENTRA_USERS_MFA,Authentication Phone,Phone number or phone-related classification value.
_MDD_JCT_ENTRA_USERS_MFA,Authentication Phone Is SMS Capable,Phone number or phone-related classification value.
_MDD_JCT_ENTRA_USERS_MFA,Authentication Phone Name,Name or display label for the user mfa record.
_MDD_JCT_ENTRA_USERS_MFA,Authentication Phone Type,Phone number or phone-related classification value.
_MDD_JCT_ENTRA_USERS_MFA,Authentication Security Rank,Rank or ordered priority value.
_MDD_JCT_ENTRA_USERS_MFA,Authentication Security Rank Sequence ASC,Rank or ordered priority value.
_MDD_JCT_ENTRA_USERS_MFA,Authentication Is MFA Explanation,True/false or status-like indicator for the record.
_MDD_JCT_ENTRA_USERS_MFA,Authentication Configured for User,Authentication Configured for User value for the user mfa record.
_MDD_JCT_ENTRA_USERS_MFA,Authentication MFA Color,Report-facing color or risk-level classification value.
_MDD_JCT_ENTRA_USERS_MFA,Authentication Type Sort Order,Type or category classification for the record.
_MDD_JCT_ENTRA_USERS_MFA,User MFA Auth ID FA0,Identifier value for user mfa auth fa0.
_MDD_JCT_ENTRA_USERS_MFA,Auth Configured MFA Risk Level,Report-facing color or risk-level classification value.
_MDD_JCT_ENTRA_USER_GROUPS,User ID,Unique ID of the User.
_MDD_JCT_ENTRA_USER_GROUPS,Group ID,Unique ID of the Group.
_MDD_JCT_ENTRA_USER_GROUPS,User ID UPN,Identifier value for user upn.
_MDD_JCT_ENTRA_USER_GROUPS,User ID Payroll,Identifier value for user payroll.
_MDD_JCT_ENTRA_USER_GROUPS,User ID SID,Identifier value for user sid.
_MDD_JCT_ENTRA_USER_GROUPS,User ID SID OnPrem,Identifier value for user sid onprem.
_MDD_JCT_ENTRA_USER_GROUPS,User ID Immutable OnPrem,Identifier value for user immutable onprem.
_MDD_JCT_ENTRA_USER_GROUPS,User Username,User Username value for the _mdd_jct_entra_user_groups record.
_MDD_JCT_ENTRA_USER_GROUPS,User Name First,First name value.
_MDD_JCT_ENTRA_USER_GROUPS,User Name Last,Last name value.
_MDD_JCT_ENTRA_USER_GROUPS,User Name First & Last,Name formatted as first name followed by last name.
_MDD_JCT_ENTRA_USER_GROUPS,User Name Last & First w/Initial,Name formatted as last name followed by first name.
_MDD_JCT_ENTRA_USER_GROUPS,User Email Primary,Email address or email-related value.
_MDD_JCT_ENTRA_USER_GROUPS,User Phone Primary,Phone number or phone-related classification value.
_MDD_JCT_ENTRA_USER_GROUPS,User Address 1,Address component value.
_MDD_JCT_ENTRA_USER_GROUPS,User Address 2,Address component value.
_MDD_JCT_ENTRA_USER_GROUPS,User Address City,Address component value.
_MDD_JCT_ENTRA_USER_GROUPS,User Address State,Address component value.
_MDD_JCT_ENTRA_USER_GROUPS,User Address Zip,Address component value.
_MDD_JCT_ENTRA_USER_GROUPS,User Address Country,Address component value.
_MDD_JCT_ENTRA_USER_GROUPS,User Company,User Company value for the _mdd_jct_entra_user_groups record.
_MDD_JCT_ENTRA_USER_GROUPS,User Office Location,User Office Location value for the _mdd_jct_entra_user_groups record.
_MDD_JCT_ENTRA_USER_GROUPS,User Usage Location,User Usage Location value for the _mdd_jct_entra_user_groups record.
_MDD_JCT_ENTRA_USER_GROUPS,User Job Title,User Job Title value for the _mdd_jct_entra_user_groups record.
_MDD_JCT_ENTRA_USER_GROUPS,User Department,User Department value for the _mdd_jct_entra_user_groups record.
_MDD_JCT_ENTRA_USER_GROUPS,User Type,Type or category classification for the record.
_MDD_JCT_ENTRA_USER_GROUPS,User Is Active,True/false or status-like indicator for the record.
_MDD_JCT_ENTRA_USER_GROUPS,User Status,Status classification for the record.
_MDD_JCT_ENTRA_USER_GROUPS,User Employment Status,Status classification for the record.
_MDD_JCT_ENTRA_USER_GROUPS,User Is External User State,True/false or status-like indicator for the record.
_MDD_JCT_ENTRA_USER_GROUPS,User Is External User,True/false or status-like indicator for the record.
_MDD_JCT_ENTRA_USER_GROUPS,User Is External User Updated Date,Date or date/time associated with the record.
_MDD_JCT_ENTRA_USER_GROUPS,User Password Set Status,Status classification for the record.
_MDD_JCT_ENTRA_USER_GROUPS,User Password On Next Login,User Password On Next Login value for the _mdd_jct_entra_user_groups record.
_MDD_JCT_ENTRA_USER_GROUPS,User Tenure Today Days,User Tenure Today Days value for the _mdd_jct_entra_user_groups record.
_MDD_JCT_ENTRA_USER_GROUPS,User Tenure Today Years,User Tenure Today Years value for the _mdd_jct_entra_user_groups record.
_MDD_JCT_ENTRA_USER_GROUPS,User OnPrem Last Sync Date,Date or date/time associated with the record.
_MDD_JCT_ENTRA_USER_GROUPS,User OnPrem SAM Account Name,Name or display label for the _mdd_jct_entra_user_groups record.
_MDD_JCT_ENTRA_USER_GROUPS,User OnPrem Sync Enabled,User OnPrem Sync Enabled value for the _mdd_jct_entra_user_groups record.
_MDD_JCT_ENTRA_USER_GROUPS,User Link,Portal URL for opening the corresponding Microsoft Entra record.
_MDD_JCT_ENTRA_USER_GROUPS,User MFA Most Secure Method,User MFA Most Secure Method value for the _mdd_jct_entra_user_groups record.
_MDD_JCT_ENTRA_USER_GROUPS,User MFA Least Secure Method,User MFA Least Secure Method value for the _mdd_jct_entra_user_groups record.
_MDD_JCT_ENTRA_USER_GROUPS,User MFA Method Count,Count of related records or events at this grain.
_MDD_JCT_ENTRA_USER_GROUPS,User ID FA0,Identifier value for user fa0.
_MDD_JCT_ENTRA_USER_GROUPS,User ID UPN Username,Identifier value for user upn username.
_MDD_JCT_ENTRA_USER_GROUPS,User ID UPN Domain,Identifier value for user upn domain.
_MDD_JCT_ENTRA_USER_GROUPS,User Username Short,User Username Short value for the _mdd_jct_entra_user_groups record.
_MDD_JCT_ENTRA_USER_GROUPS,User ID UPN TLD,Identifier value for user upn tld.
_MDD_JCT_ENTRA_USER_GROUPS,User Name Last & First w/Initial Non-Null,Name formatted as last name followed by first name.
_MDD_JCT_ENTRA_USER_GROUPS,User MFA Method Not Set,User MFA Method Not Set value for the _mdd_jct_entra_user_groups record.
_MDD_JCT_ENTRA_USER_GROUPS,User MFA Method Phone Only,Phone number or phone-related classification value.
_MDD_JCT_ENTRA_USER_GROUPS,User MFA Method Color,Report-facing color or risk-level classification value.
_MDD_JCT_ENTRA_USER_GROUPS,User Login Days Last 30,User Login Days Last 30 value for the _mdd_jct_entra_user_groups record.
_MDD_JCT_ENTRA_USER_GROUPS,User Logins in Last 90 Days,User Logins in Last 90 Days value for the _mdd_jct_entra_user_groups record.
_MDD_JCT_ENTRA_USER_GROUPS,User Logins in Last 60 Days,User Logins in Last 60 Days value for the _mdd_jct_entra_user_groups record.
_MDD_JCT_ENTRA_USER_GROUPS,User Logins in Last 30 Days,User Logins in Last 30 Days value for the _mdd_jct_entra_user_groups record.
_MDD_JCT_ENTRA_USER_GROUPS,Group ID External,Identifier value for group external.
_MDD_JCT_ENTRA_USER_GROUPS,Group ID SID,Identifier value for group sid.
_MDD_JCT_ENTRA_USER_GROUPS,Group Name,Name or display label for the _mdd_jct_entra_user_groups record.
_MDD_JCT_ENTRA_USER_GROUPS,Group Name Nickname,Name or display label for the _mdd_jct_entra_user_groups record.
_MDD_JCT_ENTRA_USER_GROUPS,Group Preferred Language,Group Preferred Language value for the _mdd_jct_entra_user_groups record.
_MDD_JCT_ENTRA_USER_GROUPS,Group Created Date,Date or date/time associated with the record.
_MDD_JCT_ENTRA_USER_GROUPS,Group Description,Group Description value for the _mdd_jct_entra_user_groups record.
_MDD_JCT_ENTRA_USER_GROUPS,Group Email Primary,Email address or email-related value.
_MDD_JCT_ENTRA_USER_GROUPS,Group Email Primary Nickname,Email address or email-related value.
_MDD_JCT_ENTRA_USER_GROUPS,Group Email Enabled,Email address or email-related value.
_MDD_JCT_ENTRA_USER_GROUPS,Group Expiration Date,Date or date/time associated with the record.
_MDD_JCT_ENTRA_USER_GROUPS,Group Expiration Status,Status classification for the record.
_MDD_JCT_ENTRA_USER_GROUPS,Group Dynamic Membership Rule,Group Dynamic Membership Rule value for the _mdd_jct_entra_user_groups record.
_MDD_JCT_ENTRA_USER_GROUPS,Group Is Assignable To Role,True/false or status-like indicator for the record.
_MDD_JCT_ENTRA_USER_GROUPS,Group OnPrem Last Sync Date,Date or date/time associated with the record.
_MDD_JCT_ENTRA_USER_GROUPS,Group OnPrem SAM Account Name,Name or display label for the _mdd_jct_entra_user_groups record.
_MDD_JCT_ENTRA_USER_GROUPS,Group OnPrem Sync Enabled,Group OnPrem Sync Enabled value for the _mdd_jct_entra_user_groups record.
_MDD_JCT_ENTRA_USER_GROUPS,Group Is Security Group,True/false or status-like indicator for the record.
_MDD_JCT_ENTRA_USER_GROUPS,Group Visibility,Group Visibility value for the _mdd_jct_entra_user_groups record.
_MDD_JCT_ENTRA_USER_GROUPS,Group Link,Portal URL for opening the corresponding Microsoft Entra record.
_MDD_JCT_ENTRA_USER_GROUPS,Group ID FA0,Identifier value for group fa0.
_MDD_JCT_ENTRA_USER_GROUPS,Group ID SID OnPrem,Identifier value for group sid onprem.
_MDD_JCT_ENTRA_USER_GROUPS,Group Name Short,Name or display label for the _mdd_jct_entra_user_groups record.
_MDD_JCT_ENTRA_USER_GROUPS,Group Name Sequence ASC,Name or display label for the _mdd_jct_entra_user_groups record.
_MDD_JCT_ENTRA_USER_GROUPS,Group Membership Count (All),Count of related records or events at this grain.
_MDD_JCT_ENTRA_USER_GROUPS,Group Membership Count (Active),Count of related records or events at this grain.
_MDD_JCT_ENTRA_USER_GROUPS,Group Name Medium,Name or display label for the _mdd_jct_entra_user_groups record.
_MDD_JCT_ENTRA_USER_GROUP_MEMBERSHIP_STATUS,Group ID,Unique ID of the Group.
_MDD_JCT_ENTRA_USER_GROUP_MEMBERSHIP_STATUS,User ID,Unique ID of the User.
_MDD_JCT_ENTRA_USER_GROUP_MEMBERSHIP_STATUS,User Group Membership Count,Count of related records or events at this grain.
_MDD_JCT_ENTRA_USER_GROUP_MEMBERSHIP_STATUS,User Group Membership Status,Status classification for the record.
_MDD_JCT_ENTRA_USER_GROUP_MEMBERSHIP_STATUS,User Group Membership Status Bit,Status classification for the record.
_MDD_JCT_ENTRA_USER_LOGIN_HISTORY_SUMMARY,User ID,Unique ID of the User.
_MDD_JCT_ENTRA_USER_LOGIN_HISTORY_SUMMARY,User Login Days Last 30,User Login Days Last 30 value for the user login summary record.
_MDD_JCT_ENTRA_LINKS_USERS,User ID,Unique ID of the User.
_MDD_JCT_ENTRA_LINKS_USERS,User Link,Portal URL for opening the corresponding Microsoft Entra record.
_MDD_JCT_ENTRA_LINKS_GROUPS,Group ID,Unique ID of the Group.
_MDD_JCT_ENTRA_LINKS_GROUPS,Group Link,Portal URL for opening the corresponding Microsoft Entra record.
_MDD_JCT_ENTRA_USERS_UNPIVOT,id,Technical row identifier emitted by the unpivot procedure for the source table row.
_MDD_JCT_ENTRA_USERS_UNPIVOT,table_name,Name of the source table represented by the unpivoted row.
_MDD_JCT_ENTRA_USERS_UNPIVOT,field_name,Name of the source field represented by the unpivoted row.
_MDD_JCT_ENTRA_USERS_UNPIVOT,data_type,SQL data type bucket used by the unpivot procedure for the source value.
_MDD_JCT_ENTRA_USERS_UNPIVOT,bigint_value,Unpivoted source value stored in the [bigint_value] type-specific value column.
_MDD_JCT_ENTRA_USERS_UNPIVOT,float_value,Unpivoted source value stored in the [float_value] type-specific value column.
_MDD_JCT_ENTRA_USERS_UNPIVOT,nvarchar_value,Unpivoted source value stored in the [nvarchar_value] type-specific value column.
_MDD_JCT_ENTRA_USERS_UNPIVOT,datetime_value,Unpivoted source value stored in the [datetime_value] type-specific value column.
_MDD_JCT_ENTRA_USERS_UNPIVOT,bit_value,Unpivoted source value stored in the [bit_value] type-specific value column.
_MDD_JCT_ENTRA_USERS_UNPIVOT,decimal_value,Unpivoted source value stored in the [decimal_value] type-specific value column.
_MDD_JCT_ENTRA_USERS_UNPIVOT,time_value,Unpivoted source value stored in the [time_value] type-specific value column.
_MDD_JCT_ENTRA_USERS_UNPIVOT,date_value,Unpivoted source value stored in the [date_value] type-specific value column.
_MDD_JCT_ENTRA_USERS_UNPIVOT,numeric_value,Unpivoted source value stored in the [numeric_value] type-specific value column.
_MDD_JCT_ENTRA_USERS_UNPIVOT,all_value,Unpivoted source value stored in the [all_value] type-specific value column.
_MDD_JCT_ENTRA_GROUPS_UNPIVOT,id,Technical row identifier emitted by the unpivot procedure for the source table row.
_MDD_JCT_ENTRA_GROUPS_UNPIVOT,table_name,Name of the source table represented by the unpivoted row.
_MDD_JCT_ENTRA_GROUPS_UNPIVOT,field_name,Name of the source field represented by the unpivoted row.
_MDD_JCT_ENTRA_GROUPS_UNPIVOT,data_type,SQL data type bucket used by the unpivot procedure for the source value.
_MDD_JCT_ENTRA_GROUPS_UNPIVOT,bigint_value,Unpivoted source value stored in the [bigint_value] type-specific value column.
_MDD_JCT_ENTRA_GROUPS_UNPIVOT,float_value,Unpivoted source value stored in the [float_value] type-specific value column.
_MDD_JCT_ENTRA_GROUPS_UNPIVOT,nvarchar_value,Unpivoted source value stored in the [nvarchar_value] type-specific value column.
_MDD_JCT_ENTRA_GROUPS_UNPIVOT,datetime_value,Unpivoted source value stored in the [datetime_value] type-specific value column.
_MDD_JCT_ENTRA_GROUPS_UNPIVOT,bit_value,Unpivoted source value stored in the [bit_value] type-specific value column.
_MDD_JCT_ENTRA_GROUPS_UNPIVOT,decimal_value,Unpivoted source value stored in the [decimal_value] type-specific value column.
_MDD_JCT_ENTRA_GROUPS_UNPIVOT,time_value,Unpivoted source value stored in the [time_value] type-specific value column.
_MDD_JCT_ENTRA_GROUPS_UNPIVOT,date_value,Unpivoted source value stored in the [date_value] type-specific value column.
_MDD_JCT_ENTRA_GROUPS_UNPIVOT,numeric_value,Unpivoted source value stored in the [numeric_value] type-specific value column.
_MDD_JCT_ENTRA_GROUPS_UNPIVOT,all_value,Unpivoted source value stored in the [all_value] type-specific value column.
_MDD_JCT_ENTRA_USERS_MFA_UNPIVOT,id,Technical row identifier emitted by the unpivot procedure for the source table row.
_MDD_JCT_ENTRA_USERS_MFA_UNPIVOT,table_name,Name of the source table represented by the unpivoted row.
_MDD_JCT_ENTRA_USERS_MFA_UNPIVOT,field_name,Name of the source field represented by the unpivoted row.
_MDD_JCT_ENTRA_USERS_MFA_UNPIVOT,data_type,SQL data type bucket used by the unpivot procedure for the source value.
_MDD_JCT_ENTRA_USERS_MFA_UNPIVOT,bigint_value,Unpivoted source value stored in the [bigint_value] type-specific value column.
_MDD_JCT_ENTRA_USERS_MFA_UNPIVOT,float_value,Unpivoted source value stored in the [float_value] type-specific value column.
_MDD_JCT_ENTRA_USERS_MFA_UNPIVOT,nvarchar_value,Unpivoted source value stored in the [nvarchar_value] type-specific value column.
_MDD_JCT_ENTRA_USERS_MFA_UNPIVOT,datetime_value,Unpivoted source value stored in the [datetime_value] type-specific value column.
_MDD_JCT_ENTRA_USERS_MFA_UNPIVOT,bit_value,Unpivoted source value stored in the [bit_value] type-specific value column.
_MDD_JCT_ENTRA_USERS_MFA_UNPIVOT,decimal_value,Unpivoted source value stored in the [decimal_value] type-specific value column.
_MDD_JCT_ENTRA_USERS_MFA_UNPIVOT,time_value,Unpivoted source value stored in the [time_value] type-specific value column.
_MDD_JCT_ENTRA_USERS_MFA_UNPIVOT,date_value,Unpivoted source value stored in the [date_value] type-specific value column.
_MDD_JCT_ENTRA_USERS_MFA_UNPIVOT,numeric_value,Unpivoted source value stored in the [numeric_value] type-specific value column.
_MDD_JCT_ENTRA_USERS_MFA_UNPIVOT,all_value,Unpivoted source value stored in the [all_value] type-specific value column.
_MDD_JCT_QUICKMAR_CLIENTS,Client ID,Unique ID of the Client.
_MDD_JCT_QUICKMAR_CLIENTS,Client ID Pharmacy,The client's pharmacy-facing ID.
_MDD_JCT_QUICKMAR_CLIENTS,Client ID MRN,The client's medical record number.
_MDD_JCT_QUICKMAR_CLIENTS,Location ID,"Unique ID of the Location, also known in QuickMAR as a Facility."
_MDD_JCT_QUICKMAR_CLIENTS,Client Name First & Last,The client's name formatted as first and last.
_MDD_JCT_QUICKMAR_CLIENTS,Client Name Last & First,"The client's name formatted as last, first."
_MDD_JCT_QUICKMAR_CLIENTS,Client Name First & Last w/Initial,The client's display name formatted as first name and last name (legacy initial-style label).
_MDD_JCT_QUICKMAR_CLIENTS,Client Name First & Last w/Initial & Client ID,The client's display name formatted as first name and last name with the client ID appended.
_MDD_JCT_QUICKMAR_CLIENTS,Client Name Last & First w/Initial,"The client's display name formatted as last name, first name (legacy initial-style label)."
_MDD_JCT_QUICKMAR_CLIENTS,Client Name Last & First w/Initial & Client ID,"The client's display name formatted as last name, first name with the client ID appended."
_MDD_JCT_QUICKMAR_CLIENTS,Client Name First,The client's first name.
_MDD_JCT_QUICKMAR_CLIENTS,Client Name Last,The client's last name.
_MDD_JCT_QUICKMAR_CLIENTS,Client Name Nickname,The client's nickname.
_MDD_JCT_QUICKMAR_CLIENTS,Client Date of Birth,The client's date of birth.
_MDD_JCT_QUICKMAR_CLIENTS,Client Gender,"The client's gender as recorded. QuickMAR does not provide separate source fields for gender and sex, so this value is sourced from the same underlying field as [Client Sex]."
_MDD_JCT_QUICKMAR_CLIENTS,Client Sex,"The client's sex as recorded. QuickMAR does not provide separate source fields for sex and gender, so this value is sourced from the same underlying field as [Client Gender]."
_MDD_JCT_QUICKMAR_CLIENTS,Client Room Number,The room or bed recorded for the client.
_MDD_JCT_QUICKMAR_CLIENTS,Client Admission Date,The date the client was admitted.
_MDD_JCT_QUICKMAR_CLIENTS,Client Admission Date Fiscal Year,The fiscal year of the client admission date.
_MDD_JCT_QUICKMAR_CLIENTS,Client Discharge Date,The date the client was discharged.
_MDD_JCT_QUICKMAR_CLIENTS,Client Discharge Date Fiscal Year,The fiscal year of the client discharge date.
_MDD_JCT_QUICKMAR_CLIENTS,Client Age in Days,The client's age expressed in days based on date of birth.
_MDD_JCT_QUICKMAR_CLIENTS,Client Age in Months,The client's age expressed in months based on date of birth.
_MDD_JCT_QUICKMAR_CLIENTS,Client Age in Years,The client's age expressed in years based on date of birth.
_MDD_JCT_QUICKMAR_CLIENTS,Client Age In Years Old Difference,The numeric age calculation in years derived from the client date of birth and the current date.
_MDD_JCT_QUICKMAR_CLIENTS,Client Age In Years Old,The client's age in whole years.
_MDD_JCT_QUICKMAR_CLIENTS,Client ID FA1,A deterministic fallback client identifier generated from client demographic fields when a standardized alternate key is needed.
_MDD_JCT_QUICKMAR_CLIENTS,Client Status,The client status value as recorded.
_MDD_JCT_QUICKMAR_CLIENTS,Client Is Active,Indicates whether the client is active.
_MDD_JCT_QUICKMAR_CLIENTS,Client Is Inactive,Indicates whether the client is inactive.
_MDD_JCT_QUICKMAR_CLIENTS,Client Is Assessment Needed,Indicates whether an assessment is needed for the client. Indicates whether an assessment is needed.
_MDD_JCT_QUICKMAR_CLIENTS,Client Is Red Flagged,Indicates whether the client is flagged for attention.
_MDD_JCT_QUICKMAR_CLIENTS,Client Physician,The physician associated with the client.
_MDD_JCT_QUICKMAR_CLIENTS,Client Allergies,"The client's allergy list, usually free text."
_MDD_JCT_QUICKMAR_CLIENTS,Client Diagnoses,Diagnoses recorded for the client.
_MDD_JCT_QUICKMAR_CLIENTS,Client Diet,Diet information recorded for the client.
_MDD_JCT_QUICKMAR_CLIENTS,Client Code Status,The client's code status (for example DNR).
_MDD_JCT_QUICKMAR_CLIENTS,Medication Cart ID,Unique ID of the Medication Cart.
_MDD_JCT_QUICKMAR_CLIENTS,Treatment Cart ID,Unique ID of the Treatment Cart.
_MDD_JCT_QUICKMAR_CLIENTS,Client Picture Taken Date,The date and time the client photo was taken.
_MDD_JCT_QUICKMAR_CLIENTS,Client Picture Uploaded Date,The date and time the client photo was uploaded.
_MDD_JCT_QUICKMAR_EMAR_OVERVIEW,EMAR Overview ID,Unique ID of the EMAR Overview.
_MDD_JCT_QUICKMAR_EMAR_OVERVIEW,EMAR Overview ID FA0,A generated fallback identifier for the EMAR overview statistic record when no stable source-native key is used.
_MDD_JCT_QUICKMAR_EMAR_OVERVIEW,Location ID,Unique ID of the Location.
_MDD_JCT_QUICKMAR_EMAR_OVERVIEW,EMAR Overview Name,The name or key of the overview metric.
_MDD_JCT_QUICKMAR_EMAR_OVERVIEW,EMAR Overview Title,A display-friendly title for the overview metric.
_MDD_JCT_QUICKMAR_EMAR_OVERVIEW,EMAR Overview Value,The value of the overview metric.
_MDD_JCT_QUICKMAR_EMAR_OVERVIEW,EMAR Overview ETL Facility ID,Unique ID of the EMAR Overview ETL Facility.
_MDD_JCT_QUICKMAR_LOCATIONS,Location ID,Unique ID of the Location.
_MDD_JCT_QUICKMAR_ORDERS,Order ID,Unique ID of the Order.
_MDD_JCT_QUICKMAR_ORDERS,Client ID,Unique ID of the Client.
_MDD_JCT_QUICKMAR_ORDERS,Ordering Prescriber User Name Last & First,"The prescriber name associated with the order, formatted as last, first."
_MDD_JCT_QUICKMAR_ORDERS,Order Type Code,The order type code from QuickMAR.
_MDD_JCT_QUICKMAR_ORDERS,Order Type,The order type value as shaped by this module. A source SQL comment notes that the human-readable mapping of order type code values is still pending confirmation. Human-readable order-type mappings are still pending external confirmation.
_MDD_JCT_QUICKMAR_ORDERS,Order Status,The status of the order as shaped by this module. This status is determined by module logic using whether the order end date is missing or in the future.
_MDD_JCT_QUICKMAR_ORDERS,Location ID,Unique ID of the Location.
_MDD_JCT_QUICKMAR_ORDERS,Client ID Pharmacy,The client's pharmacy-facing id.
_MDD_JCT_QUICKMAR_ORDERS,Client ID MRN,The client's medical record number (mrn). The client's medical record number.
_MDD_JCT_QUICKMAR_ORDERS,Client Name First & Last,The client's name formatted as first and last.
_MDD_JCT_QUICKMAR_ORDERS,Client Name Last & First,"The client's name formatted as last, first."
_MDD_JCT_QUICKMAR_ORDERS,Client Name First & Last w/Initial,The client's display name formatted as first name and last name (legacy initial-style label).
_MDD_JCT_QUICKMAR_ORDERS,Client Name First & Last w/Initial & Client ID,The client's display name formatted as first name and last name with the client ID appended.
_MDD_JCT_QUICKMAR_ORDERS,Client Name Last & First w/Initial,"The client's display name formatted as last name, first name (legacy initial-style label)."
_MDD_JCT_QUICKMAR_ORDERS,Client Name Last & First w/Initial & Client ID,"The client's display name formatted as last name, first name with the client ID appended."
_MDD_JCT_QUICKMAR_ORDERS,Client Name First,The client's first name.
_MDD_JCT_QUICKMAR_ORDERS,Client Name Last,The client's last name.
_MDD_JCT_QUICKMAR_ORDERS,Client Name Nickname,The client's nickname.
_MDD_JCT_QUICKMAR_ORDERS,Client Date of Birth,The client's date of birth.
_MDD_JCT_QUICKMAR_ORDERS,Client Gender,"The client's gender as recorded. QuickMAR does not provide separate source fields for gender and sex, so this value is sourced from the same underlying field as [Client Sex]."
_MDD_JCT_QUICKMAR_ORDERS,Client Sex,"The client's sex as recorded. QuickMAR does not provide separate source fields for sex and gender, so this value is sourced from the same underlying field as [Client Gender]."
_MDD_JCT_QUICKMAR_ORDERS,Client Room Number,The room or bed recorded for the client.
_MDD_JCT_QUICKMAR_ORDERS,Client Admission Date,The date the client was admitted.
_MDD_JCT_QUICKMAR_ORDERS,Client Admission Date Fiscal Year,The fiscal year of the client admission date.
_MDD_JCT_QUICKMAR_ORDERS,Client Discharge Date,The date the client was discharged.
_MDD_JCT_QUICKMAR_ORDERS,Client Discharge Date Fiscal Year,The fiscal year of the client discharge date.
_MDD_JCT_QUICKMAR_ORDERS,Client Age in Days,The client's age expressed in days based on date of birth.
_MDD_JCT_QUICKMAR_ORDERS,Client Age in Months,The client's age expressed in months based on date of birth.
_MDD_JCT_QUICKMAR_ORDERS,Client Age in Years,The client's age expressed in years based on date of birth.
_MDD_JCT_QUICKMAR_ORDERS,Client Age In Years Old Difference,The numeric age calculation in years derived from the client date of birth and the current date.
_MDD_JCT_QUICKMAR_ORDERS,Client Age In Years Old,The client's age in whole years.
_MDD_JCT_QUICKMAR_ORDERS,Client ID FA1,A deterministic fallback client identifier generated from client demographic fields when a standardized alternate key is needed.
_MDD_JCT_QUICKMAR_ORDERS,Client Status,The client status value as recorded.
_MDD_JCT_QUICKMAR_ORDERS,Client Is Active,Indicates whether the client is active.
_MDD_JCT_QUICKMAR_ORDERS,Client Is Inactive,Indicates whether the client is inactive.
_MDD_JCT_QUICKMAR_ORDERS,Client Is Assessment Needed,Indicates whether an assessment is needed for the client. Indicates whether an assessment is needed.
_MDD_JCT_QUICKMAR_ORDERS,Client Is Red Flagged,Indicates whether the client is flagged for attention.
_MDD_JCT_QUICKMAR_ORDERS,Client Physician,The physician recorded for the client.
_MDD_JCT_QUICKMAR_ORDERS,Client Allergies,Allergies recorded for the client.
_MDD_JCT_QUICKMAR_ORDERS,Client Diagnoses,Diagnoses recorded for the client.
_MDD_JCT_QUICKMAR_ORDERS,Client Diet,Diet information recorded for the client.
_MDD_JCT_QUICKMAR_ORDERS,Client Code Status,The client's code status.
_MDD_JCT_QUICKMAR_ORDERS,Medication Cart ID,Unique ID of the Medication Cart.
_MDD_JCT_QUICKMAR_ORDERS,Treatment Cart ID,Unique ID of the Treatment Cart.
_MDD_JCT_QUICKMAR_ORDERS,Client Picture Taken Date,The date the client photo was taken.
_MDD_JCT_QUICKMAR_ORDERS,Client Picture Uploaded Date,The date the client photo was uploaded.
_MDD_JCT_QUICKMAR_ORDER_EXCEPTIONS,Order Exception ID,Unique ID of the Order Exception.
_MDD_JCT_QUICKMAR_ORDER_EXCEPTIONS,Order ID,Unique ID of the Order.
_MDD_JCT_QUICKMAR_ORDER_EXCEPTIONS,Order Item ID,Unique ID of the Order Item.
_MDD_JCT_QUICKMAR_ORDER_EXCEPTIONS,Client ID,Unique ID of the Client.
_MDD_JCT_QUICKMAR_ORDER_EXCEPTIONS,Location ID,Unique ID of the Location.
_MDD_JCT_QUICKMAR_ORDER_EXCEPTIONS,Order Exception Reason,The reason recorded for the medication order exception.
_MDD_JCT_QUICKMAR_ORDER_EXCEPTIONS,Order Exception Note,The note recorded for the medication order exception.
_MDD_JCT_QUICKMAR_ORDER_EXCEPTIONS,Schedule ID,Unique ID of the Schedule.
_MDD_JCT_QUICKMAR_ORDER_EXCEPTIONS,Medication Scheduled Time,Scheduled administration time for the medication. The scheduled time of the administration.
_MDD_JCT_QUICKMAR_ORDER_EXCEPTIONS,Medication Administered Time,Time the medication was administered.
_MDD_JCT_QUICKMAR_ORDER_EXCEPTIONS,Medication Amount,Amount administered for the medication.
_MDD_JCT_QUICKMAR_ORDER_EXCEPTIONS,User Name Name First,The user name's first name.
_MDD_JCT_QUICKMAR_ORDER_EXCEPTIONS,User Name Last,The user's last name.
_MDD_JCT_QUICKMAR_ORDER_EXCEPTIONS,User ID,Unique ID of the User.
_MDD_JCT_QUICKMAR_ORDER_EXCEPTIONS,Order Exception Updated Date,The date the Order Exception record was last updated.
_MDD_JCT_QUICKMAR_ORDER_EXCEPTIONS,Order Item Title,The title or label of the order item.
_MDD_JCT_QUICKMAR_ORDER_EXCEPTIONS,Order Item Status,The status recorded for the order item.
_MDD_JCT_QUICKMAR_ORDER_EXCEPTIONS,Order Type,The order type value as shaped by this module. A source SQL comment notes that the human-readable mapping of order type code values is still pending confirmation. Human-readable order-type mappings are still pending external confirmation.
_MDD_JCT_QUICKMAR_ORDER_EXCEPTIONS,Order Item Is Medication,"This is an inferred classification based on medication-like details, not an explicit structured medication flag from QuickMAR. Indicates whether the order item is considered a medication item."
_MDD_JCT_QUICKMAR_ORDER_EXCEPTIONS,Medication Instructions,The medication instructions associated with the item.
_MDD_JCT_QUICKMAR_ORDER_EXCEPTIONS,Order Item Instructions,The instructions recorded on the order item.
_MDD_JCT_QUICKMAR_ORDER_EXCEPTIONS,Order Item Is Prescription,Indicates whether the item is treated as a prescription.
_MDD_JCT_QUICKMAR_ORDER_EXCEPTIONS,Order Item Is Lab,Indicates whether the order item is treated as a lab item. A source SQL comment notes this field is currently placeholder logic and may later be inferred from [Order Type]. This is currently a provisional placeholder because lab classification may later be inferred from [Order Type].
_MDD_JCT_QUICKMAR_ORDER_EXCEPTIONS,Order Item Approval Status,A friendly status describing whether review or approval is needed and whether it is approved.
_MDD_JCT_QUICKMAR_ORDER_EXCEPTIONS,Order Item Is Red Flagged,Indicates whether the order item is marked as red flagged.
_MDD_JCT_QUICKMAR_ORDER_EXCEPTIONS,Medication RX Number,The prescription number recorded for the item.
_MDD_JCT_QUICKMAR_ORDER_EXCEPTIONS,Medication Barcode,The barcode value recorded for the medication item.
_MDD_JCT_QUICKMAR_ORDER_EXCEPTIONS,Medication Form Code,"The medication form code, for example tab or cap."
_MDD_JCT_QUICKMAR_ORDER_EXCEPTIONS,Medication Form Description,This description is based on hardcoded mapping logic and should be used with caution. A human-friendly description of the medication form.
_MDD_JCT_QUICKMAR_ORDER_EXCEPTIONS,Medication Is As Needed (PRN),PRN indicates medication intended for administration as needed. Indicates whether the medication is marked as prn.
_MDD_JCT_QUICKMAR_ORDER_EXCEPTIONS,Medication Is Sliding Scale,Indicates whether the medication is marked as sliding scale.
_MDD_JCT_QUICKMAR_ORDER_EXCEPTIONS,Medication Strength (Raw),This preserves the original free-text strength value entered by the prescriber. The raw strength text as it comes in.
_MDD_JCT_QUICKMAR_ORDER_EXCEPTIONS,Medication Strength,This is a best-effort parsed strength value and may not be fully accurate in all cases. The medication strength in a cleaned-up form.
_MDD_JCT_QUICKMAR_ORDER_EXCEPTIONS,Medication Strength Unit,This is a best-effort parsed unit value and may not be fully accurate in all cases. The unit parsed from the strength text.
_MDD_JCT_QUICKMAR_ORDER_EXCEPTIONS,Medication Strength Noramlized,This is a normalized display value recomposed from the parsed strength and unit values. The strength text normalized into a consistent format.
_MDD_JCT_QUICKMAR_ORDER_EXCEPTIONS,Medication Dx,This diagnosis value is free text and does not include a structured diagnosis identifier in source data. Diagnosis text tied to the medication or order item.
_MDD_JCT_QUICKMAR_ORDER_EXCEPTIONS,Medication ID National Drug Code,This NDC value can be linked to external NDC reference datasets for medication enrichment. The ndc recorded for the medication.
_MDD_JCT_QUICKMAR_ORDER_EXCEPTIONS,Ordering Prescriber User Name Last & First,"The prescriber name associated with the order, formatted as last, first."
_MDD_JCT_QUICKMAR_ORDER_EXCEPTIONS,Order Type Code,The order type code from QuickMAR.
_MDD_JCT_QUICKMAR_ORDER_EXCEPTIONS,Order Status,The status of the order as shaped by this module. This status is determined by module logic using whether the order end date is missing or in the future.
_MDD_JCT_QUICKMAR_ORDER_EXCEPTIONS,Client ID Pharmacy,The client's pharmacy-facing id.
_MDD_JCT_QUICKMAR_ORDER_EXCEPTIONS,Client ID MRN,The client's medical record number (mrn). The client's medical record number.
_MDD_JCT_QUICKMAR_ORDER_EXCEPTIONS,Client Name First & Last,The client's name formatted as first and last.
_MDD_JCT_QUICKMAR_ORDER_EXCEPTIONS,Client Name Last & First,"The client's name formatted as last, first."
_MDD_JCT_QUICKMAR_ORDER_EXCEPTIONS,Client Name First & Last w/Initial,The client's display name formatted as first name and last name (legacy initial-style label).
_MDD_JCT_QUICKMAR_ORDER_EXCEPTIONS,Client Name First & Last w/Initial & Client ID,The client's display name formatted as first name and last name with the client ID appended.
_MDD_JCT_QUICKMAR_ORDER_EXCEPTIONS,Client Name Last & First w/Initial,"The client's display name formatted as last name, first name (legacy initial-style label)."
_MDD_JCT_QUICKMAR_ORDER_EXCEPTIONS,Client Name Last & First w/Initial & Client ID,"The client's display name formatted as last name, first name with the client ID appended."
_MDD_JCT_QUICKMAR_ORDER_EXCEPTIONS,Client Name First,The client's first name.
_MDD_JCT_QUICKMAR_ORDER_EXCEPTIONS,Client Name Last,The client's last name.
_MDD_JCT_QUICKMAR_ORDER_EXCEPTIONS,Client Name Nickname,The client's nickname.
_MDD_JCT_QUICKMAR_ORDER_EXCEPTIONS,Client Date of Birth,The client's date of birth.
_MDD_JCT_QUICKMAR_ORDER_EXCEPTIONS,Client Gender,"The client's gender as recorded. QuickMAR does not provide separate source fields for gender and sex, so this value is sourced from the same underlying field as [Client Sex]."
_MDD_JCT_QUICKMAR_ORDER_EXCEPTIONS,Client Sex,"The client's sex as recorded. QuickMAR does not provide separate source fields for sex and gender, so this value is sourced from the same underlying field as [Client Gender]."
_MDD_JCT_QUICKMAR_ORDER_EXCEPTIONS,Client Room Number,The room or bed recorded for the client.
_MDD_JCT_QUICKMAR_ORDER_EXCEPTIONS,Client Admission Date,The date the client was admitted.
_MDD_JCT_QUICKMAR_ORDER_EXCEPTIONS,Client Admission Date Fiscal Year,The fiscal year of the client admission date.
_MDD_JCT_QUICKMAR_ORDER_EXCEPTIONS,Client Discharge Date,The date the client was discharged.
_MDD_JCT_QUICKMAR_ORDER_EXCEPTIONS,Client Discharge Date Fiscal Year,The fiscal year of the client discharge date.
_MDD_JCT_QUICKMAR_ORDER_EXCEPTIONS,Client Age in Days,The client's age expressed in days based on date of birth.
_MDD_JCT_QUICKMAR_ORDER_EXCEPTIONS,Client Age in Months,The client's age expressed in months based on date of birth.
_MDD_JCT_QUICKMAR_ORDER_EXCEPTIONS,Client Age in Years,The client's age expressed in years based on date of birth.
_MDD_JCT_QUICKMAR_ORDER_EXCEPTIONS,Client Age In Years Old Difference,The numeric age calculation in years derived from the client date of birth and the current date.
_MDD_JCT_QUICKMAR_ORDER_EXCEPTIONS,Client Age In Years Old,The client's age in whole years.
_MDD_JCT_QUICKMAR_ORDER_EXCEPTIONS,Client ID FA1,A deterministic fallback client identifier generated from client demographic fields when a standardized alternate key is needed.
_MDD_JCT_QUICKMAR_ORDER_EXCEPTIONS,Client Status,The client status value as recorded.
_MDD_JCT_QUICKMAR_ORDER_EXCEPTIONS,Client Is Active,Indicates whether the client is active.
_MDD_JCT_QUICKMAR_ORDER_EXCEPTIONS,Client Is Inactive,Indicates whether the client is inactive.
_MDD_JCT_QUICKMAR_ORDER_EXCEPTIONS,Client Is Assessment Needed,Indicates whether an assessment is needed for the client. Indicates whether an assessment is needed.
_MDD_JCT_QUICKMAR_ORDER_EXCEPTIONS,Client Is Red Flagged,Indicates whether the client is flagged for attention.
_MDD_JCT_QUICKMAR_ORDER_EXCEPTIONS,Client Physician,The physician recorded for the client.
_MDD_JCT_QUICKMAR_ORDER_EXCEPTIONS,Client Allergies,"The client's allergy list, usually free text. The client's allergy list."
_MDD_JCT_QUICKMAR_ORDER_EXCEPTIONS,Client Diagnoses,Diagnoses recorded for the client.
_MDD_JCT_QUICKMAR_ORDER_EXCEPTIONS,Client Diet,Diet information recorded for the client.
_MDD_JCT_QUICKMAR_ORDER_EXCEPTIONS,Client Code Status,"The client's code status, for example dnr. The client's code status."
_MDD_JCT_QUICKMAR_ORDER_EXCEPTIONS,Medication Cart ID,Unique ID of the Medication Cart.
_MDD_JCT_QUICKMAR_ORDER_EXCEPTIONS,Treatment Cart ID,Unique ID of the Treatment Cart.
_MDD_JCT_QUICKMAR_ORDER_EXCEPTIONS,Client Picture Taken Date,The date and time the client photo was taken.
_MDD_JCT_QUICKMAR_ORDER_EXCEPTIONS,Client Picture Uploaded Date,The date and time the client photo was uploaded.
_MDD_JCT_QUICKMAR_ORDER_ITEMS,Order Item ID,Unique ID of the Order Item.
_MDD_JCT_QUICKMAR_ORDER_ITEMS,Order ID,Unique ID of the Order.
_MDD_JCT_QUICKMAR_ORDER_ITEMS,Client ID,Unique ID of the Client.
_MDD_JCT_QUICKMAR_ORDER_ITEMS,Order Item Title,The title or label of the order item.
_MDD_JCT_QUICKMAR_ORDER_ITEMS,Location ID,Unique ID of the Location.
_MDD_JCT_QUICKMAR_ORDER_ITEMS,Order Item Status,The status recorded for the order item.
_MDD_JCT_QUICKMAR_ORDER_ITEMS,Order Type,The order type value as shaped by this module. A source SQL comment notes that the human-readable mapping of order type code values is still pending confirmation. Human-readable order-type mappings are still pending external confirmation.
_MDD_JCT_QUICKMAR_ORDER_ITEMS,Order Item Is Medication,"This is an inferred classification based on medication-like details, not an explicit structured medication flag from QuickMAR. Indicates whether the order item is considered a medication item."
_MDD_JCT_QUICKMAR_ORDER_ITEMS,Medication Instructions,The medication instructions associated with the item.
_MDD_JCT_QUICKMAR_ORDER_ITEMS,Order Item Instructions,The instructions recorded on the order item.
_MDD_JCT_QUICKMAR_ORDER_ITEMS,Order Item Is Prescription,Indicates whether the item is treated as a prescription.
_MDD_JCT_QUICKMAR_ORDER_ITEMS,Order Item Is Lab,Indicates whether the order item is treated as a lab item. A source SQL comment notes this field is currently placeholder logic and may later be inferred from [Order Type]. This is currently a provisional placeholder because lab classification may later be inferred from [Order Type].
_MDD_JCT_QUICKMAR_ORDER_ITEMS,Order Item Approval Status,A friendly status describing whether review or approval is needed and whether it is approved.
_MDD_JCT_QUICKMAR_ORDER_ITEMS,Order Item Is Red Flagged,Indicates whether the order item is marked as red flagged.
_MDD_JCT_QUICKMAR_ORDER_ITEMS,Medication RX Number,The prescription number recorded for the item.
_MDD_JCT_QUICKMAR_ORDER_ITEMS,Medication Barcode,The barcode value recorded for the medication item.
_MDD_JCT_QUICKMAR_ORDER_ITEMS,Medication Form Code,"The medication form code, for example tab or cap."
_MDD_JCT_QUICKMAR_ORDER_ITEMS,Medication Form Description,This description is based on hardcoded mapping logic and should be used with caution. A human-friendly description of the medication form.
_MDD_JCT_QUICKMAR_ORDER_ITEMS,Medication Is As Needed (PRN),PRN indicates medication intended for administration as needed. Indicates whether the medication is marked as prn.
_MDD_JCT_QUICKMAR_ORDER_ITEMS,Medication Is Sliding Scale,Indicates whether the medication is marked as sliding scale.
_MDD_JCT_QUICKMAR_ORDER_ITEMS,Medication Strength (Raw),This preserves the original free-text strength value entered by the prescriber. The raw strength text as it comes in.
_MDD_JCT_QUICKMAR_ORDER_ITEMS,Medication Strength,This is a best-effort parsed strength value and may not be fully accurate in all cases. The medication strength in a cleaned-up form.
_MDD_JCT_QUICKMAR_ORDER_ITEMS,Medication Strength Unit,This is a best-effort parsed unit value and may not be fully accurate in all cases. The unit parsed from the strength text.
_MDD_JCT_QUICKMAR_ORDER_ITEMS,Medication Strength Noramlized,This is a normalized display value recomposed from the parsed strength and unit values. The strength text normalized into a consistent format.
_MDD_JCT_QUICKMAR_ORDER_ITEMS,Medication Dx,This diagnosis value is free text and does not include a structured diagnosis identifier in source data. Diagnosis text tied to the medication or order item.
_MDD_JCT_QUICKMAR_ORDER_ITEMS,Medication ID National Drug Code,This NDC value can be linked to external NDC reference datasets for medication enrichment. The ndc recorded for the medication.
_MDD_JCT_QUICKMAR_ORDER_ITEMS,Ordering Prescriber User Name Last & First,"The prescriber name associated with the order, formatted as last, first."
_MDD_JCT_QUICKMAR_ORDER_ITEMS,Order Type Code,The order type code from QuickMAR.
_MDD_JCT_QUICKMAR_ORDER_ITEMS,Order Status,The status of the order as shaped by this module. This status is determined by module logic using whether the order end date is missing or in the future.
_MDD_JCT_QUICKMAR_ORDER_ITEMS,Client ID Pharmacy,The client's pharmacy-facing id.
_MDD_JCT_QUICKMAR_ORDER_ITEMS,Client ID MRN,The client's medical record number (mrn). The client's medical record number.
_MDD_JCT_QUICKMAR_ORDER_ITEMS,Client Name First & Last,The client's name formatted as first and last.
_MDD_JCT_QUICKMAR_ORDER_ITEMS,Client Name Last & First,"The client's name formatted as last, first."
_MDD_JCT_QUICKMAR_ORDER_ITEMS,Client Name First & Last w/Initial,The client's display name formatted as first name and last name (legacy initial-style label).
_MDD_JCT_QUICKMAR_ORDER_ITEMS,Client Name First & Last w/Initial & Client ID,The client's display name formatted as first name and last name with the client ID appended.
_MDD_JCT_QUICKMAR_ORDER_ITEMS,Client Name Last & First w/Initial,"The client's display name formatted as last name, first name (legacy initial-style label)."
_MDD_JCT_QUICKMAR_ORDER_ITEMS,Client Name Last & First w/Initial & Client ID,"The client's display name formatted as last name, first name with the client ID appended."
_MDD_JCT_QUICKMAR_ORDER_ITEMS,Client Name First,The client's first name.
_MDD_JCT_QUICKMAR_ORDER_ITEMS,Client Name Last,The client's last name.
_MDD_JCT_QUICKMAR_ORDER_ITEMS,Client Name Nickname,The client's nickname.
_MDD_JCT_QUICKMAR_ORDER_ITEMS,Client Date of Birth,The client's date of birth.
_MDD_JCT_QUICKMAR_ORDER_ITEMS,Client Gender,"The client's gender as recorded. QuickMAR does not provide separate source fields for gender and sex, so this value is sourced from the same underlying field as [Client Sex]."
_MDD_JCT_QUICKMAR_ORDER_ITEMS,Client Sex,"The client's sex as recorded. QuickMAR does not provide separate source fields for sex and gender, so this value is sourced from the same underlying field as [Client Gender]."
_MDD_JCT_QUICKMAR_ORDER_ITEMS,Client Room Number,The room or bed recorded for the client.
_MDD_JCT_QUICKMAR_ORDER_ITEMS,Client Admission Date,The date the client was admitted.
_MDD_JCT_QUICKMAR_ORDER_ITEMS,Client Admission Date Fiscal Year,The fiscal year of the client admission date.
_MDD_JCT_QUICKMAR_ORDER_ITEMS,Client Discharge Date,The date the client was discharged.
_MDD_JCT_QUICKMAR_ORDER_ITEMS,Client Discharge Date Fiscal Year,The fiscal year of the client discharge date.
_MDD_JCT_QUICKMAR_ORDER_ITEMS,Client Age in Days,The client's age expressed in days based on date of birth.
_MDD_JCT_QUICKMAR_ORDER_ITEMS,Client Age in Months,The client's age expressed in months based on date of birth.
_MDD_JCT_QUICKMAR_ORDER_ITEMS,Client Age in Years,The client's age expressed in years based on date of birth.
_MDD_JCT_QUICKMAR_ORDER_ITEMS,Client Age In Years Old Difference,The numeric age calculation in years derived from the client date of birth and the current date.
_MDD_JCT_QUICKMAR_ORDER_ITEMS,Client Age In Years Old,The client's age in whole years.
_MDD_JCT_QUICKMAR_ORDER_ITEMS,Client ID FA1,A deterministic fallback client identifier generated from client demographic fields when a standardized alternate key is needed.
_MDD_JCT_QUICKMAR_ORDER_ITEMS,Client Status,The client status value as recorded.
_MDD_JCT_QUICKMAR_ORDER_ITEMS,Client Is Active,Indicates whether the client is active.
_MDD_JCT_QUICKMAR_ORDER_ITEMS,Client Is Inactive,Indicates whether the client is inactive.
_MDD_JCT_QUICKMAR_ORDER_ITEMS,Client Is Assessment Needed,Indicates whether an assessment is needed for the client. Indicates whether an assessment is needed.
_MDD_JCT_QUICKMAR_ORDER_ITEMS,Client Is Red Flagged,Indicates whether the client is flagged for attention.
_MDD_JCT_QUICKMAR_ORDER_ITEMS,Client Physician,The physician recorded for the client.
_MDD_JCT_QUICKMAR_ORDER_ITEMS,Client Allergies,"The client's allergy list, usually free text. The client's allergy list."
_MDD_JCT_QUICKMAR_ORDER_ITEMS,Client Diagnoses,"Diagnoses recorded for the client, often free text. Diagnoses recorded for the client."
_MDD_JCT_QUICKMAR_ORDER_ITEMS,Client Diet,Diet information recorded for the client.
_MDD_JCT_QUICKMAR_ORDER_ITEMS,Client Code Status,"The client's code status, for example dnr. The client's code status."
_MDD_JCT_QUICKMAR_ORDER_ITEMS,Medication Cart ID,Unique ID of the Medication Cart.
_MDD_JCT_QUICKMAR_ORDER_ITEMS,Treatment Cart ID,Unique ID of the Treatment Cart.
_MDD_JCT_QUICKMAR_ORDER_ITEMS,Client Picture Taken Date,The date and time the client photo was taken.
_MDD_JCT_QUICKMAR_ORDER_ITEMS,Client Picture Uploaded Date,The date and time the client photo was uploaded.
_MDD_JCT_QUICKMAR_ORDER_MISSED,Missed Order ID,Unique ID of the Missed Order.
_MDD_JCT_QUICKMAR_ORDER_MISSED,Client ID,Unique ID of the Client.
_MDD_JCT_QUICKMAR_ORDER_MISSED,Order ID,Unique ID of the Order.
_MDD_JCT_QUICKMAR_ORDER_MISSED,Order Item ID,Unique ID of the Order Item.
_MDD_JCT_QUICKMAR_ORDER_MISSED,Location ID,Unique ID of the Location.
_MDD_JCT_QUICKMAR_ORDER_MISSED,Schedule ID,Unique ID of the Schedule.
_MDD_JCT_QUICKMAR_ORDER_MISSED,Medication Scheduled Time,Scheduled administration time for the medication. The scheduled time of the administration.
_MDD_JCT_QUICKMAR_ORDER_MISSED,Medication Scheduled Time End,The scheduled end time or window for the administration.
_MDD_JCT_QUICKMAR_ORDER_MISSED,Medication Strength Display,A display-friendly medication strength value.
_MDD_JCT_QUICKMAR_ORDER_MISSED,Order Item Title,The title or label of the order item.
_MDD_JCT_QUICKMAR_ORDER_MISSED,Order Item Status,The status recorded for the order item.
_MDD_JCT_QUICKMAR_ORDER_MISSED,Order Type,The order type value as shaped by this module. A source SQL comment notes that the human-readable mapping of order type code values is still pending confirmation. Human-readable order-type mappings are still pending external confirmation.
_MDD_JCT_QUICKMAR_ORDER_MISSED,Order Item Is Medication,"This is an inferred classification based on medication-like details, not an explicit structured medication flag from QuickMAR. Indicates whether the order item is considered a medication item."
_MDD_JCT_QUICKMAR_ORDER_MISSED,Medication Instructions,The medication instructions associated with the item.
_MDD_JCT_QUICKMAR_ORDER_MISSED,Order Item Instructions,The instructions recorded on the order item.
_MDD_JCT_QUICKMAR_ORDER_MISSED,Order Item Is Prescription,Indicates whether the item is treated as a prescription.
_MDD_JCT_QUICKMAR_ORDER_MISSED,Order Item Is Lab,Indicates whether the order item is treated as a lab item. A source SQL comment notes this field is currently placeholder logic and may later be inferred from [Order Type]. This is currently a provisional placeholder because lab classification may later be inferred from [Order Type].
_MDD_JCT_QUICKMAR_ORDER_MISSED,Order Item Approval Status,A friendly status describing whether review or approval is needed and whether it is approved.
_MDD_JCT_QUICKMAR_ORDER_MISSED,Order Item Is Red Flagged,Indicates whether the order item is marked as red flagged.
_MDD_JCT_QUICKMAR_ORDER_MISSED,Medication RX Number,The prescription number recorded for the item.
_MDD_JCT_QUICKMAR_ORDER_MISSED,Medication Barcode,The barcode value recorded for the medication item.
_MDD_JCT_QUICKMAR_ORDER_MISSED,Medication Form Code,"The medication form code, for example tab or cap."
_MDD_JCT_QUICKMAR_ORDER_MISSED,Medication Form Description,This description is based on hardcoded mapping logic and should be used with caution. A human-friendly description of the medication form.
_MDD_JCT_QUICKMAR_ORDER_MISSED,Medication Is As Needed (PRN),PRN indicates medication intended for administration as needed. Indicates whether the medication is marked as prn.
_MDD_JCT_QUICKMAR_ORDER_MISSED,Medication Is Sliding Scale,Indicates whether the medication is marked as sliding scale.
_MDD_JCT_QUICKMAR_ORDER_MISSED,Medication Strength (Raw),This preserves the original free-text strength value entered by the prescriber. The raw strength text as it comes in.
_MDD_JCT_QUICKMAR_ORDER_MISSED,Medication Strength,This is a best-effort parsed strength value and may not be fully accurate in all cases. The medication strength in a cleaned-up form.
_MDD_JCT_QUICKMAR_ORDER_MISSED,Medication Strength Unit,This is a best-effort parsed unit value and may not be fully accurate in all cases. The unit parsed from the strength text.
_MDD_JCT_QUICKMAR_ORDER_MISSED,Medication Strength Noramlized,This is a normalized display value recomposed from the parsed strength and unit values. The strength text normalized into a consistent format.
_MDD_JCT_QUICKMAR_ORDER_MISSED,Medication Dx,This diagnosis value is free text and does not include a structured diagnosis identifier in source data. Diagnosis text tied to the medication or order item.
_MDD_JCT_QUICKMAR_ORDER_MISSED,Medication ID National Drug Code,This NDC value can be linked to external NDC reference datasets for medication enrichment. The ndc recorded for the medication.
_MDD_JCT_QUICKMAR_ORDER_MISSED,Ordering Prescriber User Name Last & First,"The prescriber name associated with the order, formatted as last, first."
_MDD_JCT_QUICKMAR_ORDER_MISSED,Order Type Code,The order type code from QuickMAR.
_MDD_JCT_QUICKMAR_ORDER_MISSED,Order Status,The status of the order as shaped by this module. This status is determined by module logic using whether the order end date is missing or in the future.
_MDD_JCT_QUICKMAR_ORDER_MISSED,Client ID Pharmacy,The client's pharmacy-facing id.
_MDD_JCT_QUICKMAR_ORDER_MISSED,Client ID MRN,The client's medical record number (mrn). The client's medical record number.
_MDD_JCT_QUICKMAR_ORDER_MISSED,Client Name First & Last,The client's name formatted as first and last.
_MDD_JCT_QUICKMAR_ORDER_MISSED,Client Name Last & First,"The client's name formatted as last, first."
_MDD_JCT_QUICKMAR_ORDER_MISSED,Client Name First & Last w/Initial,The client's display name formatted as first name and last name (legacy initial-style label).
_MDD_JCT_QUICKMAR_ORDER_MISSED,Client Name First & Last w/Initial & Client ID,The client's display name formatted as first name and last name with the client ID appended.
_MDD_JCT_QUICKMAR_ORDER_MISSED,Client Name Last & First w/Initial,"The client's display name formatted as last name, first name (legacy initial-style label)."
_MDD_JCT_QUICKMAR_ORDER_MISSED,Client Name Last & First w/Initial & Client ID,"The client's display name formatted as last name, first name with the client ID appended."
_MDD_JCT_QUICKMAR_ORDER_MISSED,Client Name First,The client's first name.
_MDD_JCT_QUICKMAR_ORDER_MISSED,Client Name Last,The client's last name.
_MDD_JCT_QUICKMAR_ORDER_MISSED,Client Name Nickname,The client's nickname.
_MDD_JCT_QUICKMAR_ORDER_MISSED,Client Date of Birth,The client's date of birth.
_MDD_JCT_QUICKMAR_ORDER_MISSED,Client Gender,"The client's gender as recorded. QuickMAR does not provide separate source fields for gender and sex, so this value is sourced from the same underlying field as [Client Sex]."
_MDD_JCT_QUICKMAR_ORDER_MISSED,Client Sex,"The client's sex as recorded. QuickMAR does not provide separate source fields for sex and gender, so this value is sourced from the same underlying field as [Client Gender]."
_MDD_JCT_QUICKMAR_ORDER_MISSED,Client Room Number,The room or bed recorded for the client.
_MDD_JCT_QUICKMAR_ORDER_MISSED,Client Admission Date,The date the client was admitted.
_MDD_JCT_QUICKMAR_ORDER_MISSED,Client Admission Date Fiscal Year,The fiscal year of the client admission date.
_MDD_JCT_QUICKMAR_ORDER_MISSED,Client Discharge Date,The date the client was discharged.
_MDD_JCT_QUICKMAR_ORDER_MISSED,Client Discharge Date Fiscal Year,The fiscal year of the client discharge date.
_MDD_JCT_QUICKMAR_ORDER_MISSED,Client Age in Days,The client's age expressed in days based on date of birth.
_MDD_JCT_QUICKMAR_ORDER_MISSED,Client Age in Months,The client's age expressed in months based on date of birth.
_MDD_JCT_QUICKMAR_ORDER_MISSED,Client Age in Years,The client's age expressed in years based on date of birth.
_MDD_JCT_QUICKMAR_ORDER_MISSED,Client Age In Years Old Difference,The numeric age calculation in years derived from the client date of birth and the current date.
_MDD_JCT_QUICKMAR_ORDER_MISSED,Client Age In Years Old,The client's age in whole years.
_MDD_JCT_QUICKMAR_ORDER_MISSED,Client ID FA1,A deterministic fallback client identifier generated from client demographic fields when a standardized alternate key is needed.
_MDD_JCT_QUICKMAR_ORDER_MISSED,Client Status,The client status value as recorded.
_MDD_JCT_QUICKMAR_ORDER_MISSED,Client Is Active,Indicates whether the client is active.
_MDD_JCT_QUICKMAR_ORDER_MISSED,Client Is Inactive,Indicates whether the client is inactive.
_MDD_JCT_QUICKMAR_ORDER_MISSED,Client Is Assessment Needed,Indicates whether an assessment is needed for the client. Indicates whether an assessment is needed.
_MDD_JCT_QUICKMAR_ORDER_MISSED,Client Is Red Flagged,Indicates whether the client is flagged for attention.
_MDD_JCT_QUICKMAR_ORDER_MISSED,Client Physician,The physician recorded for the client.
_MDD_JCT_QUICKMAR_ORDER_MISSED,Client Allergies,"The client's allergy list, usually free text. The client's allergy list."
_MDD_JCT_QUICKMAR_ORDER_MISSED,Client Diagnoses,"Diagnoses recorded for the client, often free text. Diagnoses recorded for the client."
_MDD_JCT_QUICKMAR_ORDER_MISSED,Client Diet,Diet information recorded for the client.
_MDD_JCT_QUICKMAR_ORDER_MISSED,Client Code Status,"The client's code status, for example dnr. The client's code status."
_MDD_JCT_QUICKMAR_ORDER_MISSED,Medication Cart ID,Unique ID of the Medication Cart.
_MDD_JCT_QUICKMAR_ORDER_MISSED,Treatment Cart ID,Unique ID of the Treatment Cart.
_MDD_JCT_QUICKMAR_ORDER_MISSED,Client Picture Taken Date,The date and time the client photo was taken.
_MDD_JCT_QUICKMAR_ORDER_MISSED,Client Picture Uploaded Date,The date and time the client photo was uploaded.
_MDD_JCT_QUICKMAR_TELEMETRY,Telemetry ID,Unique ID of the Telemetry.
_MDD_JCT_QUICKMAR_TELEMETRY,Telemetry ID FA0,A generated fallback identifier for the telemetry event record when no stable source-native key is used.
_MDD_JCT_QUICKMAR_TELEMETRY,Location ID,Unique ID of the Location.
_MDD_JCT_QUICKMAR_TELEMETRY,Telemetry ETL Facility ID,Unique ID of the Telemetry ETL Facility.
_MDD_JCT_QUICKMAR_TELEMETRY,Telemetry Error Timestamp UTC,The date and time the event occurred in utc.
_MDD_JCT_QUICKMAR_TELEMETRY,Telemetry Error Type,Error type returned from the API call.
_MDD_JCT_QUICKMAR_TELEMETRY,Telemetry Endpoint,The API endpoint being called.
_MDD_JCT_QUICKMAR_TELEMETRY,Telemetry Request URL,The request URL used.
_MDD_JCT_QUICKMAR_TELEMETRY,Telemetry SOAP Action,The SOAP action header value captured for the call.
_MDD_JCT_QUICKMAR_TELEMETRY,Telemetry SOAP Version,The SOAP version captured for the call.
_MDD_JCT_QUICKMAR_TELEMETRY,Telemetry HTTP Status Code,The HTTP status code captured from the response.
_MDD_JCT_QUICKMAR_TELEMETRY,Telemetry HTTP Content Type,The HTTP content type captured from the response.
_MDD_JCT_QUICKMAR_TELEMETRY,Telemetry Details,Extra details captured for the telemetry record.
_MDD_JCT_QUICKMAR_TELEMETRY,Telemetry Response Text,The response text captured from the call.
_MDD_JCT_QUICKMAR_VITAL_MEASURES,User ID,Unique ID of the User.
_MDD_JCT_QUICKMAR_VITAL_MEASURES,Client ID,Unique ID of the Client.
_MDD_JCT_QUICKMAR_VITAL_MEASURES,Order ID,Unique ID of the Order.
_MDD_JCT_QUICKMAR_VITAL_MEASURES,Vitals Created Date,The date the vitals record was created.
_MDD_JCT_QUICKMAR_VITAL_MEASURES,Vitals Effective Date,The date and time the measurement is treated as effective.
_MDD_JCT_QUICKMAR_VITAL_MEASURES,Measure Code,The code QuickMAR uses to identify the vital type.
_MDD_JCT_QUICKMAR_VITAL_MEASURES,Measure Name,A human-friendly name for the measure type.
_MDD_JCT_QUICKMAR_VITAL_MEASURES,Measure Type ID,Unique ID of the Measure Type.
_MDD_JCT_QUICKMAR_VITAL_MEASURES,Measure Unit,The unit name for the measure.
_MDD_JCT_QUICKMAR_VITAL_MEASURES,Measure Unit Code,The short unit code for the measure.
_MDD_JCT_QUICKMAR_VITAL_MEASURES,Measure LOINC,The loinc code mapped for the measure type.
_MDD_JCT_QUICKMAR_VITAL_MEASURES,Measure Value,"The value as recorded, kept as text."
_MDD_JCT_QUICKMAR_VITAL_MEASURES,Measure Value Float,The value parsed into a number when possible.
_MDD_JCT_QUICKMAR_VITAL_MEASURES,Ordering Prescriber User Name Last & First,"The prescriber name associated with the order, formatted as last, first."
_MDD_JCT_QUICKMAR_VITAL_MEASURES,Order Type Code,The order type code from QuickMAR.
_MDD_JCT_QUICKMAR_VITAL_MEASURES,Order Type,The order type value as shaped by this module. A source SQL comment notes that the human-readable mapping of order type code values is still pending confirmation. Human-readable order-type mappings are still pending external confirmation.
_MDD_JCT_QUICKMAR_VITAL_MEASURES,Order Status,The status of the order as shaped by this module. This status is determined by module logic using whether the order end date is missing or in the future.
_MDD_JCT_QUICKMAR_VITAL_MEASURES,Location ID,Unique ID of the Location.
_MDD_JCT_QUICKMAR_VITAL_MEASURES,Client ID Pharmacy,The client's pharmacy-facing id.
_MDD_JCT_QUICKMAR_VITAL_MEASURES,Client ID MRN,The client's medical record number (mrn). The client's medical record number.
_MDD_JCT_QUICKMAR_VITAL_MEASURES,Client Name First & Last,The client's name formatted as first and last.
_MDD_JCT_QUICKMAR_VITAL_MEASURES,Client Name Last & First,"The client's name formatted as last, first."
_MDD_JCT_QUICKMAR_VITAL_MEASURES,Client Name First & Last w/Initial,The client's display name formatted as first name and last name (legacy initial-style label).
_MDD_JCT_QUICKMAR_VITAL_MEASURES,Client Name First & Last w/Initial & Client ID,The client's display name formatted as first name and last name with the client ID appended.
_MDD_JCT_QUICKMAR_VITAL_MEASURES,Client Name Last & First w/Initial,"The client's display name formatted as last name, first name (legacy initial-style label)."
_MDD_JCT_QUICKMAR_VITAL_MEASURES,Client Name Last & First w/Initial & Client ID,"The client's display name formatted as last name, first name with the client ID appended."
_MDD_JCT_QUICKMAR_VITAL_MEASURES,Client Name First,The client's first name.
_MDD_JCT_QUICKMAR_VITAL_MEASURES,Client Name Last,The client's last name.
_MDD_JCT_QUICKMAR_VITAL_MEASURES,Client Name Nickname,The client's nickname.
_MDD_JCT_QUICKMAR_VITAL_MEASURES,Client Date of Birth,The client's date of birth.
_MDD_JCT_QUICKMAR_VITAL_MEASURES,Client Gender,"The client's gender as recorded. QuickMAR does not provide separate source fields for gender and sex, so this value is sourced from the same underlying field as [Client Sex]."
_MDD_JCT_QUICKMAR_VITAL_MEASURES,Client Sex,"The client's sex as recorded. QuickMAR does not provide separate source fields for sex and gender, so this value is sourced from the same underlying field as [Client Gender]."
_MDD_JCT_QUICKMAR_VITAL_MEASURES,Client Room Number,The room or bed recorded for the client.
_MDD_JCT_QUICKMAR_VITAL_MEASURES,Client Admission Date,The date the client was admitted.
_MDD_JCT_QUICKMAR_VITAL_MEASURES,Client Admission Date Fiscal Year,The fiscal year of the client admission date.
_MDD_JCT_QUICKMAR_VITAL_MEASURES,Client Discharge Date,The date the client was discharged.
_MDD_JCT_QUICKMAR_VITAL_MEASURES,Client Discharge Date Fiscal Year,The fiscal year of the client discharge date.
_MDD_JCT_QUICKMAR_VITAL_MEASURES,Client Age in Days,The client's age expressed in days based on date of birth.
_MDD_JCT_QUICKMAR_VITAL_MEASURES,Client Age in Months,The client's age expressed in months based on date of birth.
_MDD_JCT_QUICKMAR_VITAL_MEASURES,Client Age in Years,The client's age expressed in years based on date of birth.
_MDD_JCT_QUICKMAR_VITAL_MEASURES,Client Age In Years Old Difference,The numeric age calculation in years derived from the client date of birth and the current date.
_MDD_JCT_QUICKMAR_VITAL_MEASURES,Client Age In Years Old,The client's age in whole years.
_MDD_JCT_QUICKMAR_VITAL_MEASURES,Client ID FA1,A deterministic fallback client identifier generated from client demographic fields when a standardized alternate key is needed.
_MDD_JCT_QUICKMAR_VITAL_MEASURES,Client Status,The client status value as recorded.
_MDD_JCT_QUICKMAR_VITAL_MEASURES,Client Is Active,Indicates whether the client is active.
_MDD_JCT_QUICKMAR_VITAL_MEASURES,Client Is Inactive,Indicates whether the client is inactive.
_MDD_JCT_QUICKMAR_VITAL_MEASURES,Client Is Assessment Needed,Indicates whether an assessment is needed for the client. Indicates whether an assessment is needed.
_MDD_JCT_QUICKMAR_VITAL_MEASURES,Client Is Red Flagged,Indicates whether the client is flagged for attention.
_MDD_JCT_QUICKMAR_VITAL_MEASURES,Client Physician,The physician recorded for the client.
_MDD_JCT_QUICKMAR_VITAL_MEASURES,Client Allergies,"The client's allergy list, usually free text. The client's allergy list."
_MDD_JCT_QUICKMAR_VITAL_MEASURES,Client Diagnoses,"Diagnoses recorded for the client, often free text. Diagnoses recorded for the client."
_MDD_JCT_QUICKMAR_VITAL_MEASURES,Client Diet,Diet information recorded for the client.
_MDD_JCT_QUICKMAR_VITAL_MEASURES,Client Code Status,"The client's code status, for example dnr. The client's code status."
_MDD_JCT_QUICKMAR_VITAL_MEASURES,Medication Cart ID,Unique ID of the Medication Cart.
_MDD_JCT_QUICKMAR_VITAL_MEASURES,Treatment Cart ID,Unique ID of the Treatment Cart.
_MDD_JCT_QUICKMAR_VITAL_MEASURES,Client Picture Taken Date,The date and time the client photo was taken.
_MDD_JCT_QUICKMAR_VITAL_MEASURES,Client Picture Uploaded Date,The date and time the client photo was uploaded.
_MDD_JCT_RIPPLING_AGENCY,Agency ID,Unique ID of the Agency legal entity represented by this row.
_MDD_JCT_RIPPLING_AGENCY,Agency ID FEIN,"Tax identifier of the Rippling legal entity, labeled as FEIN by the Rippling JCT module."
_MDD_JCT_RIPPLING_AGENCY,Agency Name,Legal name of the Rippling legal entity treated as the agency.
_MDD_JCT_RIPPLING_AGE_GROUPS,Age,Whole-number age value used to map an individual into an age group.
_MDD_JCT_RIPPLING_AGE_GROUPS,Age Group,A set of predefined age ranges used to group individuals into reporting categories.
_MDD_JCT_RIPPLING_AGE_GROUPS,Age Group Sort Order,The order by which age groups are sorted in visualizations.
_MDD_JCT_RIPPLING_TENURE_GROUPS,Tenure,Whole-number tenure value in years used to map an employee into a tenure group.
_MDD_JCT_RIPPLING_TENURE_GROUPS,Tenure Group,Configured reporting range assigned to an employee tenure value.
_MDD_JCT_RIPPLING_TENURE_GROUPS,Tenure Group Sort Order,Configured display order for tenure groups.
_MDD_JCT_RIPPLING_EMPLOYEES,Employee ID User ID,Rippling User identifier associated with the employee row.
_MDD_JCT_RIPPLING_EMPLOYEES,Employee ID,"Canonical employee identifier used by this module; it is the Rippling Worker ID when a worker exists, otherwise USER_ followed by the Rippling User ID."
_MDD_JCT_RIPPLING_EMPLOYEES,Employee ID Agency,Worker number assigned within the organization.
_MDD_JCT_RIPPLING_EMPLOYEES,Employee ID External,Rippling Worker identifier for the employee.
_MDD_JCT_RIPPLING_EMPLOYEES,Employee Name First & Last,Employee legal first and family names formatted in first-name then last-name order.
_MDD_JCT_RIPPLING_EMPLOYEES,Employee Name First & Last & Employee ID,Employee legal first and family names followed by the agency employee ID in parentheses.
_MDD_JCT_RIPPLING_EMPLOYEES,Employee Name Last & First,"Employee legal family and given names formatted in last-name, first-name order."
_MDD_JCT_RIPPLING_EMPLOYEES,Employee Name Last & First & Employee ID,Employee legal family and given names followed by the agency employee ID in parentheses.
_MDD_JCT_RIPPLING_EMPLOYEES,Employee Name Last,The employee's legal family name.
_MDD_JCT_RIPPLING_EMPLOYEES,Employee Name First,The employee's legal given name.
_MDD_JCT_RIPPLING_EMPLOYEES,Employee Name Middle,The employee's middle name or names.
_MDD_JCT_RIPPLING_EMPLOYEES,Employee Name Preferred First,The employee's preferred given name.
_MDD_JCT_RIPPLING_EMPLOYEES,Employee Name Preferred Last,The employee's preferred family name.
_MDD_JCT_RIPPLING_EMPLOYEES,Employee Name Preferred First & Last,Employee preferred given and family names formatted in first-name then last-name order.
_MDD_JCT_RIPPLING_EMPLOYEES,Employee Name Preferred First & Last & Employee ID,Employee preferred first-last name followed by the agency employee ID in parentheses.
_MDD_JCT_RIPPLING_EMPLOYEES,Employee Name Preferred Last & First,"Employee preferred family and given names formatted in last-name, first-name order."
_MDD_JCT_RIPPLING_EMPLOYEES,Employee Name Preferred Last & First & Employee ID,Employee preferred last-first name followed by the agency employee ID in parentheses.
_MDD_JCT_RIPPLING_EMPLOYEES,Employee Name First & Last w/Initial,"Employee legal first and last name with the middle-name value included when present; despite the field label, the current SQL uses the full middle-name value rather than only an initial."
_MDD_JCT_RIPPLING_EMPLOYEES,Employee Name First & Last w/Initial & Employee ID,"Employee legal first-to-last name with middle-name value when present, followed by the Rippling Worker ID in parentheses; the label says initial but the current SQL uses the full middle-name value."
_MDD_JCT_RIPPLING_EMPLOYEES,Employee Name Last & First w/Initial,"Employee legal last-first name with the middle-name value included when present; despite the field label, the current SQL uses the full middle-name value rather than only an initial."
_MDD_JCT_RIPPLING_EMPLOYEES,Employee Name Last & First w/Initial & Employee ID,"Employee legal last-first name with middle-name value when present, followed by the Rippling Worker ID in parentheses; the label says initial but the current SQL uses the full middle-name value."
_MDD_JCT_RIPPLING_EMPLOYEES,Employee Date of Birth,The employee's date of birth.
_MDD_JCT_RIPPLING_EMPLOYEES,Employee Age in Years,Employee age expressed as a decimal number of years calculated from date of birth through the current database time.
_MDD_JCT_RIPPLING_EMPLOYEES,Employee Age In Years Old,Employee age in completed whole years as of the current database date.
_MDD_JCT_RIPPLING_EMPLOYEES,Employee Gender,Rippling gender value recorded for the worker.
_MDD_JCT_RIPPLING_EMPLOYEES,Employee Supervisor ID,Rippling Worker ID of the employee's manager.
_MDD_JCT_RIPPLING_EMPLOYEES,Employee Supervisor ID Agency,Organization worker number of the employee's manager.
_MDD_JCT_RIPPLING_EMPLOYEES,Cost Center ID,Identifier of the department used by this module as the employee's cost center.
_MDD_JCT_RIPPLING_EMPLOYEES,Cost Center Name,Name of the Rippling department modeled by this module as a cost center.
_MDD_JCT_RIPPLING_EMPLOYEES,Employee Job Title,Worker's job title in Rippling.
_MDD_JCT_RIPPLING_EMPLOYEES,Employee Pay ID,Identifier of the compensation package associated with the worker.
_MDD_JCT_RIPPLING_EMPLOYEES,Employee Pay Hourly,Reserved employee hourly-pay field; the current Rippling module always sets it to NULL.
_MDD_JCT_RIPPLING_EMPLOYEES,Employee Benefits Class,Reserved employee benefits-class field; the current Rippling module always sets it to NULL.
_MDD_JCT_RIPPLING_EMPLOYEES,Employee Benefits Date Effective,Reserved benefits effective-date field; the current Rippling module always sets it to NULL.
_MDD_JCT_RIPPLING_EMPLOYEES,Employee Benefits Salary,Reserved benefits salary field; the current Rippling module always sets it to NULL.
_MDD_JCT_RIPPLING_EMPLOYEES,Employee Benefits Salary Date Effective,Reserved benefits-salary effective-date field; the current Rippling module always sets it to NULL.
_MDD_JCT_RIPPLING_EMPLOYEES,Employee Type Code,Rippling employment-type identifier assigned to the worker.
_MDD_JCT_RIPPLING_EMPLOYEES,Employee Type Label,Display label of the Rippling company employment type.
_MDD_JCT_RIPPLING_EMPLOYEES,Employee Pay Type,"Compensation time period configured for the worker's employment type, such as hourly or salaried."
_MDD_JCT_RIPPLING_EMPLOYEES,Employee Type,"Rippling worker-engagement classification from the employment type, such as employee or contractor."
_MDD_JCT_RIPPLING_EMPLOYEES,Employee Type Amount Worked,"Rippling amount-worked classification from the employment type, such as full-time, part-time, or temporary."
_MDD_JCT_RIPPLING_EMPLOYEES,Employee Hire Date,Start date of the worker's employment or engagement in Rippling.
_MDD_JCT_RIPPLING_EMPLOYEES,Employee Hire Date Fiscal Year,Organization fiscal year containing the employee hire date.
_MDD_JCT_RIPPLING_EMPLOYEES,Employee Termination Date,End date of the worker's employment or engagement in Rippling.
_MDD_JCT_RIPPLING_EMPLOYEES,Employee Termination Date Fiscal Year,Organization fiscal year containing the employee termination date.
_MDD_JCT_RIPPLING_EMPLOYEES,Employee Termination Status,Module-derived termination indicator based on whether Employee Termination Date is populated with a value other than blank or 1900-01-01.
_MDD_JCT_RIPPLING_EMPLOYEES,Employee Status,Module-derived active/inactive status based on the worker end date; this field does not directly use Rippling's Worker status value.
_MDD_JCT_RIPPLING_EMPLOYEES,Employee Tenure Days,Elapsed whole days of tenure from the worker start date to the current database time.
_MDD_JCT_RIPPLING_EMPLOYEES,Employee Tenure Years,Elapsed tenure in years from the worker start date to the current database time using 365.25 days per year.
_MDD_JCT_RIPPLING_EMPLOYEES,Employee Tax SUI State,Reserved employee state-unemployment-insurance tax field; the current Rippling module always sets it to NULL.
_MDD_JCT_RIPPLING_EMPLOYEES,Employee Tax Status Code,Reserved employee tax-status code field; the current Rippling module always sets it to NULL.
_MDD_JCT_RIPPLING_EMPLOYEES,Employee Tax Status,Reserved employee tax-status description field; the current Rippling module always sets it to NULL.
_MDD_JCT_RIPPLING_EMPLOYEES,Employee Ethnicity ID,Raw Rippling ethnicity classification value recorded for the worker.
_MDD_JCT_RIPPLING_EMPLOYEES,Employee Ethnicity,"Human-readable form of the Rippling ethnicity value, created by replacing underscores with spaces and applying title case."
_MDD_JCT_RIPPLING_EMPLOYEES,Employee Race ID,Raw Rippling race classification value recorded for the worker.
_MDD_JCT_RIPPLING_EMPLOYEES,Employee Race,Rippling race classification value recorded for the worker; the current module does not transform the source value for display.
_MDD_JCT_RIPPLING_EMPLOYEES,Employee Email Home,Employee personal email address normalized to lowercase.
_MDD_JCT_RIPPLING_EMPLOYEES,Employee Email Work,Employee work email address normalized to lowercase.
_MDD_JCT_RIPPLING_EMPLOYEES,Employee Username,Globally unique Rippling User username used for direct authentication into the associated company.
_MDD_JCT_RIPPLING_EMPLOYEES,Employee Is Vendor User,Indicates whether the module identifies the employee as a Rippling vendor user because the username contains rippling.com.
_MDD_JCT_RIPPLING_EMPLOYEES,Employee Is External User,Indicates whether the module identifies the employee as external; current logic is identical to Employee Is Vendor User and returns TRUE when the username contains rippling.com.
_MDD_JCT_RIPPLING_EMPLOYEES,Employee Tenure Group,Configured tenure group corresponding to Employee Tenure Years.
_MDD_JCT_RIPPLING_EMPLOYEES,Employee Tenure Group Sort Order,Configured display order of the employee's tenure group.
_MDD_JCT_RIPPLING_EMPLOYEES,Employee Address Home ID FA0,Run-local sequential identifier of the employee's home-address row; it is not stable across module executions.
_MDD_JCT_RIPPLING_EMPLOYEES,Employee Address Home 1,Street-address line for the employee's home address.
_MDD_JCT_RIPPLING_EMPLOYEES,Employee Address Home 2,Second line of the employee's home address; currently NULL because Address 2 is not populated.
_MDD_JCT_RIPPLING_EMPLOYEES,Employee Address Home City,City/locality of the employee's home address.
_MDD_JCT_RIPPLING_EMPLOYEES,Employee Address Home State,State/region of the employee's home address.
_MDD_JCT_RIPPLING_EMPLOYEES,Employee Address Home Zip,Postal code of the employee's home address.
_MDD_JCT_RIPPLING_EMPLOYEES,Employee Address Home County,County of the employee's home address; currently NULL because Address County is not populated.
_MDD_JCT_RIPPLING_EMPLOYEES,Employee Address Home Country,Country of the employee's home address.
_MDD_JCT_RIPPLING_EMPLOYEES,Employee Address Work ID FA0,Run-local sequential identifier of the employee's work-address row; it is not stable across module executions.
_MDD_JCT_RIPPLING_EMPLOYEES,Employee Address Work 1,Street-address line for the employee's work address.
_MDD_JCT_RIPPLING_EMPLOYEES,Employee Address Work 2,Second line of the employee's work address; currently NULL because Address 2 is not populated.
_MDD_JCT_RIPPLING_EMPLOYEES,Employee Address Work City,City/locality of the employee's work address.
_MDD_JCT_RIPPLING_EMPLOYEES,Employee Address Work State,State/region of the employee's work address.
_MDD_JCT_RIPPLING_EMPLOYEES,Employee Address Work Zip,Postal code of the employee's work address.
_MDD_JCT_RIPPLING_EMPLOYEES,Employee Address Work County,County of the employee's work address; currently NULL because Address County is not populated.
_MDD_JCT_RIPPLING_EMPLOYEES,Employee Address Work Country,Country of the employee's work address.
_MDD_JCT_RIPPLING_EMPLOYEES,RLS String,Pipe-delimited list of work email addresses authorized by the supervisory hierarchy to view records associated with the employee.
_MDD_JCT_RIPPLING_ADDRESSES,Address ID FA0,Run-local sequential address identifier generated with ROW_NUMBER; it is recalculated each module execution and is not a stable source identifier.
_MDD_JCT_RIPPLING_ADDRESSES,Address ID,"Synthetic address identifier made from object category, address type, and object identifier."
_MDD_JCT_RIPPLING_ADDRESSES,Object Category,Type of business object to which the contact or demographic record belongs; current Rippling rows use Employee.
_MDD_JCT_RIPPLING_ADDRESSES,Object Category ID,Module-specific numeric code for Object Category. Current Rippling outputs use different codes by contact/demographic table and these codes are not Rippling API identifiers.
_MDD_JCT_RIPPLING_ADDRESSES,Object ID,Identifier of the business object associated with the row. Its exact source depends on the row type; nested User child-table id values are propagated from the parent User ID by CommonWSDataset rather than supplied as native address/phone IDs by Rippling.
_MDD_JCT_RIPPLING_ADDRESSES,Address Type,Module classification of the address as Home or Work.
_MDD_JCT_RIPPLING_ADDRESSES,Address Type ID,Module-specific numeric code for Address Type: 1 for Home and 2 for Work.
_MDD_JCT_RIPPLING_ADDRESSES,Address 1,Street-address component of the Rippling User address.
_MDD_JCT_RIPPLING_ADDRESSES,Address 2,Reserved second address-line field; the current Rippling module always sets it to NULL.
_MDD_JCT_RIPPLING_ADDRESSES,Address City,City/locality component of the Rippling User address.
_MDD_JCT_RIPPLING_ADDRESSES,Address State,State/region component of the Rippling User address.
_MDD_JCT_RIPPLING_ADDRESSES,Address Zip,Postal-code component of the Rippling User address.
_MDD_JCT_RIPPLING_ADDRESSES,Address County,Reserved county field; the current Rippling module always sets it to NULL.
_MDD_JCT_RIPPLING_ADDRESSES,Address Country,Country component of the Rippling User address.
_MDD_JCT_RIPPLING_ADDRESSES_EMPLOYEE_HOME,Employee Address Home ID FA0,Run-local sequential identifier of the employee's home-address row; it is not stable across module executions.
_MDD_JCT_RIPPLING_ADDRESSES_EMPLOYEE_HOME,Employee ID,"Canonical employee identifier used by this module; it is the Rippling Worker ID when a worker exists, otherwise USER_ followed by the Rippling User ID."
_MDD_JCT_RIPPLING_ADDRESSES_EMPLOYEE_HOME,Employee Address Home 1,Street-address line for the employee's home address.
_MDD_JCT_RIPPLING_ADDRESSES_EMPLOYEE_HOME,Employee Address Home 2,Second line of the employee's home address; currently NULL because Address 2 is not populated.
_MDD_JCT_RIPPLING_ADDRESSES_EMPLOYEE_HOME,Employee Address Home City,City/locality of the employee's home address.
_MDD_JCT_RIPPLING_ADDRESSES_EMPLOYEE_HOME,Employee Address Home State,State/region of the employee's home address.
_MDD_JCT_RIPPLING_ADDRESSES_EMPLOYEE_HOME,Employee Address Home Zip,Postal code of the employee's home address.
_MDD_JCT_RIPPLING_ADDRESSES_EMPLOYEE_HOME,Employee Address Home County,County of the employee's home address; currently NULL because Address County is not populated.
_MDD_JCT_RIPPLING_ADDRESSES_EMPLOYEE_HOME,Employee Address Home Country,Country of the employee's home address.
_MDD_JCT_RIPPLING_ADDRESSES_EMPLOYEE_WORK,Employee Address Work ID FA0,Run-local sequential identifier of the employee's work-address row; it is not stable across module executions.
_MDD_JCT_RIPPLING_ADDRESSES_EMPLOYEE_WORK,Employee ID,"Canonical employee identifier used by this module; it is the Rippling Worker ID when a worker exists, otherwise USER_ followed by the Rippling User ID."
_MDD_JCT_RIPPLING_ADDRESSES_EMPLOYEE_WORK,Employee Address Work 1,Street-address line for the employee's work address.
_MDD_JCT_RIPPLING_ADDRESSES_EMPLOYEE_WORK,Employee Address Work 2,Second line of the employee's work address; currently NULL because Address 2 is not populated.
_MDD_JCT_RIPPLING_ADDRESSES_EMPLOYEE_WORK,Employee Address Work City,City/locality of the employee's work address.
_MDD_JCT_RIPPLING_ADDRESSES_EMPLOYEE_WORK,Employee Address Work State,State/region of the employee's work address.
_MDD_JCT_RIPPLING_ADDRESSES_EMPLOYEE_WORK,Employee Address Work Zip,Postal code of the employee's work address.
_MDD_JCT_RIPPLING_ADDRESSES_EMPLOYEE_WORK,Employee Address Work County,County of the employee's work address; currently NULL because Address County is not populated.
_MDD_JCT_RIPPLING_ADDRESSES_EMPLOYEE_WORK,Employee Address Work Country,Country of the employee's work address.
_MDD_JCT_RIPPLING_EMAIL,Email ID,"Synthetic email identifier made from object category, email type, and object identifier."
_MDD_JCT_RIPPLING_EMAIL,Object Category,Type of business object to which the contact or demographic record belongs; current Rippling rows use Employee.
_MDD_JCT_RIPPLING_EMAIL,Object Category ID,Module-specific numeric code for Object Category. Current Rippling outputs use different codes by contact/demographic table and these codes are not Rippling API identifiers.
_MDD_JCT_RIPPLING_EMAIL,Object ID,Identifier of the business object associated with the row. Its exact source depends on the row type; nested User child-table id values are propagated from the parent User ID by CommonWSDataset rather than supplied as native address/phone IDs by Rippling.
_MDD_JCT_RIPPLING_EMAIL,Email Type,Module classification of the email address as Home or Work.
_MDD_JCT_RIPPLING_EMAIL,Email Type ID,Module-specific numeric code for Email Type: 3 for Home and 1 for Work.
_MDD_JCT_RIPPLING_EMAIL,Email Address,Trimmed lowercase employee email address sourced from either personal_email or work_email.
_MDD_JCT_RIPPLING_EMAIL,Email Username,"Portion of Email Address before the domain separator, parsed by the JCT email parser."
_MDD_JCT_RIPPLING_EMAIL,Email Domain,Domain portion of Email Address parsed by the JCT email parser.
_MDD_JCT_RIPPLING_EMAIL,Email TLD,Top-level-domain portion of Email Address parsed by the JCT email parser.
_MDD_JCT_RIPPLING_PHONE,Phone ID,"Synthetic phone identifier made from object category, phone type, and object identifier."
_MDD_JCT_RIPPLING_PHONE,Object Category,Type of business object to which the contact or demographic record belongs; current Rippling rows use Employee.
_MDD_JCT_RIPPLING_PHONE,Object Category ID,Module-specific numeric code for Object Category. Current Rippling outputs use different codes by contact/demographic table and these codes are not Rippling API identifiers.
_MDD_JCT_RIPPLING_PHONE,Object ID,Identifier of the business object associated with the row. Its exact source depends on the row type; nested User child-table id values are propagated from the parent User ID by CommonWSDataset rather than supplied as native address/phone IDs by Rippling.
_MDD_JCT_RIPPLING_PHONE,Phone Type,"Module classification of the phone number as Home or Work, based on Rippling User phone-number type."
_MDD_JCT_RIPPLING_PHONE,Phone Type ID,Module-specific numeric code for Phone Type: 2 for Home and 4 for Work.
_MDD_JCT_RIPPLING_PHONE,Phone Number,"Display value of the Rippling User phone number. Rippling separately documents a canonical RFC3966 value, but this module selects the display field."
_MDD_JCT_RIPPLING_ETHNICITY,Ethnicity ID Fuzzy A0,Run-local sequential ethnicity-row identifier generated with ROW_NUMBER; it is recalculated each module execution and is not stable.
_MDD_JCT_RIPPLING_ETHNICITY,Ethnicity ID,"Synthetic ethnicity identifier made from object category, ethnicity type, and object identifier."
_MDD_JCT_RIPPLING_ETHNICITY,Object Category,Type of business object to which the contact or demographic record belongs; current Rippling rows use Employee.
_MDD_JCT_RIPPLING_ETHNICITY,Object Category ID,Module-specific numeric code for Object Category. Current Rippling outputs use different codes by contact/demographic table and these codes are not Rippling API identifiers.
_MDD_JCT_RIPPLING_ETHNICITY,Object ID,Identifier of the business object associated with the row. Its exact source depends on the row type; nested User child-table id values are propagated from the parent User ID by CommonWSDataset rather than supplied as native address/phone IDs by Rippling.
_MDD_JCT_RIPPLING_ETHNICITY,Ethnicity Type,Module classification of the ethnicity record; current rows are labeled Primary.
_MDD_JCT_RIPPLING_ETHNICITY,Ethnicity Lookup ID,Raw Rippling ethnicity classification value recorded for the worker.
_MDD_JCT_RIPPLING_ETHNICITY,Ethnicity,"Human-readable form of the Rippling ethnicity value, created by replacing underscores with spaces and applying title case."
_MDD_JCT_RIPPLING_ETHNICITY,Ethnicity Type ID,Module-specific numeric code for Ethnicity Type; current Primary rows use 1.
_MDD_JCT_RIPPLING_COST_CENTERS,Cost Center ID,Identifier of the department used by this module as the employee's cost center.
_MDD_JCT_RIPPLING_COST_CENTERS,Cost Center Name,Name of the Rippling department modeled by this module as a cost center.
_MDD_JCT_RIPPLING_SUPERVISORY_RELATIONSHIPS,Supervisor Employee ID,Canonical Employee ID of the supervisor resolved from the supervisor's Rippling Worker ID.
_MDD_JCT_RIPPLING_SUPERVISORY_RELATIONSHIPS,Supervisor Employee ID Agency,Organization worker number of the supervisor.
_MDD_JCT_RIPPLING_SUPERVISORY_RELATIONSHIPS,Employee ID Agency,Worker number assigned within the organization.
_MDD_JCT_RIPPLING_SUPERVISORY_RELATIONSHIPS,Employee ID,"Canonical employee identifier used by this module; it is the Rippling Worker ID when a worker exists, otherwise USER_ followed by the Rippling User ID."
_MDD_JCT_RIPPLING_SUPERVISORY_RELATIONSHIPS,Supervisor Employee ID External,Rippling Worker ID of the supervisor represented by the relationship.
_MDD_JCT_RIPPLING_SUPERVISORY_RELATIONSHIPS,Supervisory Relationship Type,Indicates whether the supervisor relationship is direct or was reached indirectly through the management hierarchy.
_MDD_JCT_RIPPLING_SUPERVISORY_RELATIONSHIPS,Supervisor Name,First-last display name of the supervisor.
_MDD_JCT_RIPPLING_SUPERVISORY_RELATIONSHIPS,Supervisor Job Title,Job title of the supervisor.
_MDD_JCT_RIPPLING_SUPERVISORY_RELATIONSHIPS,Employee Name,First-last display name of the employee in the relationship.
_MDD_JCT_RIPPLING_SUPERVISORY_RELATIONSHIPS,Employee Job Title,Worker's job title in Rippling.
_MDD_JCT_RIPPLING_PAY_PERIODS,Pay Period ID FA0,Run-local sequential pay-period identifier generated with ROW_NUMBER; it is recalculated each module execution and is not a stable Rippling identifier.
_MDD_JCT_RIPPLING_PAY_PERIODS,Pay Period Start,Start date of the pay period associated with a Rippling time entry.
_MDD_JCT_RIPPLING_PAY_PERIODS,Pay Period End,End date of the pay period associated with a Rippling time entry.
_MDD_JCT_RIPPLING_PAY_PERIODS,Pay Date,Date the module treats as pay date; current Rippling SQL sets it equal to Pay Period End rather than reading a distinct Rippling pay-date field.
_MDD_JCT_RIPPLING_PAY_PERIODS,Pay Date Sequence ASC,Sequential order of pay periods from earliest to latest Pay Period End.
_MDD_JCT_RIPPLING_PAY_PERIODS,Pay Date Sequence DESC,Sequential order of pay periods from latest to earliest Pay Period End.
_MDD_JCT_RIPPLING_PAY_PERIOD_DAYS,Date,Calendar date contained within the pay period.
_MDD_JCT_RIPPLING_PAY_PERIOD_DAYS,Pay Period ID FA0,Run-local sequential pay-period identifier generated with ROW_NUMBER; it is recalculated each module execution and is not a stable Rippling identifier.
_MDD_JCT_RIPPLING_PAY_PERIOD_DAYS,Pay Period Start,Start date of the pay period associated with a Rippling time entry.
_MDD_JCT_RIPPLING_PAY_PERIOD_DAYS,Pay Period End,End date of the pay period associated with a Rippling time entry.
_MDD_JCT_RIPPLING_PAY_PERIOD_DAYS,Pay Date,Date the module treats as pay date; current Rippling SQL sets it equal to Pay Period End rather than reading a distinct Rippling pay-date field.
_MDD_JCT_RIPPLING_PAY_PERIOD_DAYS,Pay Date Sequence ASC,Sequential order of pay periods from earliest to latest Pay Period End.
_MDD_JCT_RIPPLING_PAY_PERIOD_DAYS,Pay Date Sequence DESC,Sequential order of pay periods from latest to earliest Pay Period End.
_MDD_JCT_RIPPLING_TIMECLOCK_PUNCHES,Punch ID,Rippling TimeEntry identifier for the time-clock punch.
_MDD_JCT_RIPPLING_TIMECLOCK_PUNCHES,Employee ID,"Canonical employee identifier used by this module; it is the Rippling Worker ID when a worker exists, otherwise USER_ followed by the Rippling User ID."
_MDD_JCT_RIPPLING_TIMECLOCK_PUNCHES,Punch Start,Start timestamp of the Rippling TimeEntry.
_MDD_JCT_RIPPLING_TIMECLOCK_PUNCHES,Punch End,End timestamp of the Rippling TimeEntry.
_MDD_JCT_RIPPLING_TIMECLOCK_PUNCHES,Punch Status,"Status of the Rippling TimeEntry, such as DRAFT, APPROVED, PAID, or FINALIZED according to current Rippling documentation."
_MDD_JCT_RIPPLING_TIMECLOCK_PUNCHES,Time Card ID,Identifier of the Rippling time card associated with the TimeEntry.
_MDD_JCT_RIPPLING_TIMECLOCK_PUNCHES,Punch Duration (Minutes),Elapsed whole minutes between Punch Start and Punch End.
_MDD_JCT_RIPPLING_TIMECLOCK_PUNCHES,Punch Duration (Hours),Elapsed punch duration in decimal hours calculated from whole elapsed minutes.
_MDD_JCT_RIPPLING_TIMECLOCK_PUNCHES,Pay Period Start,Start date of the pay period associated with a Rippling time entry.
_MDD_JCT_RIPPLING_TIMECLOCK_PUNCHES,Pay Period End,End date of the pay period associated with a Rippling time entry.
_MDD_JCT_RIPPLING_TIMECLOCK_PUNCHES,Employee ID User ID,Rippling User identifier associated with the employee row.
_MDD_JCT_RIPPLING_TIMECLOCK_PUNCHES,Employee ID Agency,Worker number assigned within the organization.
_MDD_JCT_RIPPLING_TIMECLOCK_PUNCHES,Employee ID External,Rippling Worker identifier for the employee.
_MDD_JCT_RIPPLING_TIMECLOCK_PUNCHES,Employee Name First & Last,Employee legal first and family names formatted in first-name then last-name order.
_MDD_JCT_RIPPLING_TIMECLOCK_PUNCHES,Employee Name First & Last & Employee ID,Employee legal first and family names followed by the agency employee ID in parentheses.
_MDD_JCT_RIPPLING_TIMECLOCK_PUNCHES,Employee Name Last & First,"Employee legal family and given names formatted in last-name, first-name order."
_MDD_JCT_RIPPLING_TIMECLOCK_PUNCHES,Employee Name Last & First & Employee ID,Employee legal family and given names followed by the agency employee ID in parentheses.
_MDD_JCT_RIPPLING_TIMECLOCK_PUNCHES,Employee Name Last,The employee's legal family name.
_MDD_JCT_RIPPLING_TIMECLOCK_PUNCHES,Employee Name First,The employee's legal given name.
_MDD_JCT_RIPPLING_TIMECLOCK_PUNCHES,Employee Name Middle,The employee's middle name or names.
_MDD_JCT_RIPPLING_TIMECLOCK_PUNCHES,Employee Name Preferred First,The employee's preferred given name.
_MDD_JCT_RIPPLING_TIMECLOCK_PUNCHES,Employee Name Preferred Last,The employee's preferred family name.
_MDD_JCT_RIPPLING_TIMECLOCK_PUNCHES,Employee Name Preferred First & Last,Employee preferred given and family names formatted in first-name then last-name order.
_MDD_JCT_RIPPLING_TIMECLOCK_PUNCHES,Employee Name Preferred First & Last & Employee ID,Employee preferred first-last name followed by the agency employee ID in parentheses.
_MDD_JCT_RIPPLING_TIMECLOCK_PUNCHES,Employee Name Preferred Last & First,"Employee preferred family and given names formatted in last-name, first-name order."
_MDD_JCT_RIPPLING_TIMECLOCK_PUNCHES,Employee Name Preferred Last & First & Employee ID,Employee preferred last-first name followed by the agency employee ID in parentheses.
_MDD_JCT_RIPPLING_TIMECLOCK_PUNCHES,Employee Name First & Last w/Initial,"Employee legal first and last name with the middle-name value included when present; despite the field label, the current SQL uses the full middle-name value rather than only an initial."
_MDD_JCT_RIPPLING_TIMECLOCK_PUNCHES,Employee Name First & Last w/Initial & Employee ID,"Employee legal first-to-last name with middle-name value when present, followed by the Rippling Worker ID in parentheses; the label says initial but the current SQL uses the full middle-name value."
_MDD_JCT_RIPPLING_TIMECLOCK_PUNCHES,Employee Name Last & First w/Initial,"Employee legal last-first name with the middle-name value included when present; despite the field label, the current SQL uses the full middle-name value rather than only an initial."
_MDD_JCT_RIPPLING_TIMECLOCK_PUNCHES,Employee Name Last & First w/Initial & Employee ID,"Employee legal last-first name with middle-name value when present, followed by the Rippling Worker ID in parentheses; the label says initial but the current SQL uses the full middle-name value."
_MDD_JCT_RIPPLING_TIMECLOCK_PUNCHES,Employee Date of Birth,The employee's date of birth.
_MDD_JCT_RIPPLING_TIMECLOCK_PUNCHES,Employee Age in Years,Employee age expressed as a decimal number of years calculated from date of birth through the current database time.
_MDD_JCT_RIPPLING_TIMECLOCK_PUNCHES,Employee Age In Years Old,Employee age in completed whole years as of the current database date.
_MDD_JCT_RIPPLING_TIMECLOCK_PUNCHES,Employee Gender,Rippling gender value recorded for the worker.
_MDD_JCT_RIPPLING_TIMECLOCK_PUNCHES,Employee Supervisor ID,Rippling Worker ID of the employee's manager.
_MDD_JCT_RIPPLING_TIMECLOCK_PUNCHES,Employee Supervisor ID Agency,Organization worker number of the employee's manager.
_MDD_JCT_RIPPLING_TIMECLOCK_PUNCHES,Cost Center ID,Identifier of the department used by this module as the employee's cost center.
_MDD_JCT_RIPPLING_TIMECLOCK_PUNCHES,Cost Center Name,Name of the Rippling department modeled by this module as a cost center.
_MDD_JCT_RIPPLING_TIMECLOCK_PUNCHES,Employee Job Title,Worker's job title in Rippling.
_MDD_JCT_RIPPLING_TIMECLOCK_PUNCHES,Employee Pay ID,Identifier of the compensation package associated with the worker.
_MDD_JCT_RIPPLING_TIMECLOCK_PUNCHES,Employee Pay Hourly,Reserved employee hourly-pay field; the current Rippling module always sets it to NULL.
_MDD_JCT_RIPPLING_TIMECLOCK_PUNCHES,Employee Benefits Class,Reserved employee benefits-class field; the current Rippling module always sets it to NULL.
_MDD_JCT_RIPPLING_TIMECLOCK_PUNCHES,Employee Benefits Date Effective,Reserved benefits effective-date field; the current Rippling module always sets it to NULL.
_MDD_JCT_RIPPLING_TIMECLOCK_PUNCHES,Employee Benefits Salary,Reserved benefits salary field; the current Rippling module always sets it to NULL.
_MDD_JCT_RIPPLING_TIMECLOCK_PUNCHES,Employee Benefits Salary Date Effective,Reserved benefits-salary effective-date field; the current Rippling module always sets it to NULL.
_MDD_JCT_RIPPLING_TIMECLOCK_PUNCHES,Employee Type Code,Rippling employment-type identifier assigned to the worker.
_MDD_JCT_RIPPLING_TIMECLOCK_PUNCHES,Employee Type Label,Display label of the Rippling company employment type.
_MDD_JCT_RIPPLING_TIMECLOCK_PUNCHES,Employee Pay Type,"Compensation time period configured for the worker's employment type, such as hourly or salaried."
_MDD_JCT_RIPPLING_TIMECLOCK_PUNCHES,Employee Type,"Rippling worker-engagement classification from the employment type, such as employee or contractor."
_MDD_JCT_RIPPLING_TIMECLOCK_PUNCHES,Employee Type Amount Worked,"Rippling amount-worked classification from the employment type, such as full-time, part-time, or temporary."
_MDD_JCT_RIPPLING_TIMECLOCK_PUNCHES,Employee Hire Date,Start date of the worker's employment or engagement in Rippling.
_MDD_JCT_RIPPLING_TIMECLOCK_PUNCHES,Employee Hire Date Fiscal Year,Organization fiscal year containing the employee hire date.
_MDD_JCT_RIPPLING_TIMECLOCK_PUNCHES,Employee Termination Date,End date of the worker's employment or engagement in Rippling.
_MDD_JCT_RIPPLING_TIMECLOCK_PUNCHES,Employee Termination Date Fiscal Year,Organization fiscal year containing the employee termination date.
_MDD_JCT_RIPPLING_TIMECLOCK_PUNCHES,Employee Termination Status,Module-derived termination indicator based on whether Employee Termination Date is populated with a value other than blank or 1900-01-01.
_MDD_JCT_RIPPLING_TIMECLOCK_PUNCHES,Employee Status,Module-derived active/inactive status based on the worker end date; this field does not directly use Rippling's Worker status value.
_MDD_JCT_RIPPLING_TIMECLOCK_PUNCHES,Employee Tenure Days,Elapsed whole days of tenure from the worker start date to the current database time.
_MDD_JCT_RIPPLING_TIMECLOCK_PUNCHES,Employee Tenure Years,Elapsed tenure in years from the worker start date to the current database time using 365.25 days per year.
_MDD_JCT_RIPPLING_TIMECLOCK_PUNCHES,Employee Tax SUI State,Reserved employee state-unemployment-insurance tax field; the current Rippling module always sets it to NULL.
_MDD_JCT_RIPPLING_TIMECLOCK_PUNCHES,Employee Tax Status Code,Reserved employee tax-status code field; the current Rippling module always sets it to NULL.
_MDD_JCT_RIPPLING_TIMECLOCK_PUNCHES,Employee Tax Status,Reserved employee tax-status description field; the current Rippling module always sets it to NULL.
_MDD_JCT_RIPPLING_TIMECLOCK_PUNCHES,Employee Ethnicity ID,Raw Rippling ethnicity classification value recorded for the worker.
_MDD_JCT_RIPPLING_TIMECLOCK_PUNCHES,Employee Ethnicity,"Human-readable form of the Rippling ethnicity value, created by replacing underscores with spaces and applying title case."
_MDD_JCT_RIPPLING_TIMECLOCK_PUNCHES,Employee Race ID,Raw Rippling race classification value recorded for the worker.
_MDD_JCT_RIPPLING_TIMECLOCK_PUNCHES,Employee Race,Rippling race classification value recorded for the worker; the current module does not transform the source value for display.
_MDD_JCT_RIPPLING_TIMECLOCK_PUNCHES,Employee Email Home,Employee personal email address normalized to lowercase.
_MDD_JCT_RIPPLING_TIMECLOCK_PUNCHES,Employee Email Work,Employee work email address normalized to lowercase.
_MDD_JCT_RIPPLING_TIMECLOCK_PUNCHES,Employee Username,Globally unique Rippling User username used for direct authentication into the associated company.
_MDD_JCT_RIPPLING_TIMECLOCK_PUNCHES,Employee Is Vendor User,Indicates whether the module identifies the employee as a Rippling vendor user because the username contains rippling.com.
_MDD_JCT_RIPPLING_TIMECLOCK_PUNCHES,Employee Is External User,Indicates whether the module identifies the employee as external; current logic is identical to Employee Is Vendor User and returns TRUE when the username contains rippling.com.
_MDD_JCT_RIPPLING_TIMECLOCK_PUNCHES,Employee Tenure Group,Configured tenure group corresponding to Employee Tenure Years.
_MDD_JCT_RIPPLING_TIMECLOCK_PUNCHES,Employee Tenure Group Sort Order,Configured display order of the employee's tenure group.
_MDD_JCT_RIPPLING_TIMECLOCK_PUNCHES,Employee Address Home ID FA0,Run-local sequential identifier of the employee's home-address row; it is not stable across module executions.
_MDD_JCT_RIPPLING_TIMECLOCK_PUNCHES,Employee Address Home 1,Street-address line for the employee's home address.
_MDD_JCT_RIPPLING_TIMECLOCK_PUNCHES,Employee Address Home 2,Second line of the employee's home address; currently NULL because Address 2 is not populated.
_MDD_JCT_RIPPLING_TIMECLOCK_PUNCHES,Employee Address Home City,City/locality of the employee's home address.
_MDD_JCT_RIPPLING_TIMECLOCK_PUNCHES,Employee Address Home State,State/region of the employee's home address.
_MDD_JCT_RIPPLING_TIMECLOCK_PUNCHES,Employee Address Home Zip,Postal code of the employee's home address.
_MDD_JCT_RIPPLING_TIMECLOCK_PUNCHES,Employee Address Home County,County of the employee's home address; currently NULL because Address County is not populated.
_MDD_JCT_RIPPLING_TIMECLOCK_PUNCHES,Employee Address Home Country,Country of the employee's home address.
_MDD_JCT_RIPPLING_TIMECLOCK_PUNCHES,Employee Address Work ID FA0,Run-local sequential identifier of the employee's work-address row; it is not stable across module executions.
_MDD_JCT_RIPPLING_TIMECLOCK_PUNCHES,Employee Address Work 1,Street-address line for the employee's work address.
_MDD_JCT_RIPPLING_TIMECLOCK_PUNCHES,Employee Address Work 2,Second line of the employee's work address; currently NULL because Address 2 is not populated.
_MDD_JCT_RIPPLING_TIMECLOCK_PUNCHES,Employee Address Work City,City/locality of the employee's work address.
_MDD_JCT_RIPPLING_TIMECLOCK_PUNCHES,Employee Address Work State,State/region of the employee's work address.
_MDD_JCT_RIPPLING_TIMECLOCK_PUNCHES,Employee Address Work Zip,Postal code of the employee's work address.
_MDD_JCT_RIPPLING_TIMECLOCK_PUNCHES,Employee Address Work County,County of the employee's work address; currently NULL because Address County is not populated.
_MDD_JCT_RIPPLING_TIMECLOCK_PUNCHES,Employee Address Work Country,Country of the employee's work address.
_MDD_JCT_RIPPLING_TIMECLOCK_PUNCH_SEGMENTS,Punch Segment ID A0,Run-local sequential punch-segment identifier generated with ROW_NUMBER; it is recalculated each module execution and is not stable.
_MDD_JCT_RIPPLING_TIMECLOCK_PUNCH_SEGMENTS,Punch ID,Rippling TimeEntry identifier for the time-clock punch.
_MDD_JCT_RIPPLING_TIMECLOCK_PUNCH_SEGMENTS,Punch Segment Start,Start timestamp of the continuous TimeEntry segment.
_MDD_JCT_RIPPLING_TIMECLOCK_PUNCH_SEGMENTS,Punch Segment End,End timestamp of the continuous TimeEntry segment.
_MDD_JCT_RIPPLING_TIMECLOCK_PUNCH_SEGMENTS,Punch Segment Duration (Minutes),Elapsed whole minutes between Punch Segment Start and Punch Segment End.
_MDD_JCT_RIPPLING_TIMECLOCK_PUNCH_SEGMENTS,Punch Segment Duration (Hours),Elapsed segment duration in decimal hours calculated from whole elapsed minutes.
_MDD_JCT_RIPPLING_TIMECLOCK_PUNCH_SEGMENTS,Punch Segment OT Multiplier,"Overtime multiplier for the segment, defaulted by the module to 1 when Rippling's ot_multiplier is NULL."
_MDD_JCT_RIPPLING_TIMECLOCK_PUNCH_SEGMENTS,Punch Segment Name,"Display name of the segment; when Rippling display_name is NULL and break_type_id is present, the module labels the segment Break."
_MDD_JCT_RIPPLING_TIMECLOCK_PUNCH_SEGMENTS,Punch Segment Is Break,"Text flag produced by the current SQL. The current expression returns True when break_type_id is NULL and False when break_type_id is present, which appears inverted relative to Punch Segment Name's Break fallback logic."
_MDD_JCT_RIPPLING_TIMECLOCK_PUNCH_SEGMENTS,Punch Segment Pay Rate,Effective segment pay rate after applying the overtime multiplier when one is present.
_MDD_JCT_RIPPLING_TIMECLOCK_PUNCH_SEGMENTS,Punch Segment Pay,Calculated pay for the segment using effective pay rate multiplied by segment duration in hours.
_MDD_JCT_RIPPLING_TIMECLOCK_PUNCH_SEGMENTS,Employee ID,"Canonical employee identifier used by this module; it is the Rippling Worker ID when a worker exists, otherwise USER_ followed by the Rippling User ID."
_MDD_JCT_RIPPLING_TIMECLOCK_PUNCH_SEGMENTS,Punch Start,Start timestamp of the Rippling TimeEntry.
_MDD_JCT_RIPPLING_TIMECLOCK_PUNCH_SEGMENTS,Punch End,End timestamp of the Rippling TimeEntry.
_MDD_JCT_RIPPLING_TIMECLOCK_PUNCH_SEGMENTS,Punch Status,"Status of the Rippling TimeEntry, such as DRAFT, APPROVED, PAID, or FINALIZED according to current Rippling documentation."
_MDD_JCT_RIPPLING_TIMECLOCK_PUNCH_SEGMENTS,Time Card ID,Identifier of the Rippling time card associated with the TimeEntry.
_MDD_JCT_RIPPLING_TIMECLOCK_PUNCH_SEGMENTS,Punch Duration (Minutes),Elapsed whole minutes between Punch Start and Punch End.
_MDD_JCT_RIPPLING_TIMECLOCK_PUNCH_SEGMENTS,Punch Duration (Hours),Elapsed punch duration in decimal hours calculated from whole elapsed minutes.
_MDD_JCT_RIPPLING_TIMECLOCK_PUNCH_SEGMENTS,Pay Period Start,Start date of the pay period associated with a Rippling time entry.
_MDD_JCT_RIPPLING_TIMECLOCK_PUNCH_SEGMENTS,Pay Period End,End date of the pay period associated with a Rippling time entry.
_MDD_JCT_RIPPLING_TIMECLOCK_PUNCH_SEGMENTS,Employee ID User ID,Rippling User identifier associated with the employee row.
_MDD_JCT_RIPPLING_TIMECLOCK_PUNCH_SEGMENTS,Employee ID Agency,Worker number assigned within the organization.
_MDD_JCT_RIPPLING_TIMECLOCK_PUNCH_SEGMENTS,Employee ID External,Rippling Worker identifier for the employee.
_MDD_JCT_RIPPLING_TIMECLOCK_PUNCH_SEGMENTS,Employee Name First & Last,Employee legal first and family names formatted in first-name then last-name order.
_MDD_JCT_RIPPLING_TIMECLOCK_PUNCH_SEGMENTS,Employee Name First & Last & Employee ID,Employee legal first and family names followed by the agency employee ID in parentheses.
_MDD_JCT_RIPPLING_TIMECLOCK_PUNCH_SEGMENTS,Employee Name Last & First,"Employee legal family and given names formatted in last-name, first-name order."
_MDD_JCT_RIPPLING_TIMECLOCK_PUNCH_SEGMENTS,Employee Name Last & First & Employee ID,Employee legal family and given names followed by the agency employee ID in parentheses.
_MDD_JCT_RIPPLING_TIMECLOCK_PUNCH_SEGMENTS,Employee Name Last,The employee's legal family name.
_MDD_JCT_RIPPLING_TIMECLOCK_PUNCH_SEGMENTS,Employee Name First,The employee's legal given name.
_MDD_JCT_RIPPLING_TIMECLOCK_PUNCH_SEGMENTS,Employee Name Middle,The employee's middle name or names.
_MDD_JCT_RIPPLING_TIMECLOCK_PUNCH_SEGMENTS,Employee Name Preferred First,The employee's preferred given name.
_MDD_JCT_RIPPLING_TIMECLOCK_PUNCH_SEGMENTS,Employee Name Preferred Last,The employee's preferred family name.
_MDD_JCT_RIPPLING_TIMECLOCK_PUNCH_SEGMENTS,Employee Name Preferred First & Last,Employee preferred given and family names formatted in first-name then last-name order.
_MDD_JCT_RIPPLING_TIMECLOCK_PUNCH_SEGMENTS,Employee Name Preferred First & Last & Employee ID,Employee preferred first-last name followed by the agency employee ID in parentheses.
_MDD_JCT_RIPPLING_TIMECLOCK_PUNCH_SEGMENTS,Employee Name Preferred Last & First,"Employee preferred family and given names formatted in last-name, first-name order."
_MDD_JCT_RIPPLING_TIMECLOCK_PUNCH_SEGMENTS,Employee Name Preferred Last & First & Employee ID,Employee preferred last-first name followed by the agency employee ID in parentheses.
_MDD_JCT_RIPPLING_TIMECLOCK_PUNCH_SEGMENTS,Employee Name First & Last w/Initial,"Employee legal first and last name with the middle-name value included when present; despite the field label, the current SQL uses the full middle-name value rather than only an initial."
_MDD_JCT_RIPPLING_TIMECLOCK_PUNCH_SEGMENTS,Employee Name First & Last w/Initial & Employee ID,"Employee legal first-to-last name with middle-name value when present, followed by the Rippling Worker ID in parentheses; the label says initial but the current SQL uses the full middle-name value."
_MDD_JCT_RIPPLING_TIMECLOCK_PUNCH_SEGMENTS,Employee Name Last & First w/Initial,"Employee legal last-first name with the middle-name value included when present; despite the field label, the current SQL uses the full middle-name value rather than only an initial."
_MDD_JCT_RIPPLING_TIMECLOCK_PUNCH_SEGMENTS,Employee Name Last & First w/Initial & Employee ID,"Employee legal last-first name with middle-name value when present, followed by the Rippling Worker ID in parentheses; the label says initial but the current SQL uses the full middle-name value."
_MDD_JCT_RIPPLING_TIMECLOCK_PUNCH_SEGMENTS,Employee Date of Birth,The employee's date of birth.
_MDD_JCT_RIPPLING_TIMECLOCK_PUNCH_SEGMENTS,Employee Age in Years,Employee age expressed as a decimal number of years calculated from date of birth through the current database time.
_MDD_JCT_RIPPLING_TIMECLOCK_PUNCH_SEGMENTS,Employee Age In Years Old,Employee age in completed whole years as of the current database date.
_MDD_JCT_RIPPLING_TIMECLOCK_PUNCH_SEGMENTS,Employee Gender,Rippling gender value recorded for the worker.
_MDD_JCT_RIPPLING_TIMECLOCK_PUNCH_SEGMENTS,Employee Supervisor ID,Rippling Worker ID of the employee's manager.
_MDD_JCT_RIPPLING_TIMECLOCK_PUNCH_SEGMENTS,Employee Supervisor ID Agency,Organization worker number of the employee's manager.
_MDD_JCT_RIPPLING_TIMECLOCK_PUNCH_SEGMENTS,Cost Center ID,Identifier of the department used by this module as the employee's cost center.
_MDD_JCT_RIPPLING_TIMECLOCK_PUNCH_SEGMENTS,Cost Center Name,Name of the Rippling department modeled by this module as a cost center.
_MDD_JCT_RIPPLING_TIMECLOCK_PUNCH_SEGMENTS,Employee Job Title,Worker's job title in Rippling.
_MDD_JCT_RIPPLING_TIMECLOCK_PUNCH_SEGMENTS,Employee Pay ID,Identifier of the compensation package associated with the worker.
_MDD_JCT_RIPPLING_TIMECLOCK_PUNCH_SEGMENTS,Employee Pay Hourly,Reserved employee hourly-pay field; the current Rippling module always sets it to NULL.
_MDD_JCT_RIPPLING_TIMECLOCK_PUNCH_SEGMENTS,Employee Benefits Class,Reserved employee benefits-class field; the current Rippling module always sets it to NULL.
_MDD_JCT_RIPPLING_TIMECLOCK_PUNCH_SEGMENTS,Employee Benefits Date Effective,Reserved benefits effective-date field; the current Rippling module always sets it to NULL.
_MDD_JCT_RIPPLING_TIMECLOCK_PUNCH_SEGMENTS,Employee Benefits Salary,Reserved benefits salary field; the current Rippling module always sets it to NULL.
_MDD_JCT_RIPPLING_TIMECLOCK_PUNCH_SEGMENTS,Employee Benefits Salary Date Effective,Reserved benefits-salary effective-date field; the current Rippling module always sets it to NULL.
_MDD_JCT_RIPPLING_TIMECLOCK_PUNCH_SEGMENTS,Employee Type Code,Rippling employment-type identifier assigned to the worker.
_MDD_JCT_RIPPLING_TIMECLOCK_PUNCH_SEGMENTS,Employee Type Label,Display label of the Rippling company employment type.
_MDD_JCT_RIPPLING_TIMECLOCK_PUNCH_SEGMENTS,Employee Pay Type,"Compensation time period configured for the worker's employment type, such as hourly or salaried."
_MDD_JCT_RIPPLING_TIMECLOCK_PUNCH_SEGMENTS,Employee Type,"Rippling worker-engagement classification from the employment type, such as employee or contractor."
_MDD_JCT_RIPPLING_TIMECLOCK_PUNCH_SEGMENTS,Employee Type Amount Worked,"Rippling amount-worked classification from the employment type, such as full-time, part-time, or temporary."
_MDD_JCT_RIPPLING_TIMECLOCK_PUNCH_SEGMENTS,Employee Hire Date,Start date of the worker's employment or engagement in Rippling.
_MDD_JCT_RIPPLING_TIMECLOCK_PUNCH_SEGMENTS,Employee Hire Date Fiscal Year,Organization fiscal year containing the employee hire date.
_MDD_JCT_RIPPLING_TIMECLOCK_PUNCH_SEGMENTS,Employee Termination Date,End date of the worker's employment or engagement in Rippling.
_MDD_JCT_RIPPLING_TIMECLOCK_PUNCH_SEGMENTS,Employee Termination Date Fiscal Year,Organization fiscal year containing the employee termination date.
_MDD_JCT_RIPPLING_TIMECLOCK_PUNCH_SEGMENTS,Employee Termination Status,Module-derived termination indicator based on whether Employee Termination Date is populated with a value other than blank or 1900-01-01.
_MDD_JCT_RIPPLING_TIMECLOCK_PUNCH_SEGMENTS,Employee Status,Module-derived active/inactive status based on the worker end date; this field does not directly use Rippling's Worker status value.
_MDD_JCT_RIPPLING_TIMECLOCK_PUNCH_SEGMENTS,Employee Tenure Days,Elapsed whole days of tenure from the worker start date to the current database time.
_MDD_JCT_RIPPLING_TIMECLOCK_PUNCH_SEGMENTS,Employee Tenure Years,Elapsed tenure in years from the worker start date to the current database time using 365.25 days per year.
_MDD_JCT_RIPPLING_TIMECLOCK_PUNCH_SEGMENTS,Employee Tax SUI State,Reserved employee state-unemployment-insurance tax field; the current Rippling module always sets it to NULL.
_MDD_JCT_RIPPLING_TIMECLOCK_PUNCH_SEGMENTS,Employee Tax Status Code,Reserved employee tax-status code field; the current Rippling module always sets it to NULL.
_MDD_JCT_RIPPLING_TIMECLOCK_PUNCH_SEGMENTS,Employee Tax Status,Reserved employee tax-status description field; the current Rippling module always sets it to NULL.
_MDD_JCT_RIPPLING_TIMECLOCK_PUNCH_SEGMENTS,Employee Ethnicity ID,Raw Rippling ethnicity classification value recorded for the worker.
_MDD_JCT_RIPPLING_TIMECLOCK_PUNCH_SEGMENTS,Employee Ethnicity,"Human-readable form of the Rippling ethnicity value, created by replacing underscores with spaces and applying title case."
_MDD_JCT_RIPPLING_TIMECLOCK_PUNCH_SEGMENTS,Employee Race ID,Raw Rippling race classification value recorded for the worker.
_MDD_JCT_RIPPLING_TIMECLOCK_PUNCH_SEGMENTS,Employee Race,Rippling race classification value recorded for the worker; the current module does not transform the source value for display.
_MDD_JCT_RIPPLING_TIMECLOCK_PUNCH_SEGMENTS,Employee Email Home,Employee personal email address normalized to lowercase.
_MDD_JCT_RIPPLING_TIMECLOCK_PUNCH_SEGMENTS,Employee Email Work,Employee work email address normalized to lowercase.
_MDD_JCT_RIPPLING_TIMECLOCK_PUNCH_SEGMENTS,Employee Username,Globally unique Rippling User username used for direct authentication into the associated company.
_MDD_JCT_RIPPLING_TIMECLOCK_PUNCH_SEGMENTS,Employee Is Vendor User,Indicates whether the module identifies the employee as a Rippling vendor user because the username contains rippling.com.
_MDD_JCT_RIPPLING_TIMECLOCK_PUNCH_SEGMENTS,Employee Is External User,Indicates whether the module identifies the employee as external; current logic is identical to Employee Is Vendor User and returns TRUE when the username contains rippling.com.
_MDD_JCT_RIPPLING_TIMECLOCK_PUNCH_SEGMENTS,Employee Tenure Group,Configured tenure group corresponding to Employee Tenure Years.
_MDD_JCT_RIPPLING_TIMECLOCK_PUNCH_SEGMENTS,Employee Tenure Group Sort Order,Configured display order of the employee's tenure group.
_MDD_JCT_RIPPLING_TIMECLOCK_PUNCH_SEGMENTS,Employee Address Home ID FA0,Run-local sequential identifier of the employee's home-address row; it is not stable across module executions.
_MDD_JCT_RIPPLING_TIMECLOCK_PUNCH_SEGMENTS,Employee Address Home 1,Street-address line for the employee's home address.
_MDD_JCT_RIPPLING_TIMECLOCK_PUNCH_SEGMENTS,Employee Address Home 2,Second line of the employee's home address; currently NULL because Address 2 is not populated.
_MDD_JCT_RIPPLING_TIMECLOCK_PUNCH_SEGMENTS,Employee Address Home City,City/locality of the employee's home address.
_MDD_JCT_RIPPLING_TIMECLOCK_PUNCH_SEGMENTS,Employee Address Home State,State/region of the employee's home address.
_MDD_JCT_RIPPLING_TIMECLOCK_PUNCH_SEGMENTS,Employee Address Home Zip,Postal code of the employee's home address.
_MDD_JCT_RIPPLING_TIMECLOCK_PUNCH_SEGMENTS,Employee Address Home County,County of the employee's home address; currently NULL because Address County is not populated.
_MDD_JCT_RIPPLING_TIMECLOCK_PUNCH_SEGMENTS,Employee Address Home Country,Country of the employee's home address.
_MDD_JCT_RIPPLING_TIMECLOCK_PUNCH_SEGMENTS,Employee Address Work ID FA0,Run-local sequential identifier of the employee's work-address row; it is not stable across module executions.
_MDD_JCT_RIPPLING_TIMECLOCK_PUNCH_SEGMENTS,Employee Address Work 1,Street-address line for the employee's work address.
_MDD_JCT_RIPPLING_TIMECLOCK_PUNCH_SEGMENTS,Employee Address Work 2,Second line of the employee's work address; currently NULL because Address 2 is not populated.
_MDD_JCT_RIPPLING_TIMECLOCK_PUNCH_SEGMENTS,Employee Address Work City,City/locality of the employee's work address.
_MDD_JCT_RIPPLING_TIMECLOCK_PUNCH_SEGMENTS,Employee Address Work State,State/region of the employee's work address.
_MDD_JCT_RIPPLING_TIMECLOCK_PUNCH_SEGMENTS,Employee Address Work Zip,Postal code of the employee's work address.
_MDD_JCT_RIPPLING_TIMECLOCK_PUNCH_SEGMENTS,Employee Address Work County,County of the employee's work address; currently NULL because Address County is not populated.
_MDD_JCT_RIPPLING_TIMECLOCK_PUNCH_SEGMENTS,Employee Address Work Country,Country of the employee's work address.
_MDD_JCT_RIPPLING_RLS_UPNS,Employee ID External,Rippling Worker identifier for the employee.
_MDD_JCT_RIPPLING_RLS_UPNS,Employee ID,"Canonical employee identifier used by this module; it is the Rippling Worker ID when a worker exists, otherwise USER_ followed by the Rippling User ID."
_MDD_JCT_RIPPLING_RLS_UPNS,Employee Email for RLS,Active employee work email address used as the row-level-security user principal value.
_MDD_JCT_RIPPLING_RLS_ALWAYS_SUPERVISES,Employee ID,"Canonical employee identifier used by this module; it is the Rippling Worker ID when a worker exists, otherwise USER_ followed by the Rippling User ID."
_MDD_JCT_RIPPLING_RLS_SUPERVISORY_HIERARCHY,Employee ID,"Canonical employee identifier used by this module; it is the Rippling Worker ID when a worker exists, otherwise USER_ followed by the Rippling User ID."
_MDD_JCT_RIPPLING_RLS_SUPERVISORY_HIERARCHY,Supervisor Employee ID,Canonical Employee ID of the supervisor resolved from the supervisor's Rippling Worker ID.
_MDD_JCT_RIPPLING_RLS_SUPERVISORY,Employee ID,"Canonical employee identifier used by this module; it is the Rippling Worker ID when a worker exists, otherwise USER_ followed by the Rippling User ID."
_MDD_JCT_RIPPLING_RLS_SUPERVISORY,RLS String,Pipe-delimited list of work email addresses authorized by the supervisory hierarchy to view records associated with the employee.
_MDD_JCT_RIPPLING_RLS_SUPERVISORY,Employee ID Agency,Worker number assigned within the organization.
_MDD_JCT_X_CREDIBLE_CCBHC_UMD_AGENCY_CONTEXT,Agency ID Hash,SHA2-256 hash of Agency ID concatenated with Agency Domain.
_MDD_JCT_X_CREDIBLE_CCBHC_UMD_USER_CREDENTIALS,User ID,User identifier from Credible credential records.
_MDD_JCT_X_CREDIBLE_CCBHC_UMD_USER_CREDENTIALS,Employee_Credential,Pipe-delimited credential names per user.
_MDD_JCT_X_CREDIBLE_CCBHC_UMD_CLIENT_ACTIVE_DIAGNOSIS,Client ID,Client identifier.
_MDD_JCT_X_CREDIBLE_CCBHC_UMD_CLIENT_ACTIVE_DIAGNOSIS,Date ID,Date key for active diagnosis rollup.
_MDD_JCT_X_CREDIBLE_CCBHC_UMD_CLIENT_ACTIVE_DIAGNOSIS,Client_Active_Diagnosis,Pipe-delimited active diagnosis code list.
_MDD_JCT_X_CREDIBLE_CCBHC_UMD_CLIENT_ACTIVE_INSURANCE,Client ID,Client identifier.
_MDD_JCT_X_CREDIBLE_CCBHC_UMD_CLIENT_ACTIVE_INSURANCE,Date ID,Date key for active insurance rollup.
_MDD_JCT_X_CREDIBLE_CCBHC_UMD_CLIENT_ACTIVE_INSURANCE,Client_Active_Insurance,Pipe-delimited payer name list.
_MDD_JCT_X_CREDIBLE_CCBHC_UMD_CLIENT_ACTIVE_INSURANCE,Client_Active_Insurance_Type,Pipe-delimited payer type list.
_MDD_JCT_X_CREDIBLE_CCBHC_UMD_DATA,Service_ID_Proxy,Anonymous proxy identifier for appointment/service ID.
_MDD_JCT_X_CREDIBLE_CCBHC_UMD_DATA,Agency ID Hash,Static agency hash for the export run.
_MDD_JCT_X_CREDIBLE_CCBHC_UMD_DATA,Service_Start_Date_Time,Service appointment start timestamp.
_MDD_JCT_X_CREDIBLE_CCBHC_UMD_DATA,Service_Duration,Service duration in minutes.
_MDD_JCT_X_CREDIBLE_CCBHC_UMD_DATA,Service_End_Date_Time,Service appointment end timestamp.
_MDD_JCT_X_CREDIBLE_CCBHC_UMD_DATA,Service_Type,Service type name from the appointment record.
_MDD_JCT_X_CREDIBLE_CCBHC_UMD_DATA,Service_Location,Point-of-service location label for the service.
_MDD_JCT_X_CREDIBLE_CCBHC_UMD_DATA,Service_Program,Program name associated with the service.
_MDD_JCT_X_CREDIBLE_CCBHC_UMD_DATA,Service_Billing_Code,"Billing code selected from CPT, then HCPCS, then the fallback appointment procedure code."
_MDD_JCT_X_CREDIBLE_CCBHC_UMD_DATA,Service_Billing_Code_Mod,Pipe-delimited CPT modifier list for the service.
_MDD_JCT_X_CREDIBLE_CCBHC_UMD_DATA,Service_Recipient_Type,Recipient name associated with the appointment service.
_MDD_JCT_X_CREDIBLE_CCBHC_UMD_DATA,Service_Status,Appointment status for the service record.
_MDD_JCT_X_CREDIBLE_CCBHC_UMD_DATA,Service_Primary_Insurance,Primary payer name associated with the service.
_MDD_JCT_X_CREDIBLE_CCBHC_UMD_DATA,Client_ID_Proxy,Anonymous proxy identifier for client ID.
_MDD_JCT_X_CREDIBLE_CCBHC_UMD_DATA,Client_DOB,Client date of birth.
_MDD_JCT_X_CREDIBLE_CCBHC_UMD_DATA,Client_Primary_Language,Client preferred language.
_MDD_JCT_X_CREDIBLE_CCBHC_UMD_DATA,Client_Sex,Client sex value.
_MDD_JCT_X_CREDIBLE_CCBHC_UMD_DATA,Client_Veteran_Status,Veteran status proxy populated from client military status.
_MDD_JCT_X_CREDIBLE_CCBHC_UMD_DATA,Client_Military_Status,Client military status value.
_MDD_JCT_X_CREDIBLE_CCBHC_UMD_DATA,Client_Address_City,Client primary address city.
_MDD_JCT_X_CREDIBLE_CCBHC_UMD_DATA,Client_Address_State,Client primary address state.
_MDD_JCT_X_CREDIBLE_CCBHC_UMD_DATA,Client_Address_Zip,Client primary address zip code.
_MDD_JCT_X_CREDIBLE_CCBHC_UMD_DATA,Client_Address_County,Client primary address county.
_MDD_JCT_X_CREDIBLE_CCBHC_UMD_DATA,Employee_ID_Prox,Anonymous proxy identifier for user/employee ID.
_MDD_JCT_X_CREDIBLE_CCBHC_UMD_DATA,Employee_Credential,Pipe-delimited credential names for the associated user.
_MDD_JCT_X_CREDIBLE_CCBHC_UMD_DATA,Service_Diagnosis,Pipe-delimited diagnosis codes recorded directly on the appointment.
_MDD_JCT_X_CREDIBLE_CCBHC_UMD_DATA,Client_Active_Diagnosis,Pipe-delimited diagnosis code list active on the appointment date.
_MDD_JCT_X_CREDIBLE_CCBHC_UMD_DATA,Client_Race,Pipe-delimited race values from client demographic fields.
_MDD_JCT_X_CREDIBLE_CCBHC_UMD_DATA,Client_Ethnicity,Primary ethnicity value for the client.
_MDD_JCT_X_CREDIBLE_CCBHC_UMD_DATA,Client_Living_Status,Reserved output field currently populated as null in this extension.
_MDD_JCT_X_CREDIBLE_CCBHC_UMD_DATA,Client_Active_Insurance,Pipe-delimited payer names active on the appointment date.
_MDD_JCT_X_CREDIBLE_CCBHC_UMD_DATA,Client_Active_Insurance_Type,Pipe-delimited payer types active on the appointment date.
_MDD_JCT_X_CREDIBLE_CCBHC_UMD_DATA,Insurance_Type,Insurance type override supplied from collaboration custom mapping.
_MDD_JCT_X_CREDIBLE_CCBHC_UMD_DATA,Self_Pay,Self-pay indicator supplied from collaboration custom mapping.
_MDD_JCT_X_CREDIBLE_CCBHC_UMD_DATA,Service_Format,Service delivery format supplied from collaboration custom mapping.
_MDD_JCT_X_CREDIBLE_CCBHC_UMD_DATA,Service_Is_Crisis,Indicator of whether the service is classified as crisis service.
_MDD_JCT_X_CREDIBLE_CCBHC_UMD_DATA,Service_Crisis_Type,Crisis subtype value supplied from collaboration custom mapping.
_MDD_JCT_X_CREDIBLE_CCBHC_UMD_DATA,Service_Is_MOUD,Indicator of whether the service is MOUD-related.
_MDD_JCT_X_CREDIBLE_CCBHC_UMD_DATA,Service_Is_Peer_Support,Indicator of whether the service is peer-support related.
_MDD_JCT_X_CREDIBLE_CCBHC_UMD_DATA,Service_Is_Care_Coordination,Indicator of whether the service is care-coordination related.
_MDD_JCT_X_CREDIBLE_CCBHC_UMD_DATA,Service_Is_Integrated_or_Physical_Health,Indicator of whether the service is integrated behavioral/physical health related.
_MDD_JCT_X_CREDIBLE_CCBHC_UMD_DATA,Service_Is_Outreach,Indicator of whether the service is outreach-related.
_MDD_JCT_X_CREDIBLE_CCBHC_UMD_DATA,Client_Responsible_County,Responsible county value supplied from collaboration custom mapping.
_MDD_JCT_X_CREDIBLE_CCBHC_UMD_DATA,Employee_Type,Employee type value supplied from collaboration custom mapping.
_MDD_JCT_X_CREDIBLE_ELEOS_COMPLIANCE_SERVICES,Service ID,"The unique ID of the service within Credible. Eleos mapping: id (Document identifier (Primary Key, defined by the client))"
_MDD_JCT_X_CREDIBLE_ELEOS_COMPLIANCE_SERVICES,Document Type,"Agency-specific Document Type, as required by Eleos Compliance Data Specifications v2.0, configured and customized on an agency-level. Eleos mapping: document_type (Main document type defined by Eleos as the following list: (Intake, Session Note, Treatment Plan, Assessment, Discharge Document, Other))"
_MDD_JCT_X_CREDIBLE_ELEOS_COMPLIANCE_SERVICES,Document Subtype,"The name of the Credible service, also called Client Visit Type. Within Credible documents (Called Forms) can be applied to more than one service. Providing Eleos with the Service Name ensures the most nuanced interpretation and intent of the document. Eleos mapping: document_subtype (Document subtype (Specific name of the document template, defined by client))"
_MDD_JCT_X_CREDIBLE_ELEOS_COMPLIANCE_SERVICES,Tx Plan Module,"Identifies which Credible treatment-plan module supplied the plan tied to the service. In this extension context, it is used to normalize plan lineage for Eleos-targeted services across both Credible Plan and TxPlus pathways."
_MDD_JCT_X_CREDIBLE_ELEOS_COMPLIANCE_SERVICES,Tx Plan ID,"The treatment-plan identifier associated with the service, standardized for the Eleos Compliance export context so related treatment-plan artifacts can be joined consistently in this extension."
_MDD_JCT_X_CREDIBLE_ELEOS_COMPLIANCE_SERVICES,Form Version ID,"Credible documentation occurs within Forms, which are attached to Services. The Form Version ID is the version number of a given form. A new form version represents a change to the form, such as a new or updated field. Form Version ID is the unique ID of the version of the specific form used to document a given service."
_MDD_JCT_X_CREDIBLE_ELEOS_COMPLIANCE_SERVICES,Form ID,"Credible documentation occurs within Forms, which are attached to Servicers. The Form ID is the unique ID of the specific form used to document the given service."
_MDD_JCT_X_CREDIBLE_ELEOS_COMPLIANCE_SERVICES,Provider ID,The unique ID of the provider associated with a given service. Eleos mapping: provider_id (Identifier of the provider who created the document)
_MDD_JCT_X_CREDIBLE_ELEOS_COMPLIANCE_SERVICES,Provider Name First & Last,The first and last name of the provider associated with a given service.
_MDD_JCT_X_CREDIBLE_ELEOS_COMPLIANCE_SERVICES,Program ID,The unique ID of the clinical program attached to the service. Eleos mapping: provider_program (Program attached to the service of the document)
_MDD_JCT_X_CREDIBLE_ELEOS_COMPLIANCE_SERVICES,Program Name,The name of the clinical program attached to a given service Eleos mapping: provider_program (Program attached to the service of the document)
_MDD_JCT_X_CREDIBLE_ELEOS_COMPLIANCE_SERVICES,Patient ID,"The unique ID of the Credible patient, typically referred to as Client ID. Eleos mapping: patient_id (Identifier of the patient (PAN). Note: This must be the patient identifier visible in the EHR.)"
_MDD_JCT_X_CREDIBLE_ELEOS_COMPLIANCE_SERVICES,Patient Name First & Last,The first and last name of the client associated with a given service
_MDD_JCT_X_CREDIBLE_ELEOS_COMPLIANCE_SERVICES,Service Date,The date and time of the service start. Eleos mapping: service_date (Date/Timestamp representing the service date in UTC time (If document represents a delivered service))
_MDD_JCT_X_CREDIBLE_ELEOS_COMPLIANCE_SERVICES,Service Start Time,The date and time of the service start. Eleos mapping: service_start_time (Timestamp representing the service start timestamp in UTC time (If document represents a delivered service))
_MDD_JCT_X_CREDIBLE_ELEOS_COMPLIANCE_SERVICES,Service End Time,The date and time of the service end. Eleos mapping: service_end_time (Timestamp representing the service end timestamp in UTC time (If document represents a delivered service))
_MDD_JCT_X_CREDIBLE_ELEOS_COMPLIANCE_SERVICES,Service Approved,Indicates whether a service has been approved within Credible by an individual authorized to do so.
_MDD_JCT_X_CREDIBLE_ELEOS_COMPLIANCE_SERVICES,Service Approved Date,The date and time a service was approved.
_MDD_JCT_X_CREDIBLE_ELEOS_COMPLIANCE_SERVICES,POS ID CMS,The CMS-based place of service code associated with a given service. This is known within Credibler as Location and is set on the Sign & Submit screen. Eleos mapping: place_of_service_code (The 2 digit “Place of Service” code defined by CMS. (If document represents a delivered service))
_MDD_JCT_X_CREDIBLE_ELEOS_COMPLIANCE_SERVICES,POS Is Telehealth,"In Credible, telehealth services are set by configuring a 'Location', intended to be a drop-down for clinicians to select a CMS-based place of service code on the Sign & Submit Screen, as Telehealth = True. While there are a number of ways an agency may choose to record this information, this indicates whether this built-in field has been set."
_MDD_JCT_X_CREDIBLE_ELEOS_COMPLIANCE_SERVICES,POS Name,"The human-readable name given to a CMS-based place-of-service code by an agency's Credible administrator. While POS ID CMS is the two-digit CMS code, this field is the value the clinician selected from the Sign & Submit screen that resulted in that CMS code. Eleos mapping: place_of_service (The 2 digit â€œPlace of Serviceâ€ code defined by CMS. (If document represents a delivered service))"
_MDD_JCT_X_CREDIBLE_ELEOS_COMPLIANCE_SERVICES,Recipient Code,"The code associated with the recipient, as configured by the agency's Credible administrator, attached to a given service."
_MDD_JCT_X_CREDIBLE_ELEOS_COMPLIANCE_SERVICES,Recipient ID,"The unique ID associated with the recipient, attached to a given service."
_MDD_JCT_X_CREDIBLE_ELEOS_COMPLIANCE_SERVICES,Recipient Name,"The name associated with a recipient, attached to a given service"
_MDD_JCT_X_CREDIBLE_ELEOS_COMPLIANCE_SERVICES,Service Created Date,The date and time the service was entered into the system. Eleos mapping: created_date
_MDD_JCT_X_CREDIBLE_ELEOS_COMPLIANCE_SERVICES,Service Updated Date,The date and time of the most recent update made to the service. Eleos mapping: updated_date (Date/Timestamp representing the last time the document was updated in UTC time)
_MDD_JCT_X_CREDIBLE_ELEOS_COMPLIANCE_SERVICES,Service Link,A direct link to the service for an individual authenticated to Credible and authorized to view the content.
_MDD_JCT_X_CREDIBLE_ELEOS_COMPLIANCE_SERVICES,User Link Provider Profile,A direct link to the profile of a given service for an individual authenticed to Credible and authorized to view the content.
_MDD_JCT_X_CREDIBLE_ELEOS_COMPLIANCE_SERVICES,Client Link Profile,A direct link to the client associated with a given service for an individual authenticated to Credible and authorized to view the content.
_MDD_JCT_X_CREDIBLE_ELEOS_COMPLIANCE_SERVICES,Service Program ID,"Program identifier captured at the service level. In this extension, it preserves service-time program attribution for Eleos-targeted records, especially where parent and service programs differ."
_MDD_JCT_X_CREDIBLE_ELEOS_COMPLIANCE_SERVICES,Service Program Name,"Program name captured at the service level. In this extension, it gives the service-time program label used to interpret what service context was sent to Eleos."
_MDD_JCT_X_CREDIBLE_ELEOS_COMPLIANCE_SERVICES,Custom Filter 1,"Configurable Eleos service filter value 1. In this extension, these fields carry agency-specific selection metadata from the extension's services customization layer to support Eleos targeting and dashboard interpretation."
_MDD_JCT_X_CREDIBLE_ELEOS_COMPLIANCE_SERVICES,Custom Filter 1 Name,"Display label for custom filter 1. In this extension, it provides the human-readable meaning of the agency-configured filter value used in Eleos service targeting."
_MDD_JCT_X_CREDIBLE_ELEOS_COMPLIANCE_SERVICES,Custom Filter 2,"Configurable Eleos service filter value 2. In this extension, these fields carry agency-specific selection metadata from the extension's services customization layer to support Eleos targeting and dashboard interpretation."
_MDD_JCT_X_CREDIBLE_ELEOS_COMPLIANCE_SERVICES,Custom Filter 2 Name,"Display label for custom filter 2. In this extension, it provides the human-readable meaning of the agency-configured filter value used in Eleos service targeting."
_MDD_JCT_X_CREDIBLE_ELEOS_COMPLIANCE_SERVICES,Custom Filter 3,"Configurable Eleos service filter value 3. In this extension, these fields carry agency-specific selection metadata from the extension's services customization layer to support Eleos targeting and dashboard interpretation."
_MDD_JCT_X_CREDIBLE_ELEOS_COMPLIANCE_SERVICES,Custom Filter 3 Name,"Display label for custom filter 3. In this extension, it provides the human-readable meaning of the agency-configured filter value used in Eleos service targeting."
_MDD_JCT_X_CREDIBLE_ELEOS_COMPLIANCE_SERVICES,Custom Filter 4,"Configurable Eleos service filter value 4. In this extension, these fields carry agency-specific selection metadata from the extension's services customization layer to support Eleos targeting and dashboard interpretation."
_MDD_JCT_X_CREDIBLE_ELEOS_COMPLIANCE_SERVICES,Custom Filter 4 Name,"Display label for custom filter 4. In this extension, it provides the human-readable meaning of the agency-configured filter value used in Eleos service targeting."
_MDD_JCT_X_CREDIBLE_ELEOS_COMPLIANCE_SERVICES,Custom Filter 5,"Configurable Eleos service filter value 5. In this extension, these fields carry agency-specific selection metadata from the extension's services customization layer to support Eleos targeting and dashboard interpretation."
_MDD_JCT_X_CREDIBLE_ELEOS_COMPLIANCE_SERVICES,Custom Filter 5 Name,"Display label for custom filter 5. In this extension, it provides the human-readable meaning of the agency-configured filter value used in Eleos service targeting."
_MDD_JCT_X_CREDIBLE_ELEOS_COMPLIANCE_PROGRAMS,Program ID,The unique ID associated with the program. Eleos mapping: provider_program (Program attached to the service of the document)
_MDD_JCT_X_CREDIBLE_ELEOS_COMPLIANCE_PROGRAMS,Program Name,The name of the clinical program attached to a given service Eleos mapping: provider_program (Program attached to the service of the document)
_MDD_JCT_X_CREDIBLE_ELEOS_COMPLIANCE_PROGRAMS,Program Group,"In Credible, agencies can optionally fold one or more similar programs into 'Program Groups.' This represents the name of the program group of the program attached to a given service. Eleos mapping: provider_program (Program attached to the service of the document)"
_MDD_JCT_X_CREDIBLE_ELEOS_COMPLIANCE_PROGRAMS,Program Is Residential,Indicates whether the agency's Credible administrator has marked this program as residential.
_MDD_JCT_X_CREDIBLE_ELEOS_COMPLIANCE_PATIENTS,Patient ID,"The unique ID of the Credible patient, typically referred to as Client ID. Eleos mapping: patient_id (Identifier of the patient (PAN). Note: This must be the patient identifier visible in the EHR.)"
_MDD_JCT_X_CREDIBLE_ELEOS_COMPLIANCE_PATIENTS,Patient Date of Birth,The date of birth of a given client.
_MDD_JCT_X_CREDIBLE_ELEOS_COMPLIANCE_PATIENTS,Patient Created Date,The date and time the client was created in Credible.
_MDD_JCT_X_CREDIBLE_ELEOS_COMPLIANCE_PATIENTS,Patient Updated Date,The date and time the client was last updated in Credible.
_MDD_JCT_X_CREDIBLE_ELEOS_COMPLIANCE_PROCEDURE_CODES,Service ID,"The unique ID of the service within Credible. Eleos mapping: id (Document identifier (Primary Key, defined by the client))"
_MDD_JCT_X_CREDIBLE_ELEOS_COMPLIANCE_PROCEDURE_CODES,Procedure Code Type,Code system for the reported procedure code (CPT or HCPCS).
_MDD_JCT_X_CREDIBLE_ELEOS_COMPLIANCE_PROCEDURE_CODES,Procedure Code,Procedure code value selected from CPT or HCPCS depending on which value is present.
_MDD_JCT_X_CREDIBLE_ELEOS_COMPLIANCE_PROCEDURE_CODES,Procedure Code Modifier 1,First CPT procedure modifier associated with the service.
_MDD_JCT_X_CREDIBLE_ELEOS_COMPLIANCE_PROCEDURE_CODES,Procedure Code Modifier 2,Second CPT procedure modifier associated with the service.
_MDD_JCT_X_CREDIBLE_ELEOS_COMPLIANCE_PROCEDURE_CODES,Procedure Code Modifier 3,Third CPT procedure modifier associated with the service.
_MDD_JCT_X_CREDIBLE_ELEOS_COMPLIANCE_PROCEDURE_CODES,Procedure Code Modifier 4,Fourth CPT procedure modifier associated with the service.
_MDD_JCT_X_CREDIBLE_ELEOS_COMPLIANCE_TX_PLANS,Service ID,"The unique ID of the service within Credible. Eleos mapping: id (Document identifier (Primary Key, defined by the client))"
_MDD_JCT_X_CREDIBLE_ELEOS_COMPLIANCE_TX_PLANS,Tx Plan ID,The unique id of the Treatment Plan Eleos mapping: treatment_plan_id (Identifier of the related active treatment plan for the document Required only for document_type=Progress Notes))
_MDD_JCT_X_CREDIBLE_ELEOS_COMPLIANCE_TX_PLANS,Tx Plan Start,The start date of the treatment plan. Eleos mapping: service_start_date
_MDD_JCT_X_CREDIBLE_ELEOS_COMPLIANCE_TX_PLANS,Tx Plan Target Date,The target date of the treatment plan. Eleos mapping: The target date of the treatment plan.
_MDD_JCT_X_CREDIBLE_ELEOS_COMPLIANCE_TX_PLANS,Tx Plan End,The end date of the treatment plan. Eleos mapping: service_end_date
_MDD_JCT_X_CREDIBLE_ELEOS_COMPLIANCE_TX_PLANS,Tx Plan Created By Name,The first and last name of the individual who created the treatment plan.
_MDD_JCT_X_CREDIBLE_ELEOS_COMPLIANCE_TX_PLANS,Tx Plan Created Date,The date and time the treatment plan was created. Eleos mapping: created_date
_MDD_JCT_X_CREDIBLE_ELEOS_COMPLIANCE_TX_PLANS,Tx Plan Updated Date,The date and time the treatment plan was updated. Eleos mapping: updated_date (Date/Timestamp representing the last time the document was updated in UTC time)
_MDD_JCT_X_CREDIBLE_ELEOS_COMPLIANCE_TX_PLANS,Tx Plan Last Updated by Name,The first and last name of the individual who last updated the treatment plan.
_MDD_JCT_X_CREDIBLE_ELEOS_COMPLIANCE_TX_PLANS,Tx Plan Created In Service ID,The service ID in which the treatment plan was created.
_MDD_JCT_X_CREDIBLE_ELEOS_COMPLIANCE_TX_PLANS,Tx Plan Type Name,"The type of the treatment plan. This is an agency-provided name, set by the agency's Credible Administrator."
_MDD_JCT_X_CREDIBLE_ELEOS_COMPLIANCE_TX_PLANS,Program ID,The unique ID of the clinical program attached to the service. Eleos mapping: provider_program (Program attached to the service of the document)
_MDD_JCT_X_CREDIBLE_ELEOS_COMPLIANCE_TX_PLANS,Program Name,The name of the clinical program attached to a given service Eleos mapping: provider_program (Program attached to the service of the document)
_MDD_JCT_X_CREDIBLE_ELEOS_COMPLIANCE_TX_PLAN_CONTENT,Tx Content ID,The unique id of this content.
_MDD_JCT_X_CREDIBLE_ELEOS_COMPLIANCE_TX_PLAN_CONTENT,Tx Plan ID,The unique id of the Treatment Plan Eleos mapping: treatment_plan_id (Identifier of the related active treatment plan for the document Required only for document_type=Progress Notes))
_MDD_JCT_X_CREDIBLE_ELEOS_COMPLIANCE_TX_PLAN_CONTENT,Tx Content Parent ID,Plan Tree Elements within a Credible Treatment Plan are based in a four-layer hierarchy. This indicates the Tx Content ID under which the existing Content would reside in the Tx Plan.
_MDD_JCT_X_CREDIBLE_ELEOS_COMPLIANCE_TX_PLAN_CONTENT,Tx Content Label,"The name or label associated with the Treatment Plan. For agencies utilizing the Credible Plan module, this is cutomized by the Credible Administrator. For TxPlus, this is hardcoded."
_MDD_JCT_X_CREDIBLE_ELEOS_COMPLIANCE_TX_PLAN_CONTENT,Tx Content Order,Where within the same hierarchy this content fits
_MDD_JCT_X_CREDIBLE_ELEOS_COMPLIANCE_TX_PLAN_CONTENT,Tx Content Start Date,The start date and time of this content.
_MDD_JCT_X_CREDIBLE_ELEOS_COMPLIANCE_TX_PLAN_CONTENT,Tx Content Target Date,The target date and time of this content.
_MDD_JCT_X_CREDIBLE_ELEOS_COMPLIANCE_TX_PLAN_CONTENT,Tx Content End Date,The end date and time of this content.
_MDD_JCT_X_CREDIBLE_ELEOS_COMPLIANCE_TX_PLAN_CONTENT,Tx Content Status,Whether the content is listed as active or inactive within the plan.
_MDD_JCT_X_CREDIBLE_ELEOS_COMPLIANCE_TX_PLAN_CONTENT,Tx Title,The title of this Tx Plan Content.
_MDD_JCT_X_CREDIBLE_ELEOS_COMPLIANCE_TX_PLAN_CONTENT,Tx Content,The description of this Tx Plan content.
_MDD_JCT_X_CREDIBLE_ELEOS_COMPLIANCE_TX_PLAN_CUSTOM_FIELDS,Tx Content ID,The unique id of this content.
_MDD_JCT_X_CREDIBLE_ELEOS_COMPLIANCE_TX_PLAN_CUSTOM_FIELDS,Tx Title,"The treatment-plan content title associated with the custom-field answer. In this extension context, it helps interpret custom responses within the Eleos-targeted treatment-plan narrative."
_MDD_JCT_X_CREDIBLE_ELEOS_COMPLIANCE_TX_PLAN_CUSTOM_FIELDS,Answer ID,The unique ID associated with the answer.
_MDD_JCT_X_CREDIBLE_ELEOS_COMPLIANCE_TX_PLAN_CUSTOM_FIELDS,Question Text,The text of the question or label associated with the custom field.
_MDD_JCT_X_CREDIBLE_ELEOS_COMPLIANCE_TX_PLAN_CUSTOM_FIELDS,Question ID,The unique ID associated with the question or form field within a form.
_MDD_JCT_X_CREDIBLE_ELEOS_COMPLIANCE_TX_PLAN_CUSTOM_FIELDS,Question Format,The type of field on a form.
_MDD_JCT_X_CREDIBLE_ELEOS_COMPLIANCE_TX_PLAN_CUSTOM_FIELDS,Answer,The answer provided to a custom field / question within the Treatment Plan.
_MDD_JCT_X_CREDIBLE_ELEOS_COMPLIANCE_DX,Service ID,"The unique ID of the service within Credible. Eleos mapping: id (Document identifier (Primary Key, defined by the client))"
_MDD_JCT_X_CREDIBLE_ELEOS_COMPLIANCE_DX,Patient ID,"The unique ID of the Credible patient, typically referred to as Client ID."
_MDD_JCT_X_CREDIBLE_ELEOS_COMPLIANCE_DX,Dx Code,The ICD10 code assigned to the service. Eleos mapping: diagnosis_code (The ICD-10 code of the diagnosis associated with the billed service)
_MDD_JCT_X_CREDIBLE_ELEOS_COMPLIANCE_DX,Service Dx Order,
_MDD_JCT_X_CREDIBLE_ELEOS_COMPLIANCE_DX,Service Dx Sequence ASC,"The order in which a diagnosis appears on a service, ascending. Applicable for Agencies with payers that can accept more than one diagnosis per claim."
_MDD_JCT_X_CREDIBLE_ELEOS_COMPLIANCE_DX,Service Dx Sequence DESC,"The order in which a diagnosis appears on a service, descending. Applicable for Agencies with payers that can accept more than one diagnosis per claim."
_MDD_JCT_X_CREDIBLE_ELEOS_COMPLIANCE_DX,Dx Code System,
_MDD_JCT_X_CREDIBLE_ELEOS_COMPLIANCE_DX,Dx Code System Name,The diagnosis code system name attached to service diagnosis records in the Eleos extension; this value is standardized to ICD-10 for Eleos delivery context.
_MDD_JCT_X_CREDIBLE_ELEOS_COMPLIANCE_DX_EPISODES,Patient ID,"The unique ID of the Credible patient, typically referred to as Client ID."
_MDD_JCT_X_CREDIBLE_ELEOS_COMPLIANCE_DX_EPISODES,Dx Episode Start Date,"Mission Driven Data's best understanding of when a Diagnosis was applied to a client record, given a large number of criteria associated with a diagnosis."
_MDD_JCT_X_CREDIBLE_ELEOS_COMPLIANCE_DX_EPISODES,Dx Episode End Date,"Mission Driven Data's best understanding of when a Diagnosis was end-dated on a client record, given a large number of criteria associated with a diagnosis."
_MDD_JCT_X_CREDIBLE_ELEOS_COMPLIANCE_DX_EPISODES,Dx ICD10 Code,The ICD10 code associated with a diagnosis.
_MDD_JCT_X_CREDIBLE_ELEOS_COMPLIANCE_DX_EPISODES,Dx DSM,The DSV IV code associated with a diagnosis.
_MDD_JCT_X_CREDIBLE_ELEOS_COMPLIANCE_DX_EPISODES,Dx DSM Code,The DSV IV code associated with a diagnosis.
_MDD_JCT_X_CREDIBLE_ELEOS_COMPLIANCE_DX_EPISODES,Dx Order,The order in which a diagnosis appear(ed) in a client's problem list.
_MDD_JCT_X_CREDIBLE_ELEOS_COMPLIANCE_DX_EPISODES,Dx Is Provisional,Indicates whether the diagnosis has been marked as provisional.
_MDD_JCT_X_CREDIBLE_ELEOS_COMPLIANCE_DX_EPISODES,Dx Is Rule-Out,Indicates whether the diagnosis has been marked as rule-out.
_MDD_JCT_X_CREDIBLE_ELEOS_COMPLIANCE_DX_EPISODES,Dx Onset Date,"Indicates the onset date of the diagnosis, if provided."
_MDD_JCT_X_CREDIBLE_ELEOS_COMPLIANCE_DX_EPISODES,Dx Date,"Indicates the date of diagnosis, if provided."
_MDD_JCT_X_CREDIBLE_ELEOS_COMPLIANCE_DX_EPISODES,Dx Resolved Date,"Indicates the date a diagnosis is resolved, if provided."
_MDD_JCT_X_CREDIBLE_ELEOS_COMPLIANCE_FORMS,Form Version ID,"Credible documentation occurs within Forms, which are attached to Services. The Form Version ID is the version number of a given form. A new form version represents a change to the form, such as a new or updated field. Form Version ID is the unique ID of the version of the specific form used to document a given service."
_MDD_JCT_X_CREDIBLE_ELEOS_COMPLIANCE_FORMS,Form ID,"Credible documentation occurs within Forms, which are attached to Servicers. The Form ID is the unique ID of the specific form used to document the given service."
_MDD_JCT_X_CREDIBLE_ELEOS_COMPLIANCE_FORMS,Form Name,"The name of the form attached to a given service, used to collect detailed information about the service."
_MDD_JCT_X_CREDIBLE_ELEOS_COMPLIANCE_FORMS,Form Version Number,"The version number within the specific form. While Form Version ID increments by one for any form's new version, Form Version Number iterates by one only within a specific form."
_MDD_JCT_X_CREDIBLE_ELEOS_COMPLIANCE_FORMS,Form Version Build Date,The date and time a form version was built and activiated for use by an agency's Credible Administrator.
_MDD_JCT_X_CREDIBLE_ELEOS_COMPLIANCE_FORMS,Form Version Is Current,"Indicates whether the form version used by the provider for the client is the most updated version of the form. It is common for scheduled services to utilize an older version of a form, as services scheduled in the future are configured to use the Form Version ID of the form associated with the planned service that is current at the time of the scheduling."
_MDD_JCT_X_CREDIBLE_ELEOS_COMPLIANCE_FORMS,Form Version Completed Service Count,The number of completed services for the entire agency that leveraged this the form version associated with a given service.
_MDD_JCT_X_CREDIBLE_ELEOS_COMPLIANCE_FORM_PAGES,Service ID,"The unique ID of the service within Credible. Eleos mapping: id (Document identifier (Primary Key, defined by the client))"
_MDD_JCT_X_CREDIBLE_ELEOS_COMPLIANCE_FORM_PAGES,Form ID,"Credible documentation occurs within Forms, which are attached to Servicers. The Form ID is the unique ID of the specific form used to document the given service."
_MDD_JCT_X_CREDIBLE_ELEOS_COMPLIANCE_FORM_PAGES,Form Version ID,"Credible documentation occurs within Forms, which are attached to Services. The Form Version ID is the version number of a given form. A new form version represents a change to the form, such as a new or updated field. Form Version ID is the unique ID of the version of the specific form used to document a given service."
_MDD_JCT_X_CREDIBLE_ELEOS_COMPLIANCE_FORM_PAGES,Page ID,"Credential documentation occurs within FOrms, which have multiple 'categories', referred to as pages in Mission Driven Data's formal data model This is the unique Page ID associated with a given question and answer."
_MDD_JCT_X_CREDIBLE_ELEOS_COMPLIANCE_FORM_PAGES,Page Name,"Credential documentation occurs within FOrms, which have multiple 'categories', referred to as pages in Mission Driven Data's formal data model This is the unique Page Name associated with a given question and answer."
_MDD_JCT_X_CREDIBLE_ELEOS_COMPLIANCE_FORM_PAGES,Question,The label associated with a form field within a form.
_MDD_JCT_X_CREDIBLE_ELEOS_COMPLIANCE_FORM_PAGES,Question ID,The unique ID associated with the question or form field within a form.
_MDD_JCT_X_CREDIBLE_ELEOS_COMPLIANCE_FORM_PAGES,Question Format,The type of field on a form.
_MDD_JCT_X_CREDIBLE_ELEOS_COMPLIANCE_FORM_PAGES,Answer,The answer provided to a question on a form.
_MDD_JCT_X_CREDIBLE_ELEOS_COMPLIANCE_FORM_PAGES,Question Order,The order in which a question appeared on a form.
_MDD_JCT_X_CREDIBLE_ELEOS_COMPLIANCE_FORM_PAGES,Answer Note,"Supplemental note text attached to a form answer. In this extension, it carries additional clinical/document context associated with Eleos-targeted service documentation."
_MDD_JCT_X_CREDIBLE_ELEOS_COMPLIANCE_SIGNATURES_CURRENT,Signature ID,The unique ID of a given signature.
_MDD_JCT_X_CREDIBLE_ELEOS_COMPLIANCE_SIGNATURES_CURRENT,Service ID,"The unique ID of the service within Credible. Eleos mapping: id (Document identifier (Primary Key, defined by the client))"
_MDD_JCT_X_CREDIBLE_ELEOS_COMPLIANCE_SIGNATURES_CURRENT,Provider ID,The unique ID of the provider associated with a given service.
_MDD_JCT_X_CREDIBLE_ELEOS_COMPLIANCE_SIGNATURES_CURRENT,Signature From Saved Signature,"For providers, indicates whether the signature was injected via a saved signature, which guarantees the provider's title and credentials are also properly injected. Providers not using a saved signature not only must manually sign their name, but they also must manually enter their job title and credentials."
_MDD_JCT_X_CREDIBLE_ELEOS_COMPLIANCE_SIGNATURES_CURRENT,Signature Time service End to Signature (Hours),The hours between the time the service ended and the time a given signature was applied.
_MDD_JCT_X_CREDIBLE_ELEOS_COMPLIANCE_SIGNATURES_CURRENT,Signature Time Approval To Signature (Hours),The hours between the time a service was approved to the time a given signature was applied.
_MDD_JCT_X_CREDIBLE_ELEOS_COMPLIANCE_SIGNATURES_CURRENT,Signature Signatory Name,The name provided at the time of signature.
_MDD_JCT_X_CREDIBLE_ELEOS_COMPLIANCE_SIGNATURES_CURRENT,Signature Sequence ASC,"The order in which this signature occurred relative to the other signatures on the document, in ascending order."
_MDD_JCT_X_CREDIBLE_ELEOS_COMPLIANCE_SIGNATURES_CURRENT,Signature Sequence DESC,"The order in which this signature occurred relative to the other signatures on the document, in descending order."
_MDD_JCT_X_CREDIBLE_ELEOS_COMPLIANCE_SIGNATURES_CURRENT,Signature Time Last Signature To Signature (Hours),The hours from the time the previous signature was added to the document to the time this signature was added to the document.
_MDD_JCT_X_CREDIBLE_ELEOS_COMPLIANCE_SIGNATURES_CURRENT,Signature Signatory,The individual signing.
_MDD_JCT_X_CREDIBLE_ELEOS_COMPLIANCE_SIGNATURES_CURRENT,Signature Date,The date and time of a signature.
_MDD_JCT_X_CREDIBLE_ELEOS_COMPLIANCE_SIGNATURES_CURRENT,Signature Box ID,"The box associated with the signature. In Credible, services can have up to six signature, each in their own box."
_MDD_JCT_X_CREDIBLE_ELEOS_COMPLIANCE_SIGNATURES_CURRENT,Provider Job Title At Signature,The job title provided at the time of signature.
_MDD_JCT_X_CREDIBLE_ELEOS_COMPLIANCE_SIGNATURES_CURRENT,Provider Credentials At Signature,Provider credentials provided at the time of signature Eleos mapping: provider_signature_credentials (Credentials from the provider)
_MDD_JCT_X_CREDIBLE_ELEOS_COMPLIANCE_SIGNATURES_PREVIOUS,Signature ID,The unique ID of a given signature.
_MDD_JCT_X_CREDIBLE_ELEOS_COMPLIANCE_SIGNATURES_PREVIOUS,Service ID,"The unique ID of the service within Credible. Eleos mapping: id (Document identifier (Primary Key, defined by the client))"
_MDD_JCT_X_CREDIBLE_ELEOS_COMPLIANCE_SIGNATURES_PREVIOUS,Provider ID,"IF the signature was associated with a provider, the unique ID of the provider. Eleos mapping: authorizing_signed_provider_id (Provider ID of the authorizing provider)"
_MDD_JCT_X_CREDIBLE_ELEOS_COMPLIANCE_SIGNATURES_PREVIOUS,Signature From Saved Signature,"For providers, indicates whether the signature was injected via a saved signature, which guarantees the provider's title and credentials are also properly injected. Providers not using a saved signature not only must manually sign their name, but they also must manually enter their job title and credentials."
_MDD_JCT_X_CREDIBLE_ELEOS_COMPLIANCE_SIGNATURES_PREVIOUS,Signature Time service End to Signature (Hours),The hours between the time the service ended and the time a given signature was applied.
_MDD_JCT_X_CREDIBLE_ELEOS_COMPLIANCE_SIGNATURES_PREVIOUS,Signature Time Approval To Signature (Hours),The hours between the time a service was approved to the time a given signature was applied.
_MDD_JCT_X_CREDIBLE_ELEOS_COMPLIANCE_SIGNATURES_PREVIOUS,Signature Signatory Name,The name provided at the time of signature.
_MDD_JCT_X_CREDIBLE_ELEOS_COMPLIANCE_SIGNATURES_PREVIOUS,Signature Signatory,The individual signing.
_MDD_JCT_X_CREDIBLE_ELEOS_COMPLIANCE_SIGNATURES_PREVIOUS,Signature Date,The date and time of a signature.
_MDD_JCT_X_CREDIBLE_ELEOS_COMPLIANCE_SIGNATURES_PREVIOUS,Signature Box ID,"The box associated with the signature. In Credible, services can have up to six signature, each in their own box."
_MDD_JCT_X_CREDIBLE_ELEOS_COMPLIANCE_SIGNATURES_PREVIOUS,Provider Job Title At Signature,The job title provided at the time of signature.
_MDD_JCT_X_CREDIBLE_ELEOS_COMPLIANCE_SIGNATURES_PREVIOUS,Provider Credentials At Signature,Provider credentials provided at the time of signature Eleos mapping: provider_signature_credentials (Credentials from the provider)
_MDD_JCT_X_CREDIBLE_ELEOS_COMPLIANCE_PROVIDERS,Provider ID,The unique ID of the provider associated with a given service. Eleos mapping: provider_id (Identifier of the provider who created the document)
_MDD_JCT_X_CREDIBLE_ELEOS_COMPLIANCE_PROVIDERS,Provider Name First,The provider's first name. Eleos mapping: provider_first_name (Provider’s first name)
_MDD_JCT_X_CREDIBLE_ELEOS_COMPLIANCE_PROVIDERS,Provider Name Last,The provider's last name. Eleos mapping: provider_last_name (Provider’s last name)
_MDD_JCT_X_CREDIBLE_ELEOS_COMPLIANCE_PROVIDERS,Provider Account Enabled,"Indicates whether the provider's Credible account is enabled, a requirement to access the system and complete documentation."
_MDD_JCT_X_CREDIBLE_ELEOS_COMPLIANCE_PROVIDERS,Provider Termination Date,The most recent termination date associated with the provider.
_MDD_JCT_X_CREDIBLE_ELEOS_COMPLIANCE_PROVIDERS,Provider Hire Date,The date the provider was most recently hired.
_MDD_JCT_X_CREDIBLE_ELEOS_COMPLIANCE_PROVIDERS,Provider Last Login,The date and time of the last login by the provider.
_MDD_JCT_X_CREDIBLE_ELEOS_COMPLIANCE_PROVIDERS,Provider Employment Status,The current employment status of the provider.
_MDD_JCT_X_CREDIBLE_ELEOS_COMPLIANCE_PROVIDERS,Provider Employment Type,"The human-readable employemnt type (Part-Time, Full Time) associated with the provider."
_MDD_JCT_X_CREDIBLE_ELEOS_COMPLIANCE_PROVIDERS,Provider Email Primary,The primary email address associated with the provider.
_MDD_JCT_X_CREDIBLE_ELEOS_COMPLIANCE_PROVIDERS,Provider ID Provider Number,"A professional id associated with the provider. This is a built-in field within Credible, referred to as provider_number within Credible's data dictionary, and is not necessarily used."
_MDD_JCT_X_CREDIBLE_ELEOS_COMPLIANCE_PROVIDERS,Provider Created Date,The date and time the provider's record was created.
_MDD_JCT_X_CREDIBLE_ELEOS_COMPLIANCE_PROVIDERS,Provider Updated Date,The date and time the provider's record was last updated.
_MDD_JCT_X_CREDIBLE_ELEOS_COMPLIANCE_PROVIDERS,Provider Job Title,The job title of a provider.
_MDD_JCT_X_CREDIBLE_ELEOS_COMPLIANCE_PROVIDER_SUPERVISORS,Provider ID,The unique ID of the provider associated with a given service. Eleos mapping: provider_id (Identifier of the provider who created the document)
_MDD_JCT_X_CREDIBLE_ELEOS_COMPLIANCE_PROVIDER_SUPERVISORS,Supervisor Provider ID,The unique ID of a provider's supervisor.
_MDD_JCT_X_CREDIBLE_ELEOS_COMPLIANCE_PROVIDER_SUPERVISORS,Supervisor Name,The first and last name of a provider's supervisor.
_MDD_JCT_X_CREDIBLE_ELEOS_COMPLIANCE_PROVIDER_SUPERVISORS,Supervisor Job Title,The job title of a provider's supervisor.
_MDD_JCT_X_CREDIBLE_ELEOS_COMPLIANCE_PROVIDER_SUPERVISORS,Supervisor Email Primary,The primary email address of a provider's supervisor.
_MDD_JCT_X_CREDIBLE_ELEOS_COMPLIANCE_CREDENTIALS,Provider ID,The unique ID of the provider associated with a given service. Eleos mapping: provider_id (Identifier of the provider who created the document)
_MDD_JCT_X_CREDIBLE_ELEOS_COMPLIANCE_CREDENTIALS,Credential License-Professional Number,"The provided professional ID number for the provider, associated with this credential."
_MDD_JCT_X_CREDIBLE_ELEOS_COMPLIANCE_CREDENTIALS,Credential Start Date,The start date and time associated with the credential for a given provider.
_MDD_JCT_X_CREDIBLE_ELEOS_COMPLIANCE_CREDENTIALS,Credential End Date,The end date and time associated with the credential for a given provider.
_MDD_JCT_X_CREDIBLE_ELEOS_COMPLIANCE_CREDENTIALS,Credential Hours Required,The number of hours required to meet a given credential for a given provider.
_MDD_JCT_X_CREDIBLE_ELEOS_COMPLIANCE_CREDENTIALS,Credential,"The credential for a given provider, which would appear in the provider's signature."
_MDD_JCT_X_CREDIBLE_ELEOS_COMPLIANCE_CREDENTIALS,Credential Name,"The human-readable name of the credential, as provided by the agency's Credible Administrator."
_MDD_JCT_X_CREDIBLE_ELEOS_COMPLIANCE_CREDENTIALS,Credential Group ID,"In Credible, credentials can be grouped into hierarchies to allow bundles of credentials to be configured for billing and compliance all together. This is the unique id of the credential group, if applicable."
_MDD_JCT_X_CREDIBLE_ELEOS_COMPLIANCE_CREDENTIALS,Credential Group Name,The name of the Credential Group associated with a given credential.
_MDD_JCT_X_CREDIBLE_ELEOS_COMPLIANCE_CREDENTIALS,Credential Is Expired,Indicates whether the given credential has expired.
_MDD_JCT_X_CREDIBLE_ELEOS_COMPLIANCE_PNP_SETTINGS,pnp_services_overview_draft_note,Toggle value that controls whether the Plug and Play services overview dashboard displays draft-mode messaging in this Eleos Compliance extension.
_MDD_JCT_X_CREDIBLE_ELEOS_COMPLIANCE_PNP_SETTINGS,pnp_services_overview_draft_note_value,"Resolved message text shown in the Plug and Play dashboard based on the draft-note toggle, in the context of Eleos Compliance service review vs production view."
_MDD_JCT_X_CREDIBLE_FINANCIALS_AGING_BUCKETS,Day,Financial extension attribute captured in [Day].
_MDD_JCT_X_CREDIBLE_FINANCIALS_AGING_BUCKETS,Age Group,A set of predefined age ranges used to group individuals into reporting categories.
_MDD_JCT_X_CREDIBLE_FINANCIALS_AGING_BUCKETS,Age Group Sort Order,The order by which age groups are sorted in visualizations.
_MDD_JCT_X_CREDIBLE_FINANCIALS_FISCAL_DATES,Date ID Fuzzy A0,Sequential row number over date order.
_MDD_JCT_X_CREDIBLE_FINANCIALS_FISCAL_DATES,Date ID,Unique ID of the Date.
_MDD_JCT_X_CREDIBLE_FINANCIALS_FISCAL_DATES,Fiscal Year (YYYY),The fiscal year of a single date within a time span.
_MDD_JCT_X_CREDIBLE_FINANCIALS_FISCAL_DATES,Fiscal Year (FY YYYY),Financial extension attribute captured in [Fiscal Year (FY YYYY)].
_MDD_JCT_X_CREDIBLE_FINANCIALS_FISCAL_DATES,Fiscal Month,Fiscal month number mapped from calendar month/day.
_MDD_JCT_X_CREDIBLE_FINANCIALS_FISCAL_DATES,Fiscal Quarter,Fiscal quarter number mapped from fiscal month.
_MDD_JCT_X_CREDIBLE_FINANCIALS_FISCAL_DATES,Fiscal Quarter Start,Financial extension attribute captured in [Fiscal Quarter Start].
_MDD_JCT_X_CREDIBLE_FINANCIALS_FISCAL_DATES,Fiscal Quarter End,Financial extension attribute captured in [Fiscal Quarter End].
_MDD_JCT_X_CREDIBLE_FINANCIALS_FISCAL_DATES,Fiscal Quarter QX,Financial extension attribute captured in [Fiscal Quarter QX].
_MDD_JCT_X_CREDIBLE_FINANCIALS_FISCAL_DATES,Fiscal Quarter Range mmmm dd yyyy,Financial extension attribute captured in [Fiscal Quarter Range mmmm dd yyyy].
_MDD_JCT_X_CREDIBLE_FINANCIALS_FISCAL_DATES,Fiscal Quarter Range MM/dd/yyyy,Financial extension attribute captured in [Fiscal Quarter Range MM/dd/yyyy].
_MDD_JCT_X_CREDIBLE_FINANCIALS_FISCAL_DATES,Fiscal Quarter Range QX (MM/dd/yyyy),Financial extension attribute captured in [Fiscal Quarter Range QX (MM/dd/yyyy)].
_MDD_JCT_X_CREDIBLE_FINANCIALS_FISCAL_DATES,Date,When a time span is just one day.
_MDD_JCT_X_CREDIBLE_FINANCIALS_FISCAL_DATES,Fiscal Period Start,"The start of the time span, as a date or datetime value."
_MDD_JCT_X_CREDIBLE_FINANCIALS_FISCAL_DATES,Fiscal Period End,"The end of the time span, as a date or datetime value."
_MDD_JCT_X_CREDIBLE_FINANCIALS_FISCAL_DATES,Date Month Range mmmm dd yyyy,Calendar date captured for [Date Month Range mmmm dd yyyy] in financial processing.
_MDD_JCT_X_CREDIBLE_FINANCIALS_FISCAL_DATES,Date Month Range MM/dd/yyyy,Calendar date captured for [Date Month Range MM/dd/yyyy] in financial processing.
_MDD_JCT_X_CREDIBLE_FINANCIALS_FISCAL_DATES,Date Next Month First Day,Calendar date captured for [Date Next Month First Day] in financial processing.
_MDD_JCT_X_CREDIBLE_FINANCIALS_FISCAL_DATES,Date Previous Month Last Day,Calendar date captured for [Date Previous Month Last Day] in financial processing.
_MDD_JCT_X_CREDIBLE_FINANCIALS_FISCAL_DATES,Date Time Between Date & Today (Days),Financial extension attribute captured in [Date Time Between Date & Today (Days)].
_MDD_JCT_X_CREDIBLE_FINANCIALS_FISCAL_DATES,Date Time Between Date & Today (Months),Financial extension attribute captured in [Date Time Between Date & Today (Months)].
_MDD_JCT_X_CREDIBLE_FINANCIALS_FISCAL_DATES,Fiscal Period Days Left,Financial extension attribute captured in [Fiscal Period Days Left].
_MDD_JCT_X_CREDIBLE_FINANCIALS_FISCAL_DATES,Date End Datetime,Financial extension attribute captured in [Date End Datetime].
_MDD_JCT_X_CREDIBLE_FINANCIALS_PAYER_SORT_TYPE,Payer Type Sort ASC,Sort helper value used to order [Payer Type Sort ASC] in reporting outputs.
_MDD_JCT_X_CREDIBLE_FINANCIALS_PAYER_SORT_TYPE,Payer Type Sort DESC,Sort helper value used to order [Payer Type Sort DESC] in reporting outputs.
_MDD_JCT_X_CREDIBLE_FINANCIALS_PAYER_SORT_TYPE,Payer Type,The payer type in the Credible financials extension context.
_MDD_JCT_X_CREDIBLE_FINANCIALS_PAYER_SORT_NAME,Payer Name Sort ASC,Sort helper value used to order [Payer Name Sort ASC] in reporting outputs.
_MDD_JCT_X_CREDIBLE_FINANCIALS_PAYER_SORT_NAME,Payer Name Sort DESC,Sort helper value used to order [Payer Name Sort DESC] in reporting outputs.
_MDD_JCT_X_CREDIBLE_FINANCIALS_PAYER_SORT_NAME,Payer Name,The full name for a specific insurer or payer. Agencies would typically use this to describe a payer in conversation in the Credible financials extension context.
_MDD_JCT_X_CREDIBLE_FINANCIALS_PAYER_SORT_TYPE_NAME,Payer Type Name Sort ASC,Sort helper value used to order [Payer Type Name Sort ASC] in reporting outputs.
_MDD_JCT_X_CREDIBLE_FINANCIALS_PAYER_SORT_TYPE_NAME,Payer Type Name Sort DESC,Sort helper value used to order [Payer Type Name Sort DESC] in reporting outputs.
_MDD_JCT_X_CREDIBLE_FINANCIALS_PAYER_SORT_TYPE_NAME,Payer Type Name,The type of insurer or payer this is in the Credible financials extension context.
_MDD_JCT_X_CREDIBLE_FINANCIALS_PAYER_SORT_CATEGORY,Payer Type Category Sort ASC,Sort helper value used to order [Payer Type Category Sort ASC] in reporting outputs.
_MDD_JCT_X_CREDIBLE_FINANCIALS_PAYER_SORT_CATEGORY,Payer Type Category Sort DESC,Sort helper value used to order [Payer Type Category Sort DESC] in reporting outputs.
_MDD_JCT_X_CREDIBLE_FINANCIALS_PAYER_SORT_CATEGORY,Payer Type Category,The payer category in the Credible financials extension context.
_MDD_JCT_X_CREDIBLE_FINANCIALS_PAYER,Payer ID,Unique ID of the Payer.
_MDD_JCT_X_CREDIBLE_FINANCIALS_PAYER,Payer Type,The payer type in the Credible financials extension context.
_MDD_JCT_X_CREDIBLE_FINANCIALS_PAYER,Payer Name,The full name for a specific insurer or payer. Agencies would typically use this to describe a payer in conversation in the Credible financials extension context.
_MDD_JCT_X_CREDIBLE_FINANCIALS_PAYER,Payer Type ID,Unique ID of the Payer Type.
_MDD_JCT_X_CREDIBLE_FINANCIALS_PAYER,Payer Type Class Code,The payer class code in the Credible financials extension context.
_MDD_JCT_X_CREDIBLE_FINANCIALS_PAYER,Payer Type Category,The payer category in the Credible financials extension context.
_MDD_JCT_X_CREDIBLE_FINANCIALS_PAYER,Payer Type Name,The type of insurer or payer this is in the Credible financials extension context.
_MDD_JCT_X_CREDIBLE_FINANCIALS_PAYER,Payer Code,A short code for a specific insurer or payer. Agencies might use this to describe a payer when they wish to refer to the payer but not take up too much space in the Credible financials extension context.
_MDD_JCT_X_CREDIBLE_FINANCIALS_PAYER,Payer Type Sort ASC,Sort helper value used to order [Payer Type Sort ASC] in reporting outputs.
_MDD_JCT_X_CREDIBLE_FINANCIALS_PAYER,Payer Type Sort DESC,Sort helper value used to order [Payer Type Sort DESC] in reporting outputs.
_MDD_JCT_X_CREDIBLE_FINANCIALS_PAYER,Payer Name Sort ASC,Sort helper value used to order [Payer Name Sort ASC] in reporting outputs.
_MDD_JCT_X_CREDIBLE_FINANCIALS_PAYER,Payer Name Sort DESC,Sort helper value used to order [Payer Name Sort DESC] in reporting outputs.
_MDD_JCT_X_CREDIBLE_FINANCIALS_PAYER,Payer Type Name Sort ASC,Sort helper value used to order [Payer Type Name Sort ASC] in reporting outputs.
_MDD_JCT_X_CREDIBLE_FINANCIALS_PAYER,Payer Type Name Sort DESC,Sort helper value used to order [Payer Type Name Sort DESC] in reporting outputs.
_MDD_JCT_X_CREDIBLE_FINANCIALS_PAYER,Payer Type Category Sort ASC,Sort helper value used to order [Payer Type Category Sort ASC] in reporting outputs.
_MDD_JCT_X_CREDIBLE_FINANCIALS_PAYER,Payer Type Category Sort DESC,Sort helper value used to order [Payer Type Category Sort DESC] in reporting outputs.
_MDD_JCT_X_CREDIBLE_FINANCIALS_PAYMENTS,Payer ID,Unique ID of the Payer.
_MDD_JCT_X_CREDIBLE_FINANCIALS_PAYMENTS,Payer Type,The payer type in the Credible financials extension context.
_MDD_JCT_X_CREDIBLE_FINANCIALS_PAYMENTS,Payer Name,The full name for a specific insurer or payer. Agencies would typically use this to describe a payer in conversation in the Credible financials extension context.
_MDD_JCT_X_CREDIBLE_FINANCIALS_PAYMENTS,Payer Type ID,Unique ID of the Payer Type.
_MDD_JCT_X_CREDIBLE_FINANCIALS_PAYMENTS,Payer Type Class Code,The payer class code in the Credible financials extension context.
_MDD_JCT_X_CREDIBLE_FINANCIALS_PAYMENTS,Payer Type Category,The payer category in the Credible financials extension context.
_MDD_JCT_X_CREDIBLE_FINANCIALS_PAYMENTS,Payer Type Name,The type of insurer or payer this is in the Credible financials extension context.
_MDD_JCT_X_CREDIBLE_FINANCIALS_PAYMENTS,Payer Code,A short code for a specific insurer or payer. Agencies might use this to describe a payer when they wish to refer to the payer but not take up too much space in the Credible financials extension context.
_MDD_JCT_X_CREDIBLE_FINANCIALS_PAYMENTS,Payer Type Sort ASC,Sort helper value used to order [Payer Type Sort ASC] in reporting outputs.
_MDD_JCT_X_CREDIBLE_FINANCIALS_PAYMENTS,Payer Type Sort DESC,Sort helper value used to order [Payer Type Sort DESC] in reporting outputs.
_MDD_JCT_X_CREDIBLE_FINANCIALS_PAYMENTS,Payer Name Sort ASC,Sort helper value used to order [Payer Name Sort ASC] in reporting outputs.
_MDD_JCT_X_CREDIBLE_FINANCIALS_PAYMENTS,Payer Name Sort DESC,Sort helper value used to order [Payer Name Sort DESC] in reporting outputs.
_MDD_JCT_X_CREDIBLE_FINANCIALS_PAYMENTS,Payer Type Name Sort ASC,Sort helper value used to order [Payer Type Name Sort ASC] in reporting outputs.
_MDD_JCT_X_CREDIBLE_FINANCIALS_PAYMENTS,Payer Type Name Sort DESC,Sort helper value used to order [Payer Type Name Sort DESC] in reporting outputs.
_MDD_JCT_X_CREDIBLE_FINANCIALS_PAYMENTS,Payer Type Category Sort ASC,Sort helper value used to order [Payer Type Category Sort ASC] in reporting outputs.
_MDD_JCT_X_CREDIBLE_FINANCIALS_PAYMENTS,Payment ID,Unique identifier for [Payment ID] in the Credible financials extension context.
_MDD_JCT_X_CREDIBLE_FINANCIALS_PAYMENTS,Client ID,Unique ID of the Client.
_MDD_JCT_X_CREDIBLE_FINANCIALS_PAYMENTS,Payment Type,Type/category value represented by [Payment Type] for financial classification.
_MDD_JCT_X_CREDIBLE_FINANCIALS_PAYMENTS,Payment Check Number,Financial extension attribute captured in [Payment Check Number].
_MDD_JCT_X_CREDIBLE_FINANCIALS_PAYMENTS,Payment Check Date,Calendar date captured for [Payment Check Date] in financial processing.
_MDD_JCT_X_CREDIBLE_FINANCIALS_PAYMENTS,Payment Date,Calendar date captured for [Payment Date] in financial processing.
_MDD_JCT_X_CREDIBLE_FINANCIALS_PAYMENTS,Payment Reference Number,Financial extension attribute captured in [Payment Reference Number].
_MDD_JCT_X_CREDIBLE_FINANCIALS_PAYMENTS,Payment Amount,Monetary value used for [Payment Amount] in accounting and ledger reporting.
_MDD_JCT_X_CREDIBLE_FINANCIALS_PAYMENTS,Payment Deposit Date,Calendar date captured for [Payment Deposit Date] in financial processing.
_MDD_JCT_X_CREDIBLE_FINANCIALS_PAYMENTS,User ID,Unique ID of the User.
_MDD_JCT_X_CREDIBLE_FINANCIALS_PAYMENTS,User Name Initials,"The individual's name initials, includes the middle initial if included in the system."
_MDD_JCT_X_CREDIBLE_FINANCIALS_PAYMENTS,User Name First & Last,The individual's first and last name. The client's name formatted as first and last.
_MDD_JCT_X_CREDIBLE_FINANCIALS_PAYMENTS,Payer Client v Insurance,Payer attribute represented by [Payer Client v Insurance] for billing and reimbursement analysis.
_MDD_JCT_X_CREDIBLE_FINANCIALS_BATCHES,Batch ID,Unique identifier for [Batch ID] in the Credible financials extension context.
_MDD_JCT_X_CREDIBLE_FINANCIALS_BATCHES,Batch Status,Status indicator represented by [Batch Status] in the financial workflow.
_MDD_JCT_X_CREDIBLE_FINANCIALS_BATCHES,Batch Date,Calendar date captured for [Batch Date] in financial processing.
_MDD_JCT_X_CREDIBLE_FINANCIALS_BATCHES,Batch Service Count,Service-level attribute represented by [Batch Service Count] for revenue and ledger analysis.
_MDD_JCT_X_CREDIBLE_FINANCIALS_BATCHES,Batch Services Amount,Monetary value used for [Batch Services Amount] in accounting and ledger reporting.
_MDD_JCT_X_CREDIBLE_FINANCIALS_BATCHES,Payer ID,Unique ID of the Payer.
_MDD_JCT_X_CREDIBLE_FINANCIALS_BATCHES,Payer Name,The full name for a specific insurer or payer. Agencies would typically use this to describe a payer in conversation in the Credible financials extension context.
_MDD_JCT_X_CREDIBLE_FINANCIALS_BATCHES,Payer Type,The payer type in the Credible financials extension context.
_MDD_JCT_X_CREDIBLE_FINANCIALS_CLAIMS,Claim ID,Unique identifier for [Claim ID] in the Credible financials extension context.
_MDD_JCT_X_CREDIBLE_FINANCIALS_CLAIMS,Payment ID,Unique identifier for [Payment ID] in the Credible financials extension context.
_MDD_JCT_X_CREDIBLE_FINANCIALS_CLAIMS,Service ID,Unique identifier for [Service ID] in the Credible financials extension context.
_MDD_JCT_X_CREDIBLE_FINANCIALS_CLAIMS,Batch ID,Unique identifier for [Batch ID] in the Credible financials extension context.
_MDD_JCT_X_CREDIBLE_FINANCIALS_CLAIMS,Claim Status,Status indicator represented by [Claim Status] in the financial workflow.
_MDD_JCT_X_CREDIBLE_FINANCIALS_CLAIMS,Claim Link,A link directly to the billing screen in Credible for this service in the Credible financials extension context.
_MDD_JCT_X_CREDIBLE_FINANCIALS_CLAIMS,Service Link,Navigational link value stored in [Service Link] for related Credible records.
_MDD_JCT_X_CREDIBLE_FINANCIALS_LEDGER_ACTION_TYPES,Ledger Action Type ID,Unique identifier for [Ledger Action Type ID] in the Credible financials extension context.
_MDD_JCT_X_CREDIBLE_FINANCIALS_LEDGER_ACTION_TYPES,Ledger Action Type Name OG,Display name used for [Ledger Action Type Name OG] in financial reporting outputs.
_MDD_JCT_X_CREDIBLE_FINANCIALS_LEDGER_ACTION_TYPES,Ledger Action Type Name,Display name used for [Ledger Action Type Name] in financial reporting outputs.
_MDD_JCT_X_CREDIBLE_FINANCIALS_LEDGER_ACTION_TYPES,Ledger Action Type Name On Statement,Display name used for [Ledger Action Type Name On Statement] in financial reporting outputs.
_MDD_JCT_X_CREDIBLE_FINANCIALS_LEDGER_ACTION_TYPES,Ledger Action Type Is Charge,Type/category value represented by [Ledger Action Type Is Charge] for financial classification.
_MDD_JCT_X_CREDIBLE_FINANCIALS_LEDGER_ACTION_TYPES,Ledger Action Type Is Credit,Monetary value used for [Ledger Action Type Is Credit] in accounting and ledger reporting.
_MDD_JCT_X_CREDIBLE_FINANCIALS_LEDGER_ACTION_TYPES,Ledger Action Type Is Supressed,Type/category value represented by [Ledger Action Type Is Supressed] for financial classification.
_MDD_JCT_X_CREDIBLE_FINANCIALS_LEDGER_ACTION_TYPES,Ledger Action Type Is Reversible,Type/category value represented by [Ledger Action Type Is Reversible] for financial classification.
_MDD_JCT_X_CREDIBLE_FINANCIALS_LEDGER_ACTION_TYPES,Ledger Action Type Is Transfer,Type/category value represented by [Ledger Action Type Is Transfer] for financial classification.
_MDD_JCT_X_CREDIBLE_FINANCIALS_LEDGER_ACTION_TYPES,Ledger Action Type Is Exportable,Type/category value represented by [Ledger Action Type Is Exportable] for financial classification.
_MDD_JCT_X_CREDIBLE_FINANCIALS_LEDGER_ACTION_TYPES,Ledger Action Type Is Server Unit,Type/category value represented by [Ledger Action Type Is Server Unit] for financial classification.
_MDD_JCT_X_CREDIBLE_FINANCIALS_LEDGER_ACTION_TYPES,Ledger Action Type Is Search,Type/category value represented by [Ledger Action Type Is Search] for financial classification.
_MDD_JCT_X_CREDIBLE_FINANCIALS_LEDGER_ACTION_TYPES,Ledger Action Type Is Revenue,Type/category value represented by [Ledger Action Type Is Revenue] for financial classification.
_MDD_JCT_X_CREDIBLE_FINANCIALS_LEDGER_ACTION_TYPES,Ledger Action Type Is Adjustment,Type/category value represented by [Ledger Action Type Is Adjustment] for financial classification.
_MDD_JCT_X_CREDIBLE_FINANCIALS_LEDGER_ACTION_TYPES,Ledger Action Type Is Client Pay,Type/category value represented by [Ledger Action Type Is Client Pay] for financial classification.
_MDD_JCT_X_CREDIBLE_FINANCIALS_LEDGER_ACTION_TYPES,Ledger Action Type Is Client Payment,Type/category value represented by [Ledger Action Type Is Client Payment] for financial classification.
_MDD_JCT_X_CREDIBLE_FINANCIALS_LEDGER_ACTION_TYPES,Ledger Action Type Is Client Add Payment,Type/category value represented by [Ledger Action Type Is Client Add Payment] for financial classification.
_MDD_JCT_X_CREDIBLE_FINANCIALS_LEDGER_ACTION_TYPES,Ledger Action Type Is Insurance Payment,Type/category value represented by [Ledger Action Type Is Insurance Payment] for financial classification.
_MDD_JCT_X_CREDIBLE_FINANCIALS_LEDGER_ACTION_TYPES,Ledger Action Type Is Revenue Export,Type/category value represented by [Ledger Action Type Is Revenue Export] for financial classification.
_MDD_JCT_X_CREDIBLE_FINANCIALS_LEDGER_ACTION_TYPES,Ledger Action Type Is GL Export,Type/category value represented by [Ledger Action Type Is GL Export] for financial classification.
_MDD_JCT_X_CREDIBLE_FINANCIALS_LEDGER_ACTION_TYPES,Ledger Action Type Is GL Export Full,Type/category value represented by [Ledger Action Type Is GL Export Full] for financial classification.
_MDD_JCT_X_CREDIBLE_FINANCIALS_LEDGER_ACTION_TYPES,Ledger Action Type Is Insurance Add Payment,Type/category value represented by [Ledger Action Type Is Insurance Add Payment] for financial classification.
_MDD_JCT_X_CREDIBLE_FINANCIALS_LEDGER_ACTION_TYPES,Ledger Action Type Is Other Due,Type/category value represented by [Ledger Action Type Is Other Due] for financial classification.
_MDD_JCT_X_CREDIBLE_FINANCIALS_LEDGER_ACTION_TYPES,Ledger Action Type Has Due Amounts,Monetary value used for [Ledger Action Type Has Due Amounts] in accounting and ledger reporting.
_MDD_JCT_X_CREDIBLE_FINANCIALS_LEDGER_ACTION_TYPES,Ledger Action Type Is Undo,Type/category value represented by [Ledger Action Type Is Undo] for financial classification.
_MDD_JCT_X_CREDIBLE_FINANCIALS_LEDGER_ACTION_TYPES,Ledger Action Type Is Balance,Monetary value used for [Ledger Action Type Is Balance] in accounting and ledger reporting.
_MDD_JCT_X_CREDIBLE_FINANCIALS_LEDGER_ACTION_TYPES,Ledger Action Type Is Service Rate,Type/category value represented by [Ledger Action Type Is Service Rate] for financial classification.
_MDD_JCT_X_CREDIBLE_FINANCIALS_LEDGER_ACTION_TYPES,Ledger Action Type Is Adjustment All,Type/category value represented by [Ledger Action Type Is Adjustment All] for financial classification.
_MDD_JCT_X_CREDIBLE_FINANCIALS_LEDGER_ACTION_TYPES,Ledger Action Type Is Disallowed,Type/category value represented by [Ledger Action Type Is Disallowed] for financial classification.
_MDD_JCT_X_CREDIBLE_FINANCIALS_LEDGER_ACTION_TYPES,Ledger Action Type Is Service Amount,Monetary value used for [Ledger Action Type Is Service Amount] in accounting and ledger reporting.
_MDD_JCT_X_CREDIBLE_FINANCIALS_LEDGER_ACTION_TYPES,Ledger Action Type Balance Multiplier,Monetary value used for [Ledger Action Type Balance Multiplier] in accounting and ledger reporting.
_MDD_JCT_X_CREDIBLE_SERVICE_RELATIONSHIP_DETAIL,Service Family ID,Unique identifier for [Service Family ID] in the Credible financials extension context.
_MDD_JCT_X_CREDIBLE_FINANCIALS_LEDGER_BATCH,Service ID,Unique identifier for [Service ID] in the Credible financials extension context.
_MDD_JCT_X_CREDIBLE_FINANCIALS_LEDGER_BATCH,Split Service Parent ID,Unique identifier for [Split Service Parent ID] in the Credible financials extension context.
_MDD_JCT_X_CREDIBLE_FINANCIALS_LEDGER_BATCH,Split Service Primary ID,Unique identifier for [Split Service Primary ID] in the Credible financials extension context.
_MDD_JCT_X_CREDIBLE_FINANCIALS_LEDGER_BATCH,Split Service Secondary ID,Unique identifier for [Split Service Secondary ID] in the Credible financials extension context.
_MDD_JCT_X_CREDIBLE_FINANCIALS_LEDGER_BATCH,Service Is Split Primary,Binary flag indicating whether [Service Is Split Primary] condition is true.
_MDD_JCT_X_CREDIBLE_FINANCIALS_LEDGER_BATCH,Ledger Batch ID,Unique identifier for [Ledger Batch ID] in the Credible financials extension context.
_MDD_JCT_X_CREDIBLE_FINANCIALS_LEDGER_BATCH,Ledger Batch Created Date,Calendar date captured for [Ledger Batch Created Date] in financial processing.
_MDD_JCT_X_CREDIBLE_FINANCIALS_LEDGER_BATCH,Ledger Batch Entries,Ledger attribute represented by [Ledger Batch Entries] in Credible general-ledger output modeling.
_MDD_JCT_X_CREDIBLE_FINANCIALS_LEDGER_BATCH,Ledger Batch Start,Ledger attribute represented by [Ledger Batch Start] in Credible general-ledger output modeling.
_MDD_JCT_X_CREDIBLE_FINANCIALS_LEDGER_BATCH,Ledger Batch End,Ledger attribute represented by [Ledger Batch End] in Credible general-ledger output modeling.
_MDD_JCT_X_CREDIBLE_FINANCIALS_LEDGER_BATCH,Ledger Batch Name,Display name used for [Ledger Batch Name] in financial reporting outputs.
_MDD_JCT_X_CREDIBLE_FINANCIALS_LEDGER_BATCH,Ledger Batch Name Sort,Sort helper value used to order [Ledger Batch Name Sort] in reporting outputs.
_MDD_JCT_X_CREDIBLE_FINANCIALS_LEDGER,Ledger Batch ID,Unique identifier for [Ledger Batch ID] in the Credible financials extension context.
_MDD_JCT_X_CREDIBLE_FINANCIALS_LEDGER,Ledger Batch Created Date,Calendar date captured for [Ledger Batch Created Date] in financial processing.
_MDD_JCT_X_CREDIBLE_FINANCIALS_LEDGER,Ledger Batch Entries,Ledger attribute represented by [Ledger Batch Entries] in Credible general-ledger output modeling.
_MDD_JCT_X_CREDIBLE_FINANCIALS_LEDGER,Ledger Batch Start,Ledger attribute represented by [Ledger Batch Start] in Credible general-ledger output modeling.
_MDD_JCT_X_CREDIBLE_FINANCIALS_LEDGER,Ledger Batch End,Ledger attribute represented by [Ledger Batch End] in Credible general-ledger output modeling.
_MDD_JCT_X_CREDIBLE_FINANCIALS_LEDGER,Ledger Batch Name,Display name used for [Ledger Batch Name] in financial reporting outputs.
_MDD_JCT_X_CREDIBLE_FINANCIALS_LEDGER,Ledger ID,Unique identifier for [Ledger ID] in the Credible financials extension context.
_MDD_JCT_X_CREDIBLE_FINANCIALS_LEDGER,Ledger ID String,Unique identifier for [Ledger ID String] in the Credible financials extension context.
_MDD_JCT_X_CREDIBLE_FINANCIALS_LEDGER,Service ID,Unique identifier for [Service ID] in the Credible financials extension context.
_MDD_JCT_X_CREDIBLE_FINANCIALS_LEDGER,Ledger Accounting Date,Calendar date captured for [Ledger Accounting Date] in financial processing.
_MDD_JCT_X_CREDIBLE_FINANCIALS_LEDGER,Ledger Accounting Date ID,Unique identifier for [Ledger Accounting Date ID] in the Credible financials extension context.
_MDD_JCT_X_CREDIBLE_FINANCIALS_LEDGER,Ledger Accounting Date End Datetime,General-ledger account attribute represented by [Ledger Accounting Date End Datetime].
_MDD_JCT_X_CREDIBLE_FINANCIALS_LEDGER,Ledger Accounting Date Fiscal Quarter QX,Calendar date captured for [Ledger Accounting Date Fiscal Quarter QX] in financial processing.
_MDD_JCT_X_CREDIBLE_FINANCIALS_LEDGER,Ledger Accounting Date Fiscal Year (YYYY),Calendar date captured for [Ledger Accounting Date Fiscal Year (YYYY)] in financial processing.
_MDD_JCT_X_CREDIBLE_FINANCIALS_LEDGER,Ledger Action Date,Calendar date captured for [Ledger Action Date] in financial processing.
_MDD_JCT_X_CREDIBLE_FINANCIALS_LEDGER,Ledger Action Date ID,Unique identifier for [Ledger Action Date ID] in the Credible financials extension context.
_MDD_JCT_X_CREDIBLE_FINANCIALS_LEDGER,Ledger Action Date End Datetime,Ledger attribute represented by [Ledger Action Date End Datetime] in Credible general-ledger output modeling.
_MDD_JCT_X_CREDIBLE_FINANCIALS_LEDGER,Ledger Action Date Fiscal Quarter QX,Calendar date captured for [Ledger Action Date Fiscal Quarter QX] in financial processing.
_MDD_JCT_X_CREDIBLE_FINANCIALS_LEDGER,Ledger Action Date Fiscal Year (YYYY),Calendar date captured for [Ledger Action Date Fiscal Year (YYYY)] in financial processing.
_MDD_JCT_X_CREDIBLE_FINANCIALS_LEDGER,Ledger Action Date Fiscal Year (FY YYYY),Calendar date captured for [Ledger Action Date Fiscal Year (FY YYYY)] in financial processing.
_MDD_JCT_X_CREDIBLE_FINANCIALS_LEDGER,Ledger Due Insurance,Ledger attribute represented by [Ledger Due Insurance] in Credible general-ledger output modeling.
_MDD_JCT_X_CREDIBLE_FINANCIALS_LEDGER,Ledger Due Client,Ledger attribute represented by [Ledger Due Client] in Credible general-ledger output modeling.
_MDD_JCT_X_CREDIBLE_FINANCIALS_LEDGER,Ledger Account Debit Impact,Monetary value used for [Ledger Account Debit Impact] in accounting and ledger reporting.
_MDD_JCT_X_CREDIBLE_FINANCIALS_LEDGER,Ledger Account Credit Impact,Monetary value used for [Ledger Account Credit Impact] in accounting and ledger reporting.
_MDD_JCT_X_CREDIBLE_FINANCIALS_LEDGER,Ledger Account Debit,Monetary value used for [Ledger Account Debit] in accounting and ledger reporting.
_MDD_JCT_X_CREDIBLE_FINANCIALS_LEDGER,Payment ID,Unique identifier for [Payment ID] in the Credible financials extension context.
_MDD_JCT_X_CREDIBLE_FINANCIALS_LEDGER,Payer Name,The full name for a specific insurer or payer. Agencies would typically use this to describe a payer in conversation in the Credible financials extension context.
_MDD_JCT_X_CREDIBLE_FINANCIALS_LEDGER,Payer Name Sort ASC,Sort helper value used to order [Payer Name Sort ASC] in reporting outputs.
_MDD_JCT_X_CREDIBLE_FINANCIALS_LEDGER,Payer Type Category,The payer category in the Credible financials extension context.
_MDD_JCT_X_CREDIBLE_FINANCIALS_LEDGER,Payer Type Category Sort ASC,Sort helper value used to order [Payer Type Category Sort ASC] in reporting outputs.
_MDD_JCT_X_CREDIBLE_FINANCIALS_LEDGER,Payer Type,The payer type in the Credible financials extension context.
_MDD_JCT_X_CREDIBLE_FINANCIALS_LEDGER,Payer Type Sort ASC,Sort helper value used to order [Payer Type Sort ASC] in reporting outputs.
_MDD_JCT_X_CREDIBLE_FINANCIALS_LEDGER,Payer Type Name,The type of insurer or payer this is in the Credible financials extension context.
_MDD_JCT_X_CREDIBLE_FINANCIALS_LEDGER,Payer Type Name Sort Name ASC,Sort helper value used to order [Payer Type Name Sort Name ASC] in reporting outputs.
_MDD_JCT_X_CREDIBLE_FINANCIALS_LEDGER,Ledger Service Sequence Accounting Date ASC,Calendar date captured for [Ledger Service Sequence Accounting Date ASC] in financial processing.
_MDD_JCT_X_CREDIBLE_FINANCIALS_LEDGER,Ledger Service Sequence Accounting Date DESC,Calendar date captured for [Ledger Service Sequence Accounting Date DESC] in financial processing.
_MDD_JCT_X_CREDIBLE_FINANCIALS_LEDGER,Claim Link,A link directly to the billing screen in Credible for this service in the Credible financials extension context.
_MDD_JCT_X_CREDIBLE_FINANCIALS_LEDGER,Ledger Service Sequence Action Date ASC,Calendar date captured for [Ledger Service Sequence Action Date ASC] in financial processing.
_MDD_JCT_X_CREDIBLE_FINANCIALS_LEDGER,Action Type Balance Multiplier,Monetary value used for [Action Type Balance Multiplier] in accounting and ledger reporting.
_MDD_JCT_X_CREDIBLE_FINANCIALS_LEDGER,Ledger Action Type,Type/category value represented by [Ledger Action Type] for financial classification.
_MDD_JCT_X_CREDIBLE_FINANCIALS_LEDGER,Ledger Action Type ID,Unique identifier for [Ledger Action Type ID] in the Credible financials extension context.
_MDD_JCT_X_CREDIBLE_FINANCIALS_LEDGER,By User Name,Display name used for [By User Name] in financial reporting outputs.
_MDD_JCT_X_CREDIBLE_FINANCIALS_LEDGER,By User Initials,Ledger attribute represented by [By User Initials] in Credible general-ledger output modeling.
_MDD_JCT_X_CREDIBLE_FINANCIALS_LEDGER,Service Family ID,Unique identifier for [Service Family ID] in the Credible financials extension context.
_MDD_JCT_X_CREDIBLE_FINANCIALS_LEDGER,Service Family ID String,Unique identifier for [Service Family ID String] in the Credible financials extension context.
_MDD_JCT_X_CREDIBLE_FINANCIALS_LEDGER,Service Is Split Primary,Binary flag indicating whether [Service Is Split Primary] condition is true.
_MDD_JCT_X_CREDIBLE_FINANCIALS_LEDGER,Service Is Split Secondary,Binary flag indicating whether [Service Is Split Secondary] condition is true.
_MDD_JCT_X_CREDIBLE_FINANCIALS_LEDGER,Split Service Parent ID,Unique identifier for [Split Service Parent ID] in the Credible financials extension context.
_MDD_JCT_X_CREDIBLE_FINANCIALS_LEDGER,Split Service Primary ID,Unique identifier for [Split Service Primary ID] in the Credible financials extension context.
_MDD_JCT_X_CREDIBLE_FINANCIALS_LEDGER,Split Service Secondary ID,Unique identifier for [Split Service Secondary ID] in the Credible financials extension context.
_MDD_JCT_X_CREDIBLE_FINANCIALS_LEDGER_PAYMENTS,Payer ID,Unique ID of the Payer.
_MDD_JCT_X_CREDIBLE_FINANCIALS_LEDGER_PAYMENTS,Payer Type,The payer type in the Credible financials extension context.
_MDD_JCT_X_CREDIBLE_FINANCIALS_LEDGER_PAYMENTS,Payer Name,The full name for a specific insurer or payer. Agencies would typically use this to describe a payer in conversation in the Credible financials extension context.
_MDD_JCT_X_CREDIBLE_FINANCIALS_LEDGER_PAYMENTS,Payer Type ID,Unique ID of the Payer Type.
_MDD_JCT_X_CREDIBLE_FINANCIALS_LEDGER_PAYMENTS,Payer Type Class Code,The payer class code in the Credible financials extension context.
_MDD_JCT_X_CREDIBLE_FINANCIALS_LEDGER_PAYMENTS,Payer Type Category,The payer category in the Credible financials extension context.
_MDD_JCT_X_CREDIBLE_FINANCIALS_LEDGER_PAYMENTS,Payer Type Name,The type of insurer or payer this is in the Credible financials extension context.
_MDD_JCT_X_CREDIBLE_FINANCIALS_LEDGER_PAYMENTS,Payer Code,A short code for a specific insurer or payer. Agencies might use this to describe a payer when they wish to refer to the payer but not take up too much space in the Credible financials extension context.
_MDD_JCT_X_CREDIBLE_FINANCIALS_LEDGER_PAYMENTS,Payer Type Sort ASC,Sort helper value used to order [Payer Type Sort ASC] in reporting outputs.
_MDD_JCT_X_CREDIBLE_FINANCIALS_LEDGER_PAYMENTS,Payer Type Sort DESC,Sort helper value used to order [Payer Type Sort DESC] in reporting outputs.
_MDD_JCT_X_CREDIBLE_FINANCIALS_LEDGER_PAYMENTS,Payer Name Sort ASC,Sort helper value used to order [Payer Name Sort ASC] in reporting outputs.
_MDD_JCT_X_CREDIBLE_FINANCIALS_LEDGER_PAYMENTS,Payer Name Sort DESC,Sort helper value used to order [Payer Name Sort DESC] in reporting outputs.
_MDD_JCT_X_CREDIBLE_FINANCIALS_LEDGER_PAYMENTS,Payer Type Name Sort ASC,Sort helper value used to order [Payer Type Name Sort ASC] in reporting outputs.
_MDD_JCT_X_CREDIBLE_FINANCIALS_LEDGER_PAYMENTS,Payer Type Name Sort DESC,Sort helper value used to order [Payer Type Name Sort DESC] in reporting outputs.
_MDD_JCT_X_CREDIBLE_FINANCIALS_LEDGER_PAYMENTS,Payer Type Category Sort ASC,Sort helper value used to order [Payer Type Category Sort ASC] in reporting outputs.
_MDD_JCT_X_CREDIBLE_FINANCIALS_LEDGER_PAYMENTS,Payment ID,Unique identifier for [Payment ID] in the Credible financials extension context.
_MDD_JCT_X_CREDIBLE_FINANCIALS_LEDGER_PAYMENTS,Client ID,Unique ID of the Client.
_MDD_JCT_X_CREDIBLE_FINANCIALS_LEDGER_PAYMENTS,Payment Type,Type/category value represented by [Payment Type] for financial classification.
_MDD_JCT_X_CREDIBLE_FINANCIALS_LEDGER_PAYMENTS,Payment Check Number,Ledger attribute represented by [Payment Check Number] in Credible general-ledger output modeling.
_MDD_JCT_X_CREDIBLE_FINANCIALS_LEDGER_PAYMENTS,Payment Check Date,Calendar date captured for [Payment Check Date] in financial processing.
_MDD_JCT_X_CREDIBLE_FINANCIALS_LEDGER_PAYMENTS,Payment Date,Calendar date captured for [Payment Date] in financial processing.
_MDD_JCT_X_CREDIBLE_FINANCIALS_LEDGER_PAYMENTS,Payment Reference Number,Ledger attribute represented by [Payment Reference Number] in Credible general-ledger output modeling.
_MDD_JCT_X_CREDIBLE_FINANCIALS_LEDGER_PAYMENTS,Payment Amount,Monetary value used for [Payment Amount] in accounting and ledger reporting.
_MDD_JCT_X_CREDIBLE_FINANCIALS_LEDGER_PAYMENTS,Payment Deposit Date,Calendar date captured for [Payment Deposit Date] in financial processing.
_MDD_JCT_X_CREDIBLE_FINANCIALS_LEDGER_PAYMENTS,User ID,Unique ID of the User.
_MDD_JCT_X_CREDIBLE_FINANCIALS_LEDGER_PAYMENTS,User Name Initials,"The individual's name initials, includes the middle initial if included in the system."
_MDD_JCT_X_CREDIBLE_FINANCIALS_LEDGER_PAYMENTS,User Name First & Last,The individual's first and last name. The client's name formatted as first and last.
_MDD_JCT_X_CREDIBLE_FINANCIALS_LEDGER_PAYMENTS,Payer Client v Insurance,Payer attribute represented by [Payer Client v Insurance] for billing and reimbursement analysis.
_MDD_JCT_X_CREDIBLE_FINANCIALS_RCM,Account Name Infer 1,Display name used for [Account Name Infer 1] in financial reporting outputs.
_MDD_JCT_X_CREDIBLE_FINANCIALS_RCM,Account Name Infer 2,Display name used for [Account Name Infer 2] in financial reporting outputs.
_MDD_JCT_X_CREDIBLE_FINANCIALS_RCM,Account Name Infer 3,Display name used for [Account Name Infer 3] in financial reporting outputs.
_MDD_JCT_X_CREDIBLE_FINANCIALS_RCM,Account Name Infer 4,Display name used for [Account Name Infer 4] in financial reporting outputs.
_MDD_JCT_X_CREDIBLE_FINANCIALS_RCM,Account Name Infer 5,Display name used for [Account Name Infer 5] in financial reporting outputs.
_MDD_JCT_X_CREDIBLE_FINANCIALS_RCM,Account Name Infer 6,Display name used for [Account Name Infer 6] in financial reporting outputs.
_MDD_JCT_X_CREDIBLE_FINANCIALS_RCM,Account Name Infer 7,Display name used for [Account Name Infer 7] in financial reporting outputs.
_MDD_JCT_X_CREDIBLE_FINANCIALS_RCM,Account Name Infer 8,Display name used for [Account Name Infer 8] in financial reporting outputs.
_MDD_JCT_X_CREDIBLE_FINANCIALS_RCM,Account Name Infer 10,Display name used for [Account Name Infer 10] in financial reporting outputs.
_MDD_JCT_X_CREDIBLE_FINANCIALS_RCM,Account Name Infer 11,Display name used for [Account Name Infer 11] in financial reporting outputs.
_MDD_JCT_X_CREDIBLE_FINANCIALS_ACCOUNTS_REV,RCM ID,Unique identifier for [RCM ID] in the Credible financials extension context.
_MDD_JCT_X_CREDIBLE_FINANCIALS_ACCOUNTS_REV,RCM Order Int,Financial extension attribute captured in [RCM Order Int].
_MDD_JCT_X_CREDIBLE_FINANCIALS_ACCOUNTS_REV,RCMD Order,Financial extension attribute captured in [RCMD Order].
_MDD_JCT_X_CREDIBLE_FINANCIALS_ACCOUNTS_REV,Account Number Part Revenue,General-ledger account attribute represented by [Account Number Part Revenue].
_MDD_JCT_X_CREDIBLE_FINANCIALS_ACCOUNTS_REV,Account Number Part Receivable,General-ledger account attribute represented by [Account Number Part Receivable].
_MDD_JCT_X_CREDIBLE_FINANCIALS_ACCOUNTS_REV,Account Number Part Adjustment,General-ledger account attribute represented by [Account Number Part Adjustment].
_MDD_JCT_X_CREDIBLE_FINANCIALS_ACCOUNTS_REV,Program ID,Unique ID of the Program.
_MDD_JCT_X_CREDIBLE_FINANCIALS_ACCOUNTS_REV,Program Name,The name of the program in which the service took place in the Credible financials extension context.
_MDD_JCT_X_CREDIBLE_FINANCIALS_ACCOUNTS_REV,Appointment Type ID,Unique ID of the Appointment Type.
_MDD_JCT_X_CREDIBLE_FINANCIALS_ACCOUNTS_REV,Appointment Type Name,Display name used for [Appointment Type Name] in financial reporting outputs.
_MDD_JCT_X_CREDIBLE_FINANCIALS_ACCOUNTS_REV,Payer ID,Unique ID of the Payer.
_MDD_JCT_X_CREDIBLE_FINANCIALS_ACCOUNTS_REV,Payer Name,The full name for a specific insurer or payer. Agencies would typically use this to describe a payer in conversation in the Credible financials extension context.
_MDD_JCT_X_CREDIBLE_FINANCIALS_ACCOUNTS_REV,Appointment Procedure Code,Either the Procedure Code CPT or Procedure Code HCPCS if only one or the other is provided.
_MDD_JCT_X_CREDIBLE_FINANCIALS_ACCOUNTS_REV,POS ID,Unique ID of the POS.
_MDD_JCT_X_CREDIBLE_FINANCIALS_ACCOUNTS_REV,POS Name,Display name used for [POS Name] in financial reporting outputs.
_MDD_JCT_X_CREDIBLE_FINANCIALS_ACCOUNTS_REV,Location ID,Unique ID of the Location.
_MDD_JCT_X_CREDIBLE_FINANCIALS_ACCOUNTS_REV,Location Name,Display name used for [Location Name] in financial reporting outputs.
_MDD_JCT_X_CREDIBLE_FINANCIALS_ACCOUNTS_REV,Recipient ID,Unique ID of the Recipient.
_MDD_JCT_X_CREDIBLE_FINANCIALS_ACCOUNTS_REV,Recipient Name,Display name used for [Recipient Name] in financial reporting outputs.
_MDD_JCT_X_CREDIBLE_FINANCIALS_ACCOUNTS_REV,Billing Group ID,Unique ID of the Billing Group.
_MDD_JCT_X_CREDIBLE_FINANCIALS_ACCOUNTS_REV,Billing Group Name,Display name used for [Billing Group Name] in financial reporting outputs.
_MDD_JCT_X_CREDIBLE_FINANCIALS_ACCOUNTS_REV,Credential Group ID,Unique ID of the Credential Group.
_MDD_JCT_X_CREDIBLE_FINANCIALS_ACCOUNTS_REV,Payer Type ID,Unique ID of the Payer Type.
_MDD_JCT_X_CREDIBLE_FINANCIALS_ACCOUNTS_REV,Payer Type,The payer type in the Credible financials extension context.
_MDD_JCT_X_CREDIBLE_FINANCIALS_ACCOUNTS_REV,Account Number,General-ledger account attribute represented by [Account Number].
_MDD_JCT_X_CREDIBLE_FINANCIALS_ACCOUNTS_REV,A1,Financial extension attribute captured in [A1].
_MDD_JCT_X_CREDIBLE_FINANCIALS_ACCOUNTS_REV,A2,Financial extension attribute captured in [A2].
_MDD_JCT_X_CREDIBLE_FINANCIALS_ACCOUNTS_REV,A3,Financial extension attribute captured in [A3].
_MDD_JCT_X_CREDIBLE_FINANCIALS_ACCOUNTS_REC,Account Number,General-ledger account attribute represented by [Account Number].
_MDD_JCT_X_CREDIBLE_FINANCIALS_ACCOUNTS_REC,A1,Financial extension attribute captured in [A1].
_MDD_JCT_X_CREDIBLE_FINANCIALS_ACCOUNTS_REC,A2,Financial extension attribute captured in [A2].
_MDD_JCT_X_CREDIBLE_FINANCIALS_ACCOUNTS_REC,A3,Financial extension attribute captured in [A3].
_MDD_JCT_X_CREDIBLE_FINANCIALS_ACCOUNTS_ADJ,Account Number,General-ledger account attribute represented by [Account Number].
_MDD_JCT_X_CREDIBLE_FINANCIALS_ACCOUNTS_ADJ,A1,Financial extension attribute captured in [A1].
_MDD_JCT_X_CREDIBLE_FINANCIALS_ACCOUNTS_ADJ,A2,Financial extension attribute captured in [A2].
_MDD_JCT_X_CREDIBLE_FINANCIALS_ACCOUNTS_ADJ,A3,Financial extension attribute captured in [A3].
_MDD_JCT_X_CREDIBLE_FINANCIALS_ACCOUNTS_INFERRED_TRANSACTION_COUNTS,Ledger Account Credit,Monetary value used for [Ledger Account Credit] in accounting and ledger reporting.
_MDD_JCT_X_CREDIBLE_FINANCIALS_ACCOUNTS_INFERRED_TRANSACTION_COUNTS,Debited Account Likely Credit Side,Monetary value used for [Debited Account Likely Credit Side] in accounting and ledger reporting.
_MDD_JCT_X_CREDIBLE_FINANCIALS_ACCOUNTS_INFERRED_TRANSACTION_COUNTS,Debited Account Likely Debit Side,Monetary value used for [Debited Account Likely Debit Side] in accounting and ledger reporting.
_MDD_JCT_X_CREDIBLE_FINANCIALS_ACCOUNTS_INFERRED_TRANSACTION_COUNTS,Credited Account Likely Credit Side,Monetary value used for [Credited Account Likely Credit Side] in accounting and ledger reporting.
_MDD_JCT_X_CREDIBLE_FINANCIALS_ACCOUNTS_INFERRED_TRANSACTION_COUNTS,Credited Account Likely Debit Side,Monetary value used for [Credited Account Likely Debit Side] in accounting and ledger reporting.
_MDD_JCT_X_CREDIBLE_FINANCIALS_ACCOUNTS_INFERRED_FRM_LEDGER,Account Number,General-ledger account attribute represented by [Account Number].
_MDD_JCT_X_CREDIBLE_FINANCIALS_ACCOUNTS_INFERRED_FRM_LEDGER,Likely Credit,Monetary value used for [Likely Credit] in accounting and ledger reporting.
_MDD_JCT_X_CREDIBLE_FINANCIALS_ACCOUNTS_INFERRED_FRM_LEDGER,Likely Debit,Monetary value used for [Likely Debit] in accounting and ledger reporting.
_MDD_JCT_X_CREDIBLE_FINANCIALS_ACCOUNTS_INFERRED_FRM_LEDGER,Account Likely Side ID,Unique identifier for [Account Likely Side ID] in the Credible financials extension context.
_MDD_JCT_X_CREDIBLE_FINANCIALS_ACCOUNTS_INFERRED_FRM_LEDGER,Account Likely Side,General-ledger account attribute represented by [Account Likely Side].
_MDD_JCT_X_CREDIBLE_FINANCIALS_ACCOUNTS,Account Number,General-ledger account attribute represented by [Account Number].
_MDD_JCT_X_CREDIBLE_FINANCIALS_ACCOUNTS,Likely Credit,Monetary value used for [Likely Credit] in accounting and ledger reporting.
_MDD_JCT_X_CREDIBLE_FINANCIALS_ACCOUNTS,Account Is Adjustment,Binary flag indicating whether [Account Is Adjustment] condition is true.
_MDD_JCT_X_CREDIBLE_FINANCIALS_ACCOUNTS,Account Is Revenue,Binary flag indicating whether [Account Is Revenue] condition is true.
_MDD_JCT_X_CREDIBLE_FINANCIALS_ACCOUNTS,Account Is Receivable,Binary flag indicating whether [Account Is Receivable] condition is true.
_MDD_JCT_X_CREDIBLE_FINANCIALS_ACCOUNTS,Account Side Is Inferred,Binary flag indicating whether [Account Side Is Inferred] condition is true.
_MDD_JCT_X_CREDIBLE_FINANCIALS_ACCOUNTS,Account Side Is Unknown,Binary flag indicating whether [Account Side Is Unknown] condition is true.
_MDD_JCT_X_CREDIBLE_FINANCIALS_ACCOUNTS,Account Side Is Inferred or Unknown,Binary flag indicating whether [Account Side Is Inferred or Unknown] condition is true.
_MDD_JCT_X_CREDIBLE_FINANCIALS_CURRENT_BALANCES,Positive Debit Count,Monetary value used for [Positive Debit Count] in accounting and ledger reporting.
_MDD_JCT_X_CREDIBLE_FINANCIALS_CURRENT_BALANCES,Positive Credit Count,Monetary value used for [Positive Credit Count] in accounting and ledger reporting.
_MDD_JCT_X_CREDIBLE_FINANCIALS_CURRENT_BALANCES,Account Side ID,Unique identifier for [Account Side ID] in the Credible financials extension context.
_MDD_JCT_X_CREDIBLE_FINANCIALS_CURRENT_BALANCES,Service ID,Unique identifier for [Service ID] in the Credible financials extension context.
_MDD_JCT_X_CREDIBLE_FINANCIALS_CURRENT_BALANCES,Debit,Monetary value used for [Debit] in accounting and ledger reporting.
_MDD_JCT_X_CREDIBLE_FINANCIALS_CURRENT_BALANCES,Credit,Monetary value used for [Credit] in accounting and ledger reporting.
_MDD_JCT_X_CREDIBLE_FINANCIALS_CURRENT_BALANCES,Balance,Monetary value used for [Balance] in accounting and ledger reporting.
_MDD_JCT_X_CREDIBLE_FINANCIALS_JOURNAL_ENTRIES,Ledger ID,Unique identifier for [Ledger ID] in the Credible financials extension context.
_MDD_JCT_X_CREDIBLE_FINANCIALS_JOURNAL_ENTRIES,Journal Line Side ID,Unique identifier for [Journal Line Side ID] in the Credible financials extension context.
_MDD_JCT_X_CREDIBLE_FINANCIALS_JOURNAL_ENTRIES,Account Number,General-ledger account attribute represented by [Account Number].
_MDD_JCT_X_CREDIBLE_FINANCIALS_JOURNAL_ENTRIES,Account Side ID,Unique identifier for [Account Side ID] in the Credible financials extension context.
_MDD_JCT_X_CREDIBLE_FINANCIALS_JOURNAL_ENTRIES,Amount To Debit,Monetary value used for [Amount To Debit] in accounting and ledger reporting.
_MDD_JCT_X_CREDIBLE_FINANCIALS_JOURNAL_ENTRIES,Amount To Credit,Monetary value used for [Amount To Credit] in accounting and ledger reporting.
_MDD_JCT_X_CREDIBLE_FINANCIALS_JOURNAL_ENTRIES,Service ID,Unique identifier for [Service ID] in the Credible financials extension context.
_MDD_JCT_X_CREDIBLE_FINANCIALS_JOURNAL_ENTRIES,Payer ID,Unique ID of the Payer.
_MDD_JCT_X_CREDIBLE_FINANCIALS_JOURNAL_ENTRIES,Payment ID,Unique identifier for [Payment ID] in the Credible financials extension context.
_MDD_JCT_X_CREDIBLE_FINANCIALS_JOURNAL_ENTRIES,Account ID,Unique identifier for [Account ID] in the Credible financials extension context.
_MDD_JCT_X_CREDIBLE_FINANCIALS_JOURNAL_ENTRIES,Journal Line ID,Unique identifier for [Journal Line ID] in the Credible financials extension context.
_MDD_JCT_X_CREDIBLE_FINANCIALS_JOURNAL_ENTRIES,Journal Line Type,Type/category value represented by [Journal Line Type] for financial classification.
_MDD_JCT_X_CREDIBLE_FINANCIALS_JOURNAL_ENTRIES,Journal Line Attached To Service,Service-level attribute represented by [Journal Line Attached To Service] for revenue and ledger analysis.
_MDD_JCT_X_CREDIBLE_FINANCIALS_JOURNAL_ENTRIES,Ledger Accounting Date ID,Unique identifier for [Ledger Accounting Date ID] in the Credible financials extension context.
_MDD_JCT_X_CREDIBLE_FINANCIALS_JOURNAL_ENTRIES,Ledger Accounting Date,Calendar date captured for [Ledger Accounting Date] in financial processing.
_MDD_JCT_X_CREDIBLE_FINANCIALS_JOURNAL_ENTRIES,Ledger Batch ID,Unique identifier for [Ledger Batch ID] in the Credible financials extension context.
_MDD_JCT_X_CREDIBLE_FINANCIALS_JOURNAL_ENTRIES,Service Start Date,Calendar date captured for [Service Start Date] in financial processing.
_MDD_JCT_X_CREDIBLE_FINANCIALS_JOURNAL_ENTRIES,Program Name,The name of the program in which the service took place in the Credible financials extension context.
_MDD_JCT_X_CREDIBLE_FINANCIALS_SERVICES,Ledger ID,Unique identifier for [Ledger ID] in the Credible financials extension context.
_MDD_JCT_X_CREDIBLE_FINANCIALS_SERVICES,Journal Line Side ID,Unique identifier for [Journal Line Side ID] in the Credible financials extension context.
_MDD_JCT_X_CREDIBLE_FINANCIALS_SERVICES,Journal Line Type,Type/category value represented by [Journal Line Type] for financial classification.
_MDD_JCT_X_CREDIBLE_FINANCIALS_SERVICES,Account Number,General-ledger account attribute represented by [Account Number].
_MDD_JCT_X_CREDIBLE_FINANCIALS_SERVICES,Account Side ID,Unique identifier for [Account Side ID] in the Credible financials extension context.
_MDD_JCT_X_CREDIBLE_FINANCIALS_SERVICES,Amount To Debit,Monetary value used for [Amount To Debit] in accounting and ledger reporting.
_MDD_JCT_X_CREDIBLE_FINANCIALS_SERVICES,Amount To Credit,Monetary value used for [Amount To Credit] in accounting and ledger reporting.
_MDD_JCT_X_CREDIBLE_FINANCIALS_SERVICES,Service ID,Unique identifier for [Service ID] in the Credible financials extension context.
_MDD_JCT_X_CREDIBLE_FINANCIALS_SERVICES,Payer ID,Unique ID of the Payer.
_MDD_JCT_X_CREDIBLE_FINANCIALS_SERVICES,Payment ID,Unique identifier for [Payment ID] in the Credible financials extension context.
_MDD_JCT_X_CREDIBLE_FINANCIALS_SERVICES,Account ID,Unique identifier for [Account ID] in the Credible financials extension context.
_MDD_JCT_X_CREDIBLE_FINANCIALS_SERVICES,Ledger Accounting Date ID,Unique identifier for [Ledger Accounting Date ID] in the Credible financials extension context.
_MDD_JCT_X_CREDIBLE_FINANCIALS_SERVICES,Ledger Accounting Date,Calendar date captured for [Ledger Accounting Date] in financial processing.
_MDD_JCT_X_CREDIBLE_FINANCIALS_SERVICES,Service ID String,Unique identifier for [Service ID String] in the Credible financials extension context.
_MDD_JCT_X_CREDIBLE_FINANCIALS_SERVICES,Planner ID,Unique ID of the Planner.
_MDD_JCT_X_CREDIBLE_FINANCIALS_SERVICES,Service Draft ID,Unique identifier for [Service Draft ID] in the Credible financials extension context.
_MDD_JCT_X_CREDIBLE_FINANCIALS_SERVICES,Service Start,Service-level attribute represented by [Service Start] for revenue and ledger analysis.
_MDD_JCT_X_CREDIBLE_FINANCIALS_SERVICES,Service End,Service-level attribute represented by [Service End] for revenue and ledger analysis.
_MDD_JCT_X_CREDIBLE_FINANCIALS_SERVICES,Service Start Date,Calendar date captured for [Service Start Date] in financial processing.
_MDD_JCT_X_CREDIBLE_FINANCIALS_SERVICES,Service Start Date ID,Unique identifier for [Service Start Date ID] in the Credible financials extension context.
_MDD_JCT_X_CREDIBLE_FINANCIALS_SERVICES,Service Billable,Service-level attribute represented by [Service Billable] for revenue and ledger analysis.
_MDD_JCT_X_CREDIBLE_FINANCIALS_SERVICES,Service Approved,Service-level attribute represented by [Service Approved] for revenue and ledger analysis.
_MDD_JCT_X_CREDIBLE_FINANCIALS_SERVICES,Service Approved Date,Calendar date captured for [Service Approved Date] in financial processing.
_MDD_JCT_X_CREDIBLE_FINANCIALS_SERVICES,Service Status,Status indicator represented by [Service Status] in the financial workflow.
_MDD_JCT_X_CREDIBLE_FINANCIALS_SERVICES,User ID,Unique ID of the User.
_MDD_JCT_X_CREDIBLE_FINANCIALS_SERVICES,Service Is Recurrance,Binary flag indicating whether [Service Is Recurrance] condition is true.
_MDD_JCT_X_CREDIBLE_FINANCIALS_SERVICES,Claim Link,A link directly to the billing screen in Credible for this service in the Credible financials extension context.
_MDD_JCT_X_CREDIBLE_FINANCIALS_SERVICES,Service Link Billing,Navigational link value stored in [Service Link Billing] for related Credible records.
_MDD_JCT_X_CREDIBLE_FINANCIALS_SERVICES,Service Link,Navigational link value stored in [Service Link] for related Credible records.
_MDD_JCT_X_CREDIBLE_FINANCIALS_SERVICES,Service Type Name,"The name of the service type. This is how the agency refers to this service. Synonyms include visit type, visit description, service type, service description in the Credible financials extension context."
_MDD_JCT_X_CREDIBLE_FINANCIALS_SERVICES,Employee Name First & Last & Employee ID,Unique ID of the Employee Name First & Last & Employee.
_MDD_JCT_X_CREDIBLE_FINANCIALS_SERVICES,User Name First & Last w/Initial,The user's first and last name with an initial. Example: John J James in the Credible financials extension context.
_MDD_JCT_X_CREDIBLE_FINANCIALS_SERVICES,Program Name,The name of the program in which the service took place in the Credible financials extension context.
_MDD_JCT_X_CREDIBLE_FINANCIALS_SERVICES,Program Group > Name,"If the service's program is part of a program group, this is the name of the program group followed by the name of the program, separated with "">"" in the Credible financials extension context."
_MDD_JCT_X_CREDIBLE_FINANCIALS_SERVICES,Bx ID,Unique ID of the Bx.
_MDD_JCT_X_CREDIBLE_FINANCIALS_SERVICES,Bx Description,Financial extension attribute captured in [Bx Description].
_MDD_JCT_X_CREDIBLE_FINANCIALS_REPORT_DESIGN,slicer_label_program_name,Display name used for [slicer_label_program_name] in financial reporting outputs.
_MDD_JCT_X_CREDIBLE_FINANCIALS_REPORT_DESIGN,slicer_label_service_id,Service-level attribute represented by [slicer_label_service_id] for revenue and ledger analysis.
_MDD_JCT_X_CREDIBLE_FINANCIALS_REPORT_DESIGN,slicer_label_service_type,Type/category value represented by [slicer_label_service_type] for financial classification.
_MDD_JCT_X_CREDIBLE_FINANCIALS_REPORT_DESIGN,slicer_label_export_batch,Report configuration value stored in [slicer_label_export_batch] to control dashboard labels and filters.
_MDD_JCT_X_CREDIBLE_FINANCIALS_REPORT_DESIGN,slicer_label_as_of_date,Calendar date captured for [slicer_label_as_of_date] in financial processing.
_MDD_JCT_X_CREDIBLE_FINANCIALS_REPORT_DESIGN,slicer_label_for_dates,Calendar date captured for [slicer_label_for_dates] in financial processing.
_MDD_JCT_X_CREDIBLE_FINANCIALS_REPORT_DESIGN,slicer_label_payer_type_and_name,Display name used for [slicer_label_payer_type_and_name] in financial reporting outputs.
_MDD_JCT_X_CREDIBLE_FINANCIALS_REPORT_DESIGN,slicer_label_account_number,General-ledger account attribute represented by [slicer_label_account_number].
_MDD_JCT_X_CREDIBLE_FINANCIALS_REPORT_DESIGN,slicer_label_is_inferred_unknown_sides,Report configuration value stored in [slicer_label_is_inferred_unknown_sides] to control dashboard labels and filters.
_MDD_JCT_X_CREDIBLE_FINANCIALS_REPORT_DESIGN,slicer_label_is_ar,Report configuration value stored in [slicer_label_is_ar] to control dashboard labels and filters.
_MDD_JCT_X_CREDIBLE_FINANCIALS_REPORT_DESIGN,slicer_label_is_revenue,Report configuration value stored in [slicer_label_is_revenue] to control dashboard labels and filters.
_MDD_JCT_X_CREDIBLE_FINANCIALS_REPORT_DESIGN,slicer_label_is_adjustment,Report configuration value stored in [slicer_label_is_adjustment] to control dashboard labels and filters.
_MDD_JCT_X_CREDIBLE_FINANCIALS_REPORT_DESIGN,slicer_label_je_line_type,Type/category value represented by [slicer_label_je_line_type] for financial classification.
_MDD_JCT_X_CREDIBLE_FINANCIALS_REPORT_DESIGN,je_years_lookback,Report configuration value stored in [je_years_lookback] to control dashboard labels and filters.
_MDD_JCT_X_CREDIBLE_FINANCIALS_REPORT_DESIGN,je_start_date,Calendar date captured for [je_start_date] in financial processing.
_MDD_JCT_X_CREDIBLE_MEDICAL_PROFILE_BMI_PERCENTILE_CURVES,Medical Profile BMI Percentile Curve ID,Unique ID of the Medical Profile BMI Percentile Curve Point.
_MDD_JCT_X_CREDIBLE_MEDICAL_PROFILE_BMI_PERCENTILE_CURVES,Medical Profile BMI Percentile Curve Sex,Sex label for the CDC percentile curve point.
_MDD_JCT_X_CREDIBLE_MEDICAL_PROFILE_BMI_PERCENTILE_CURVES,Medical Profile BMI Percentile Curve Age Months,Age in months represented by the curve point.
_MDD_JCT_X_CREDIBLE_MEDICAL_PROFILE_BMI_PERCENTILE_CURVES,Medical Profile BMI Percentile Curve Percentile,Percentile line value represented by the curve point.
_MDD_JCT_X_CREDIBLE_MEDICAL_PROFILE_BMI_PERCENTILE_CURVES,Medical Profile BMI Percentile Curve BMI,Computed BMI value at the sex/age/percentile curve point.
_MDD_JCT_X_CREDIBLE_MEDICAL_PROFILE_BMI,Medical Profile BMI ID,Unique ID of the Medical Profile BMI Plot Point.
_MDD_JCT_X_CREDIBLE_MEDICAL_PROFILE_BMI,Client ID,Unique ID of the Client.
_MDD_JCT_X_CREDIBLE_MEDICAL_PROFILE_BMI,Vitals ID,Unique ID of the Vitals record.
_MDD_JCT_X_CREDIBLE_MEDICAL_PROFILE_BMI,BMI Measurement Date,The effective date/time of the BMI measurement point.
_MDD_JCT_X_CREDIBLE_MEDICAL_PROFILE_BMI,BMI,BMI value for the plotted point.
_MDD_JCT_X_CREDIBLE_MEDICAL_PROFILE_BMI,BMI Percentile,Child percentile rank for the BMI value when applicable.
_MDD_JCT_X_CREDIBLE_MEDICAL_PROFILE_BMI,BMI Measure,Child/Adult context for the BMI row.
_MDD_JCT_X_CREDIBLE_MEDICAL_PROFILE_BMI,Line Label,Display label used by downstream chart/report lines.
_MDD_JCT_X_CREDIBLE_MEDICAL_PROFILE_BMI,Medical Profile BMI Series Type,Series marker with values Actual or Curve.
_MDD_JCT_X_CREDIBLE_MEDICAL_PROFILE_BMI,Medical Profile BMI Is Percentile Curve,Boolean-like flag indicating whether the row is a percentile curve point.
_MDD_JCT_X_CREDIBLE_NPH_ASC,EHR Assessment Result ID,The ehr assessment result id value sent in the NPH extract.
_MDD_JCT_X_CREDIBLE_NPH_ASC,Appointment ID,The appointment id value sent in the NPH extract.
_MDD_JCT_X_CREDIBLE_NPH_ASC,Score,Some agencies have varchars with error messages
_MDD_JCT_X_CREDIBLE_NPH_ASC,EHR Assessment Type Code,Event measure type used downstream.
_MDD_JCT_X_CREDIBLE_NPH_ASC_AND_BC,Client ID,Unique ID of the Client.
_MDD_JCT_X_CREDIBLE_NPH_ASC_AND_BC,Appointment Start,"The start of the time span, as a date or datetime value."
_MDD_JCT_X_CREDIBLE_NPH_ASC_AND_BC,Brief Counseling Appointment ID,The brief counseling appointment id value sent in the NPH extract.
_MDD_JCT_X_CREDIBLE_NPH_ASSESSMENT_RESULTS,EHR Assessment Result ID,The ehr assessment result id value sent in the NPH extract.
_MDD_JCT_X_CREDIBLE_NPH_ASSESSMENT_RESULTS,Appointment ID,The appointment id value sent in the NPH extract.
_MDD_JCT_X_CREDIBLE_NPH_ASSESSMENT_RESULTS,Score,The score value sent in the NPH extract.
_MDD_JCT_X_CREDIBLE_NPH_ASSESSMENT_RESULTS,EHR Assessment Type Code,The ehr assessment type code value sent in the NPH extract.
_MDD_JCT_X_CREDIBLE_NPH_ASSESSMENT_RESULTS,Type,The type value sent in the NPH extract.
_MDD_JCT_X_CREDIBLE_NPH_ASSESSMENT_RESULTS,Client ID,Unique ID of the Client.
_MDD_JCT_X_CREDIBLE_NPH_ASSESSMENT_RESULTS,Enrollment ID,Unique ID of the Enrollment.
_MDD_JCT_X_CREDIBLE_NPH_ASSESSMENT_RESULTS,Is Custom,The is custom value sent in the NPH extract.
_MDD_JCT_X_CREDIBLE_NPH_ASSESSMENT_RESULTS,Appointment Type Name,The appointment type name value sent in the NPH extract.
_MDD_JCT_X_CREDIBLE_NPH_CLIENT_ADDRESS,AddressID,Unique ID of the Address.
_MDD_JCT_X_CREDIBLE_NPH_CLIENT_ADDRESS,AddressCountryCode,United States (unless otherwise specified)
_MDD_JCT_X_CREDIBLE_NPH_CLIENT_ADDRESS,AddressCountyCode,County of the address in the united states
_MDD_JCT_X_CREDIBLE_NPH_CLIENT_ADDRESS,AddressCity,The address city value sent in the NPH extract.
_MDD_JCT_X_CREDIBLE_NPH_CLIENT_ADDRESS,AddressStateCode,Postal abbreviation of one of the 50 states in the US
_MDD_JCT_X_CREDIBLE_NPH_CLIENT_ADDRESS,AddressStreet1,Primary street information
_MDD_JCT_X_CREDIBLE_NPH_CLIENT_ADDRESS,AddressStreet2,Secondary street information usually unit number or building number
_MDD_JCT_X_CREDIBLE_NPH_CLIENT_ADDRESS,AddressZipCode,The address zip code value sent in the NPH extract.
_MDD_JCT_X_CREDIBLE_NPH_CLIENT_ADDRESS,TypeCode,Back end database value representing the display name usually short hand or numeric
_MDD_JCT_X_CREDIBLE_NPH_CLIENT_ADDRESS,TypeCodeDisplayName,The type code display name value sent in the NPH extract.
_MDD_JCT_X_CREDIBLE_NPH_CLIENT_CLIENT,ClientMRN,End user facing number to identify a patient
_MDD_JCT_X_CREDIBLE_NPH_CLIENT_CLIENT,FirstName,Primary name the patient goes by
_MDD_JCT_X_CREDIBLE_NPH_CLIENT_CLIENT,LastName,Sirname of the patient
_MDD_JCT_X_CREDIBLE_NPH_CLIENT_CLIENT,MiddleName,Middle name of the patient
_MDD_JCT_X_CREDIBLE_NPH_CLIENT_CLIENT,BirthDate,Date of the patients birth
_MDD_JCT_X_CREDIBLE_NPH_CLIENT_CLIENT,DeceasedDate,Date of the patients death
_MDD_JCT_X_CREDIBLE_NPH_CLIENT_CLIENT,EducationLevelCode,Back end database value representing the display name usually short hand or numeric
_MDD_JCT_X_CREDIBLE_NPH_CLIENT_CLIENT,EducationLevelCodeDisplayName,"Human readable Highest level of education that a patient received (HS, 2 year degree, 4 year degree, masters, etc.)"
_MDD_JCT_X_CREDIBLE_NPH_CLIENT_CLIENT,EmploymentStatusCode,Back end database value representing the display name usually short hand or numeric
_MDD_JCT_X_CREDIBLE_NPH_CLIENT_CLIENT,EmploymentStatusCodeDisplayName,The employment status code display name value sent in the NPH extract.
_MDD_JCT_X_CREDIBLE_NPH_CLIENT_CLIENT,EthnicityCode,Back end database value representing the display name usually short hand or numeric
_MDD_JCT_X_CREDIBLE_NPH_CLIENT_CLIENT,EthnicityCodeDisplayName,Human Readable - identifier of belong to a group of shared cultural background
_MDD_JCT_X_CREDIBLE_NPH_CLIENT_CLIENT,GenderCode,Back end database value representing the display name usually short hand or numeric
_MDD_JCT_X_CREDIBLE_NPH_CLIENT_CLIENT,GenderCodeDisplayName,Human Readable -  Designation at birth Male/Female/Unknown
_MDD_JCT_X_CREDIBLE_NPH_CLIENT_CLIENT,GenderIdentityCode,Back end database value representing the display name usually short hand or numeric
_MDD_JCT_X_CREDIBLE_NPH_CLIENT_CLIENT,GenderIdentityCodeDisplayName,Human Readable - Patients belief of appropriate gender designation
_MDD_JCT_X_CREDIBLE_NPH_CLIENT_CLIENT,LivingArrangementCode,The living arrangement code value sent in the NPH extract.
_MDD_JCT_X_CREDIBLE_NPH_CLIENT_CLIENT,LivingArrangementCodeDisplayName,"Human Readable - alternative current residence type more detailed (apartment, friends house, duplex, etc.)"
_MDD_JCT_X_CREDIBLE_NPH_CLIENT_CLIENT,MaritalStatusCode,Back end database value representing the display name usually short hand or numeric
_MDD_JCT_X_CREDIBLE_NPH_CLIENT_CLIENT,MaritalStatusCodeDisplayName,Human Readable - federally recognized relationship status
_MDD_JCT_X_CREDIBLE_NPH_CLIENT_CLIENT,SexualOrientationCode,Back end database value representing the display name usually short hand or numeric
_MDD_JCT_X_CREDIBLE_NPH_CLIENT_CLIENT,SexualOrientationCodeDisplayName,The sexual orientation code display name value sent in the NPH extract.
_MDD_JCT_X_CREDIBLE_NPH_CLIENT_CLIENT,SocialSecurityNumber,The federal unique identifier of the patient in the united states
_MDD_JCT_X_CREDIBLE_NPH_CLIENT_CLIENT,VeteranStatusCode,Back end database value representing the display name usually short hand or numeric
_MDD_JCT_X_CREDIBLE_NPH_CLIENT_CLIENT,VeteranStatusCodeDisplayName,Human Readable - Status of service in the united states military
_MDD_JCT_X_CREDIBLE_NPH_CLIENT_CLIENT,CreatedDate,Day record was created in source system
_MDD_JCT_X_CREDIBLE_NPH_CLIENT_CLIENT,CreatedTime,Time record was created in source system
_MDD_JCT_X_CREDIBLE_NPH_CLIENT_CLIENT,UpdatedDate,Day record was updated in source system if applicable
_MDD_JCT_X_CREDIBLE_NPH_CLIENT_CLIENT,UpdatedTime,Day record was created in source system if applicable
_MDD_JCT_X_CREDIBLE_NPH_CLIENT_CURRENTOCCUPATIONCODE,ParentKey,The parent key value sent in the NPH extract.
_MDD_JCT_X_CREDIBLE_NPH_CLIENT_CURRENTOCCUPATIONCODE,CodedEntryID,The coded entry id value sent in the NPH extract.
_MDD_JCT_X_CREDIBLE_NPH_CLIENT_CURRENTOCCUPATIONCODE,Code,The code value sent in the NPH extract.
_MDD_JCT_X_CREDIBLE_NPH_CLIENT_CURRENTOCCUPATIONCODE,CodeSystem,The code system value sent in the NPH extract.
_MDD_JCT_X_CREDIBLE_NPH_CLIENT_CURRENTOCCUPATIONCODE,DisplayName,The display name value sent in the NPH extract.
_MDD_JCT_X_CREDIBLE_NPH_CLIENT_CURRENTOCCUPATIONCODE,IsActive,The is active value sent in the NPH extract.
_MDD_JCT_X_CREDIBLE_NPH_CLIENT_EMAILACCOUNT,EmailAccountID,Unique identifier for this specific address
_MDD_JCT_X_CREDIBLE_NPH_CLIENT_EMAILACCOUNT,EmailAddress,Unique identifier plus a domain for sending electronic mail
_MDD_JCT_X_CREDIBLE_NPH_CLIENT_EMAILACCOUNT,TypeCode,Back end database value representing the display name usually short hand or numeric
_MDD_JCT_X_CREDIBLE_NPH_CLIENT_EMAILACCOUNT,DisplayName,The display name value sent in the NPH extract.
_MDD_JCT_X_CREDIBLE_NPH_CLIENT_LANGUAGE,LanguageID,Unique ID of the Client.
_MDD_JCT_X_CREDIBLE_NPH_CLIENT_LANGUAGE,Code,Back end database value representing the display name usually short hand or numeric
_MDD_JCT_X_CREDIBLE_NPH_CLIENT_LANGUAGE,DisplayName,The display name value sent in the NPH extract.
_MDD_JCT_X_CREDIBLE_NPH_CLIENT_LANGUAGE,IsPreferred,Identifier if the specific language is the one the patient request to be used in communication
_MDD_JCT_X_CREDIBLE_NPH_CLIENT_LANGUAGE,CodeSystem,The code system value sent in the NPH extract.
_MDD_JCT_X_CREDIBLE_NPH_CLIENT_LANGUAGE,CodeSystemName,The code system name value sent in the NPH extract.
_MDD_JCT_X_CREDIBLE_NPH_CLIENT_PHONENUMBER,PhoneNumberID,Unique identifier for this specific number
_MDD_JCT_X_CREDIBLE_NPH_CLIENT_PHONENUMBER,Number,Combination of digits used for telephonic communication
_MDD_JCT_X_CREDIBLE_NPH_CLIENT_PHONENUMBER,TypeCode,"Human Readable - method of communication usually English, Spanish, French, etc."
_MDD_JCT_X_CREDIBLE_NPH_CLIENT_PHONENUMBER,TypeCodeDisplayName,"Human Readable - category of number work, personal, etc."
_MDD_JCT_X_CREDIBLE_NPH_CLIENT_RACE,CodedEntryID,Unique identifier for this specific language
_MDD_JCT_X_CREDIBLE_NPH_CLIENT_RACE,Code,Back end database value representing the display name usually short hand or numeric
_MDD_JCT_X_CREDIBLE_NPH_CLIENT_RACE,DisplayName,"Human Readable - grouping of patient based on physical characteristics and cultural background, usually White, African American, Asian, etc."
_MDD_JCT_X_CREDIBLE_NPH_CRISIS_CONTACT,EHR Assessment Result ID,The ehr assessment result id value sent in the NPH extract.
_MDD_JCT_X_CREDIBLE_NPH_CRISIS_CONTACT,Appointment ID,The appointment id value sent in the NPH extract.
_MDD_JCT_X_CREDIBLE_NPH_CRISIS_CONTACT,Score,There is no score for CC
_MDD_JCT_X_CREDIBLE_NPH_CRISIS_CONTACT,EHR Assessment Type Code,The ehr assessment type code value sent in the NPH extract.
_MDD_JCT_X_CREDIBLE_NPH_DIAGNOSIS_DIAGNOSIS,DiagnosisID,Unique ID of the Client.
_MDD_JCT_X_CREDIBLE_NPH_DIAGNOSIS_DIAGNOSIS,ClientID,Unique ID of the Client.
_MDD_JCT_X_CREDIBLE_NPH_DIAGNOSIS_DIAGNOSIS,DiagnosisName,Description of condition of patient
_MDD_JCT_X_CREDIBLE_NPH_DIAGNOSIS_DIAGNOSIS,EndDate,End date of diagnosis
_MDD_JCT_X_CREDIBLE_NPH_DIAGNOSIS_DIAGNOSIS,EndTime,End time of diagnosis
_MDD_JCT_X_CREDIBLE_NPH_DIAGNOSIS_DIAGNOSIS,EstimatedOnsetDate,The estimated onset date value sent in the NPH extract.
_MDD_JCT_X_CREDIBLE_NPH_DIAGNOSIS_DIAGNOSIS,EstimatedOnsetTime,The estimated onset time value sent in the NPH extract.
_MDD_JCT_X_CREDIBLE_NPH_DIAGNOSIS_DIAGNOSIS,RankCode,Back end database value representing the display name usually short hand or numeric
_MDD_JCT_X_CREDIBLE_NPH_DIAGNOSIS_DIAGNOSIS,RankCodeDisplayName,"Human Readable: sort order of diagnosis typically primary, secondary, tertiary, etc."
_MDD_JCT_X_CREDIBLE_NPH_DIAGNOSIS_DIAGNOSIS,StartDate,Start date of diagnosis
_MDD_JCT_X_CREDIBLE_NPH_DIAGNOSIS_DIAGNOSIS,StartTime,The start time value sent in the NPH extract.
_MDD_JCT_X_CREDIBLE_NPH_DIAGNOSIS_DIAGNOSIS,TypeCode,The type code value sent in the NPH extract.
_MDD_JCT_X_CREDIBLE_NPH_DIAGNOSIS_DIAGNOSIS,TypeCodeDisplayName,The type code display name value sent in the NPH extract.
_MDD_JCT_X_CREDIBLE_NPH_DIAGNOSIS_DIAGNOSIS,ProgramCode,Back end database value representing the display name usually short hand or numeric
_MDD_JCT_X_CREDIBLE_NPH_DIAGNOSIS_DIAGNOSIS,ProgramCodeDisplayName,Human Readable: Description of regiment of care individual has entered
_MDD_JCT_X_CREDIBLE_NPH_DIAGNOSIS_DIAGNOSIS,CreatedDate,Day record was created in source system
_MDD_JCT_X_CREDIBLE_NPH_DIAGNOSIS_DIAGNOSIS,CreatedTime,The created time value sent in the NPH extract.
_MDD_JCT_X_CREDIBLE_NPH_DIAGNOSIS_DIAGNOSIS,UpdatedDate,The updated date value sent in the NPH extract.
_MDD_JCT_X_CREDIBLE_NPH_DIAGNOSIS_DIAGNOSIS,UpdatedTime,The updated time value sent in the NPH extract.
_MDD_JCT_X_CREDIBLE_NPH_DIAGNOSIS_VOCABULARY,ParentKey,Unique ID of the Client.
_MDD_JCT_X_CREDIBLE_NPH_DIAGNOSIS_VOCABULARY,CodedEntryID,Unique ID of the Client.
_MDD_JCT_X_CREDIBLE_NPH_DIAGNOSIS_VOCABULARY,Code,Back end database value representing the display name usually short hand or numeric
_MDD_JCT_X_CREDIBLE_NPH_DIAGNOSIS_VOCABULARY,CodeSystem,Back end database value representing the display name usually short hand or numeric
_MDD_JCT_X_CREDIBLE_NPH_DIAGNOSIS_VOCABULARY,DisplayName,Human Readable: the actual activity that was performed with the patient
_MDD_JCT_X_CREDIBLE_NPH_DIAGNOSIS_VOCABULARY,CodeSystemName,Human Readable: industry standard categorization name of diagnosis if applicable typically ICD10
_MDD_JCT_X_CREDIBLE_NPH_EHRASSESSMENTRESULT_EHRASSESSMENTRESULT,EhrAssessmentResultID,The ehr assessment result id value sent in the NPH extract.
_MDD_JCT_X_CREDIBLE_NPH_EHRASSESSMENTRESULT_EHRASSESSMENTRESULT,AssessmentDate,The assessment date value sent in the NPH extract.
_MDD_JCT_X_CREDIBLE_NPH_EHRASSESSMENTRESULT_EHRASSESSMENTRESULT,AssessmentTime,The assessment time value sent in the NPH extract.
_MDD_JCT_X_CREDIBLE_NPH_EHRASSESSMENTRESULT_EHRASSESSMENTRESULT,ClientID,The client id value sent in the NPH extract.
_MDD_JCT_X_CREDIBLE_NPH_EHRASSESSMENTRESULT_EHRASSESSMENTRESULT,PerformingProviderID,The performing provider id value sent in the NPH extract.
_MDD_JCT_X_CREDIBLE_NPH_EHRASSESSMENTRESULT_EHRASSESSMENTRESULT,ProgramAdmissionID,The program admission id value sent in the NPH extract.
_MDD_JCT_X_CREDIBLE_NPH_EHRASSESSMENTRESULT_EHRASSESSMENTRESULT,AssessmentTypeCode,The assessment type code value sent in the NPH extract.
_MDD_JCT_X_CREDIBLE_NPH_EHRASSESSMENTRESULT_EHRASSESSMENTRESULT,AssessmentTypeCodeDisplayName,The assessment type code display name value sent in the NPH extract.
_MDD_JCT_X_CREDIBLE_NPH_EHRASSESSMENTRESULT_EHRASSESSMENTRESULT,CreatedDate,The created date value sent in the NPH extract.
_MDD_JCT_X_CREDIBLE_NPH_EHRASSESSMENTRESULT_EHRASSESSMENTRESULT,CreatedTime,The created time value sent in the NPH extract.
_MDD_JCT_X_CREDIBLE_NPH_EHRASSESSMENTRESULT_EHRASSESSMENTRESULT,UpdatedDate,The updated date value sent in the NPH extract.
_MDD_JCT_X_CREDIBLE_NPH_EHRASSESSMENTRESULT_EHRASSESSMENTRESULT,UpdatedTime,The updated time value sent in the NPH extract.
_MDD_JCT_X_CREDIBLE_NPH_EHRASSESSMENTRESULT_EHRASSESSMENTRESULT,EndDate,The end date value sent in the NPH extract.
_MDD_JCT_X_CREDIBLE_NPH_EHRASSESSMENTRESULT_EHRASSESSMENTRESULT,EndTime,The end time value sent in the NPH extract.
_MDD_JCT_X_CREDIBLE_NPH_EHRASSESSMENTRESULT_EHRASSESSMENTRESULT,VisitID,The visit id value sent in the NPH extract.
_MDD_JCT_X_CREDIBLE_NPH_EHRASSESSMENTRESULT_EHRASSESSMENTRESULT,VoidedDate,The voided date value sent in the NPH extract.
_MDD_JCT_X_CREDIBLE_NPH_EHRASSESSMENTRESULT_EHRASSESSMENTRESULT,VoidedTime,The voided time value sent in the NPH extract.
_MDD_JCT_X_CREDIBLE_NPH_EHRASSESSMENTRESULT_SCORING,ParentKey,The parent key value sent in the NPH extract.
_MDD_JCT_X_CREDIBLE_NPH_EHRASSESSMENTRESULT_SCORING,AssessmentScoringID,The assessment scoring id value sent in the NPH extract.
_MDD_JCT_X_CREDIBLE_NPH_EHRASSESSMENTRESULT_SCORING,CategoryIdentifier,The category identifier value sent in the NPH extract.
_MDD_JCT_X_CREDIBLE_NPH_EHRASSESSMENTRESULT_SCORING,Score,The score value sent in the NPH extract.
_MDD_JCT_X_CREDIBLE_NPH_EHRASSESSMENTRESULT_SCORING,MeaningIdentifier,The meaning identifier value sent in the NPH extract.
_MDD_JCT_X_CREDIBLE_NPH_EHRASSESSMENTRESULT_SCORING,ScoredDate,"The start of the time span, as a date or datetime value."
_MDD_JCT_X_CREDIBLE_NPH_EHRASSESSMENTRESULT_SCORING,ScoredTime,"The start of the time span, as a date or datetime value."
_MDD_JCT_X_CREDIBLE_NPH_EHRASSESSMENTRESULT_SCORING,CreatedDate,The date the Appointment record was created.
_MDD_JCT_X_CREDIBLE_NPH_EHRASSESSMENTRESULT_SCORING,CreatedTime,The date the Appointment record was created.
_MDD_JCT_X_CREDIBLE_NPH_EHRASSESSMENTRESULT_SCORING,UpdatedDate,The date the Appointment record was last updated.
_MDD_JCT_X_CREDIBLE_NPH_EHRASSESSMENTRESULT_SCORING,UpdatedTime,The date the Appointment record was last updated.
_MDD_JCT_X_CREDIBLE_NPH_EHRASSESSMENTRESULT_VOCABULARY,ParentKey,The parent key value sent in the NPH extract.
_MDD_JCT_X_CREDIBLE_NPH_EHRASSESSMENTRESULT_VOCABULARY,CodedEntryID,The coded entry id value sent in the NPH extract.
_MDD_JCT_X_CREDIBLE_NPH_EHRASSESSMENTRESULT_VOCABULARY,Code,The code value sent in the NPH extract.
_MDD_JCT_X_CREDIBLE_NPH_EHRASSESSMENTRESULT_VOCABULARY,CodeSystem,The code system value sent in the NPH extract.
_MDD_JCT_X_CREDIBLE_NPH_EHRASSESSMENTRESULT_VOCABULARY,CodeSystemName,The code system name value sent in the NPH extract.
_MDD_JCT_X_CREDIBLE_NPH_EHRASSESSMENTRESULT_VOCABULARY,DisplayName,The display name value sent in the NPH extract.
_MDD_JCT_X_CREDIBLE_NPH_EHRASSESSMENTRESULT_VOCABULARY,ProgramAdmissionID,Unique ID of the Enrollment.
_MDD_JCT_X_CREDIBLE_NPH_EVENTS,Event ID,The event id value sent in the NPH extract.
_MDD_JCT_X_CREDIBLE_NPH_EVENTS,Event Date,The event date value sent in the NPH extract.
_MDD_JCT_X_CREDIBLE_NPH_EVENTS,Client ID,The client id value sent in the NPH extract.
_MDD_JCT_X_CREDIBLE_NPH_EVENTS,Appointment ID,The appointment id value sent in the NPH extract.
_MDD_JCT_X_CREDIBLE_NPH_EVENTS,User ID,The user id value sent in the NPH extract.
_MDD_JCT_X_CREDIBLE_NPH_EVENTS,Enrollment ID,The enrollment id value sent in the NPH extract.
_MDD_JCT_X_CREDIBLE_NPH_EVENTS,Appointment Type Name,The appointment type name value sent in the NPH extract.
_MDD_JCT_X_CREDIBLE_NPH_EVENTS,Appointment Created Date,The appointment created date value sent in the NPH extract.
_MDD_JCT_X_CREDIBLE_NPH_EVENTS,Appointment Updated Date,The appointment updated date value sent in the NPH extract.
_MDD_JCT_X_CREDIBLE_NPH_EVENTS,Appointment End,The appointment end value sent in the NPH extract.
_MDD_JCT_X_CREDIBLE_NPH_EVENTS,Appointment Start,The appointment start value sent in the NPH extract.
_MDD_JCT_X_CREDIBLE_NPH_EVENTS,EHR Assessment Type Code,The ehr assessment type code value sent in the NPH extract.
_MDD_JCT_X_CREDIBLE_NPH_EVENTS,Event Type,The event type value sent in the NPH extract.
_MDD_JCT_X_CREDIBLE_NPH_EVENTS,Score,The score value sent in the NPH extract.
_MDD_JCT_X_CREDIBLE_NPH_FIRST_CONTACT,EHR Assessment Result ID,The ehr assessment result id value sent in the NPH extract.
_MDD_JCT_X_CREDIBLE_NPH_FIRST_CONTACT,Appointment ID,The appointment id value sent in the NPH extract.
_MDD_JCT_X_CREDIBLE_NPH_FIRST_CONTACT,Score,There is no score for FC
_MDD_JCT_X_CREDIBLE_NPH_FIRST_CONTACT,EHR Assessment Type Code,The ehr assessment type code value sent in the NPH extract.
_MDD_JCT_X_CREDIBLE_NPH_INCLUSION_CLIENT_YELLOW_LIGHT,Client ID,The client id value sent in the NPH extract.
_MDD_JCT_X_CREDIBLE_NPH_INCLUSION_EHRASSESS,Appointment ID,Unique ID of the Appointment.
_MDD_JCT_X_CREDIBLE_NPH_INCLUSION_ENROLLMENTS_X,Enrollment ID,Enrollment (episode) identifier included for enrollment-based NPH exports.
_MDD_JCT_X_CREDIBLE_NPH_INCLUSION_ENROLLMENTS_X,Client ID,Client identifier associated with the included enrollment.
_MDD_JCT_X_CREDIBLE_NPH_INCLUSION_ENROLLMENTS_X,Program ID,Program identifier associated with the included enrollment.
_MDD_JCT_X_CREDIBLE_NPH_INCLUSION_PROGRAMS,Program ID,The program id value sent in the NPH extract.
_MDD_JCT_X_CREDIBLE_NPH_INCLUSION_USERS,User ID,The user id value sent in the NPH extract.
_MDD_JCT_X_CREDIBLE_NPH_INCLUSION_VISITS,Appointment ID,Unique ID of the Appointment.
_MDD_JCT_X_CREDIBLE_NPH_INSURANCEPOLICY_INSURANCEPOLICY,ClientID,Unique ID of the Client.
_MDD_JCT_X_CREDIBLE_NPH_INSURANCEPOLICY_INSURANCEPOLICY,ProgramCode,ProgramCode from ProgramAdmission collection
_MDD_JCT_X_CREDIBLE_NPH_INSURANCEPOLICY_INSURANCEPOLICY,ProgramCodeDisplayName,ProgramCodeDisplayName from ProgramAdmission collection
_MDD_JCT_X_CREDIBLE_NPH_INSURANCEPOLICY_INSURANCEPOLICY,BillingOrder,Integer value indicating priority of use with ClientID
_MDD_JCT_X_CREDIBLE_NPH_INSURANCEPOLICY_INSURANCEPOLICY,CarrierName,Human Readable: name of insurance agency
_MDD_JCT_X_CREDIBLE_NPH_INSURANCEPOLICY_INSURANCEPOLICY,CarrierOID,Back end database value representing the display name industry identifier
_MDD_JCT_X_CREDIBLE_NPH_INSURANCEPOLICY_INSURANCEPOLICY,EffectiveDate,Begin date of the policy
_MDD_JCT_X_CREDIBLE_NPH_INSURANCEPOLICY_INSURANCEPOLICY,EffectiveTime,Begin time of the policy
_MDD_JCT_X_CREDIBLE_NPH_INSURANCEPOLICY_INSURANCEPOLICY,ExpirationDate,End Date of the policy
_MDD_JCT_X_CREDIBLE_NPH_INSURANCEPOLICY_INSURANCEPOLICY,ExpirationTime,End Time of the policy
_MDD_JCT_X_CREDIBLE_NPH_INSURANCEPOLICY_INSURANCEPOLICY,GroupName,Human Readable: name of policy group number
_MDD_JCT_X_CREDIBLE_NPH_INSURANCEPOLICY_INSURANCEPOLICY,GroupNumber,Policy group number if applicable
_MDD_JCT_X_CREDIBLE_NPH_INSURANCEPOLICY_INSURANCEPOLICY,InsuranceTypeCode,Back end database value representing the display name code type
_MDD_JCT_X_CREDIBLE_NPH_INSURANCEPOLICY_INSURANCEPOLICY,InsuranceTypeCodeDisplayName,"Human Readable: name of insurance type, usually Medicaid, Medicare, Managed, Other"
_MDD_JCT_X_CREDIBLE_NPH_INSURANCEPOLICY_INSURANCEPOLICY,InsuranceTypeCodeSystem,The insurance type code system value sent in the NPH extract.
_MDD_JCT_X_CREDIBLE_NPH_INSURANCEPOLICY_INSURANCEPOLICY,InsuranceTypeCodeSystemName,The insurance type code system name value sent in the NPH extract.
_MDD_JCT_X_CREDIBLE_NPH_INSURANCEPOLICY_INSURANCEPOLICY,MedicaidNumber,Dedicated Medicaid policy number
_MDD_JCT_X_CREDIBLE_NPH_INSURANCEPOLICY_INSURANCEPOLICY,MedicareNumber,Dedicated Medicare policy number
_MDD_JCT_X_CREDIBLE_NPH_INSURANCEPOLICY_INSURANCEPOLICY,PolicyName,Human Readable: name of policy
_MDD_JCT_X_CREDIBLE_NPH_INSURANCEPOLICY_INSURANCEPOLICY,PolicyNumber,Policy number of insurance record
_MDD_JCT_X_CREDIBLE_NPH_INSURANCEPOLICY_INSURANCEPOLICY,StatusCode,Back end database value representing the display name usually short hand or numeric
_MDD_JCT_X_CREDIBLE_NPH_INSURANCEPOLICY_INSURANCEPOLICY,CreatedDate,Day record was created in source system
_MDD_JCT_X_CREDIBLE_NPH_INSURANCEPOLICY_INSURANCEPOLICY,CreatedTime,Time record was created in source system
_MDD_JCT_X_CREDIBLE_NPH_INSURANCEPOLICY_INSURANCEPOLICY,UpdatedDate,Day record was updated in source system if applicable
_MDD_JCT_X_CREDIBLE_NPH_INSURANCEPOLICY_INSURANCEPOLICY,UpdatedTime,Day record was created in source system if applicable
_MDD_JCT_X_CREDIBLE_NPH_INSURANCEPOLICY_INSURANCEPOLICY,JCTPayerTypeID,The unique ID of the payer type itself
_MDD_JCT_X_CREDIBLE_NPH_INSURANCEPOLICY_INSURANCEPOLICY,JCTPayerTypeIDCode,A two digit type code assigned by Credible
_MDD_JCT_X_CREDIBLE_NPH_INSURANCEPOLICY_INSURANCEPOLICY,JCTClassCode,A two-character code assigned to the Payer Type in Credible by the agency via payer configuration.
_MDD_JCT_X_CREDIBLE_NPH_INSURANCEPOLICY_INSURANCEPOLICY,JCTPayerTypeIsSelfPay,True/False value inidicating if the agency described the payer type as a self-pay type.
_MDD_JCT_X_CREDIBLE_NPH_INSURANCEPOLICY_INSURANCEPOLICY,JCTPayerTypeCMS,"A one-character code associated with CMS, assigned by Credible based on the agency's classification of the type. Value examples include C, G, O ,T and D"
_MDD_JCT_X_CREDIBLE_NPH_INSURANCEPOLICY_INSURANCEPOLICY,JCTPayerTypeName,The free-text name of the payer type provided by the agency when creating the payer type.
_MDD_JCT_X_CREDIBLE_NPH_INSURANCEPOLICY_INSURANCEPOLICY,JCTPayerID,The unique ID of the payer
_MDD_JCT_X_CREDIBLE_NPH_INSURANCEPOLICY_INSURANCEPOLICY,JCTPayerID270,"The ID of the payer on a 270 submission. These will not be unique across payer ids, as multiple payer records may exist for the same responsible party."
_MDD_JCT_X_CREDIBLE_NPH_INSURANCEPOLICY_INSURANCEPOLICY,JCTPayerName,"The free-text field, used by the agency to describe the payer."
_MDD_JCT_X_CREDIBLE_NPH_INSURANCEPOLICY_INSURANCEPOLICY,JCTPayerIsMedicare,"Whether the agency specified that the payer, as opposed to its type, is a Medicare payer."
_MDD_JCT_X_CREDIBLE_NPH_INSURANCEPOLICY_INSURANCEPOLICY,JCTPayerIsMedicad,"Whether the agency specified that the payer, as opposed to its type, is a Medicaid payer."
_MDD_JCT_X_CREDIBLE_NPH_INSURANCEPOLICY_INSURANCEPOLICY,JCTPayerIsSelfPay,"Whether the agency specified that the payer, as opposed to its type, is self-pay payer."
_MDD_JCT_X_CREDIBLE_NPH_INSURANCEPOLICY_INSURANCEPOLICY,JCTPayerIsCMS,"Whether the agency specified that the payer, as opposed to its type, is CMS."
_MDD_JCT_X_CREDIBLE_NPH_INSURANCEPOLICY_INSURANCEPOLICY,JCTPayerIsMultiSubmitter,"I *think* this indicates if the payer is actually a clearinghouse, billing service, or external health system compleing external billing for the agency."
_MDD_JCT_X_CREDIBLE_NPH_INSURANCEPOLICY_INSURANCEPOLICY,JCTPayerGroupID,"I *think* this is for when agencies are using external billers, to organize the payers for the external clearinghouse(?)."
_MDD_JCT_X_CREDIBLE_NPH_LABORATORYORDER_LABORATORYORDER,OrderID,Unique ID of the Lab Test.
_MDD_JCT_X_CREDIBLE_NPH_LABORATORYORDER_LABORATORYORDER,ClientID,Unique ID of the Client.
_MDD_JCT_X_CREDIBLE_NPH_LABORATORYORDER_LABORATORYORDER,ProgramAdmissionID,Unique ID of the Enrollment.
_MDD_JCT_X_CREDIBLE_NPH_LABORATORYORDER_LABORATORYORDER,LaboratoryCompendumID,External Lab compendium ID
_MDD_JCT_X_CREDIBLE_NPH_LABORATORYORDER_LABORATORYORDER,LaboratoryID,Unique ID of the Lab Facility.
_MDD_JCT_X_CREDIBLE_NPH_LABORATORYORDER_LABORATORYORDER,LaboratoryOrderTypeCode,The order type value as shaped by this module. A source SQL comment notes that the human-readable mapping of order type code values is still pending confirmation. Human-readable order-type mappings are still pending external confirmation.
_MDD_JCT_X_CREDIBLE_NPH_LABORATORYORDER_LABORATORYORDER,LaboratoryOrderTypeCodeDisplayName,The order type value as shaped by this module. A source SQL comment notes that the human-readable mapping of order type code values is still pending confirmation. Human-readable order-type mappings are still pending external confirmation.
_MDD_JCT_X_CREDIBLE_NPH_LABORATORYORDER_LABORATORYORDER,SpecimenCollectedDate,Date specimen collected
_MDD_JCT_X_CREDIBLE_NPH_LABORATORYORDER_LABORATORYORDER,SpecimenCollectedTime,Time specimen collected
_MDD_JCT_X_CREDIBLE_NPH_LABORATORYORDER_LABORATORYORDER,TestDescription,Human Readable: Description of the Lab Order
_MDD_JCT_X_CREDIBLE_NPH_LABORATORYORDER_LABORATORYORDER,TestName,Name of the Lab Test ordered
_MDD_JCT_X_CREDIBLE_NPH_LABORATORYORDER_LABORATORYORDER,OrderedDate,When a time span is just one day.
_MDD_JCT_X_CREDIBLE_NPH_LABORATORYORDER_LABORATORYORDER,OrderedTime,When a time span is just one day.
_MDD_JCT_X_CREDIBLE_NPH_LABORATORYORDER_LABORATORYORDER,OrderNumber,Lab order identification number
_MDD_JCT_X_CREDIBLE_NPH_LABORATORYORDER_LABORATORYORDER,StatusCode,The status recorded for the order item.
_MDD_JCT_X_CREDIBLE_NPH_LABORATORYORDER_LABORATORYORDER,StatusCodeDisplayName,The status recorded for the order item.
_MDD_JCT_X_CREDIBLE_NPH_LABORATORYORDER_LABORATORYORDER,VisitID,Can't tie to Client Visit record. foreign key to Visit collection
_MDD_JCT_X_CREDIBLE_NPH_LABORATORYORDER_LABORATORYORDER,CreatedDate,The date the Order record was created.
_MDD_JCT_X_CREDIBLE_NPH_LABORATORYORDER_LABORATORYORDER,CreatedTime,The date the Order record was created.
_MDD_JCT_X_CREDIBLE_NPH_LABORATORYORDER_LABORATORYORDER,UpdatedDate,The date the Order record was last updated.
_MDD_JCT_X_CREDIBLE_NPH_LABORATORYORDER_LABORATORYORDER,UpdatedTime,The date the Order record was last updated.
_MDD_JCT_X_CREDIBLE_NPH_LABORATORYORDER_LABORATORYORDER_REASONCODE,ParentKey,The parent key value sent in the NPH extract.
_MDD_JCT_X_CREDIBLE_NPH_LABORATORYORDER_LABORATORYORDER_REASONCODE,CodedEntryID,The coded entry id value sent in the NPH extract.
_MDD_JCT_X_CREDIBLE_NPH_LABORATORYORDER_LABORATORYORDER_REASONCODE,Order ID,Unique ID of the Order.
_MDD_JCT_X_CREDIBLE_NPH_LABORATORYORDER_LABORATORYORDER_REASONCODE,Code,The code value sent in the NPH extract.
_MDD_JCT_X_CREDIBLE_NPH_LABORATORYORDER_LABORATORYORDER_REASONCODE,CodeSystem,The code system value sent in the NPH extract.
_MDD_JCT_X_CREDIBLE_NPH_LABORATORYORDER_LABORATORYORDER_REASONCODE,CodeSystemName,The code system name value sent in the NPH extract.
_MDD_JCT_X_CREDIBLE_NPH_LABORATORYORDER_LABORATORYORDER_REASONCODE,DisplayName,The display name value sent in the NPH extract.
_MDD_JCT_X_CREDIBLE_NPH_LABORATORYRESULT_LABORATORYRESULT,LaboratoryResultID,Unique ID of the Lab Test Result.
_MDD_JCT_X_CREDIBLE_NPH_LABORATORYRESULT_LABORATORYRESULT,ClientID,Unique ID of the Client.
_MDD_JCT_X_CREDIBLE_NPH_LABORATORYRESULT_LABORATORYRESULT,ProgramAdmissionID,Unique ID of the Enrollment.
_MDD_JCT_X_CREDIBLE_NPH_LABORATORYRESULT_LABORATORYRESULT,LaboratoryOrderID,The laboratory order id value sent in the NPH extract.
_MDD_JCT_X_CREDIBLE_NPH_LABORATORYRESULT_LABORATORYRESULT,OrderedDate,The ordered date value sent in the NPH extract.
_MDD_JCT_X_CREDIBLE_NPH_LABORATORYRESULT_LABORATORYRESULT,OrderedTime,The ordered time value sent in the NPH extract.
_MDD_JCT_X_CREDIBLE_NPH_LABORATORYRESULT_LABORATORYRESULT,ReceivedDate,The received date value sent in the NPH extract.
_MDD_JCT_X_CREDIBLE_NPH_LABORATORYRESULT_LABORATORYRESULT,ReceivedTime,The received time value sent in the NPH extract.
_MDD_JCT_X_CREDIBLE_NPH_LABORATORYRESULT_LABORATORYRESULT,CreatedDate,The created date value sent in the NPH extract.
_MDD_JCT_X_CREDIBLE_NPH_LABORATORYRESULT_LABORATORYRESULT,CreatedTime,The created time value sent in the NPH extract.
_MDD_JCT_X_CREDIBLE_NPH_LABORATORYRESULT_LABORATORYRESULT,UpdatedDate,The updated date value sent in the NPH extract.
_MDD_JCT_X_CREDIBLE_NPH_LABORATORYRESULT_LABORATORYRESULT,UpdatedTime,The updated time value sent in the NPH extract.
_MDD_JCT_X_CREDIBLE_NPH_LABORATORYRESULT_LABORATORYRESULTTEST,LaboratoryResultID,Unique ID of the Lab Test Result.
_MDD_JCT_X_CREDIBLE_NPH_LABORATORYRESULT_LABORATORYRESULTTEST,LaboratoryResultTestID,Unique ID of the Lab Test Result.
_MDD_JCT_X_CREDIBLE_NPH_LABORATORYRESULT_LABORATORYRESULTTEST,ProgramAdmissionID,Unique ID of the Enrollment.
_MDD_JCT_X_CREDIBLE_NPH_LABORATORYRESULT_LABORATORYRESULTTEST,LaboratoryOrderID,The laboratory order id value sent in the NPH extract.
_MDD_JCT_X_CREDIBLE_NPH_LABORATORYRESULT_LABORATORYRESULTTEST,BillingCode,The billing code value sent in the NPH extract.
_MDD_JCT_X_CREDIBLE_NPH_LABORATORYRESULT_LABORATORYRESULTTEST,BillingCodeSystem,The billing code system value sent in the NPH extract.
_MDD_JCT_X_CREDIBLE_NPH_LABORATORYRESULT_LABORATORYRESULTTEST,BillingCodeName,The billing code name value sent in the NPH extract.
_MDD_JCT_X_CREDIBLE_NPH_LABORATORYRESULT_LABORATORYRESULTTEST,BillingCodeDisplayName,The billing code display name value sent in the NPH extract.
_MDD_JCT_X_CREDIBLE_NPH_LABORATORYRESULT_LABORATORYRESULTTEST,StatusCode,The status recorded for the order item.
_MDD_JCT_X_CREDIBLE_NPH_LABORATORYRESULT_LABORATORYRESULTTEST,StatusCodeDisplayName,The status recorded for the order item.
_MDD_JCT_X_CREDIBLE_NPH_LABORATORYRESULT_LABORATORYRESULTTEST,LaboratoryTestDescription,The laboratory test description value sent in the NPH extract.
_MDD_JCT_X_CREDIBLE_NPH_LABORATORYRESULT_LABORATORYRESULTTEST,LaboratoryTestName,The laboratory test name value sent in the NPH extract.
_MDD_JCT_X_CREDIBLE_NPH_LABORATORYRESULT_LABORATORYRESULTTESTOBSERVATION,LaboratoryResultID,Unique ID of the Lab Test Result.
_MDD_JCT_X_CREDIBLE_NPH_LABORATORYRESULT_LABORATORYRESULTTESTOBSERVATION,LaboratoryResultTestID,Unique ID of the Lab Test Result.
_MDD_JCT_X_CREDIBLE_NPH_LABORATORYRESULT_LABORATORYRESULTTESTOBSERVATION,LaboratoryResultTestObservationID,Unique ID of the Lab Test Result.
_MDD_JCT_X_CREDIBLE_NPH_LABORATORYRESULT_LABORATORYRESULTTESTOBSERVATION,ProgramAdmissionID,Unique ID of the Enrollment.
_MDD_JCT_X_CREDIBLE_NPH_LABORATORYRESULT_LABORATORYRESULTTESTOBSERVATION,AbnormalFlags,The abnormal flags value sent in the NPH extract.
_MDD_JCT_X_CREDIBLE_NPH_LABORATORYRESULT_LABORATORYRESULTTESTOBSERVATION,Description,The description value sent in the NPH extract.
_MDD_JCT_X_CREDIBLE_NPH_LABORATORYRESULT_LABORATORYRESULTTESTOBSERVATION,EnteredDate,The entered date value sent in the NPH extract.
_MDD_JCT_X_CREDIBLE_NPH_LABORATORYRESULT_LABORATORYRESULTTESTOBSERVATION,EnteredTime,The entered time value sent in the NPH extract.
_MDD_JCT_X_CREDIBLE_NPH_LABORATORYRESULT_LABORATORYRESULTTESTOBSERVATION,ObservedDate,The observed date value sent in the NPH extract.
_MDD_JCT_X_CREDIBLE_NPH_LABORATORYRESULT_LABORATORYRESULTTESTOBSERVATION,ObservedTime,The observed time value sent in the NPH extract.
_MDD_JCT_X_CREDIBLE_NPH_LABORATORYRESULT_LABORATORYRESULTTESTOBSERVATION,ObservedValueUnit,The observed value unit value sent in the NPH extract.
_MDD_JCT_X_CREDIBLE_NPH_LABORATORYRESULT_LABORATORYRESULTTESTOBSERVATION,ObservedValue,The observed value value sent in the NPH extract.
_MDD_JCT_X_CREDIBLE_NPH_LABORATORYRESULT_LABORATORYRESULTTESTOBSERVATION,ReferenceRange,The reference range value sent in the NPH extract.
_MDD_JCT_X_CREDIBLE_NPH_LOCATION_LOCATION,LocationTypeCode,Back end database value representing the display name usually short hand or numeric
_MDD_JCT_X_CREDIBLE_NPH_LOCATION_LOCATION,LocationTypeCodeDisplayName,The location type code display name value sent in the NPH extract.
_MDD_JCT_X_CREDIBLE_NPH_LOCATION_LOCATION,ManagingOrganizationID,Master Organization ID
_MDD_JCT_X_CREDIBLE_NPH_LOCATION_LOCATION,NPI,"NPI Identifier for the location, numeric"
_MDD_JCT_X_CREDIBLE_NPH_LOCATION_LOCATION,OperationalStatusCode,Back end database value representing the display name usually short hand or numeric
_MDD_JCT_X_CREDIBLE_NPH_LOCATION_LOCATION,OperationalStatusCodeDisplayName,Human Readable: Operational Status of location
_MDD_JCT_X_CREDIBLE_NPH_LOCATION_LOCATION,ParentLocationID,Foreign key to Location Collection
_MDD_JCT_X_CREDIBLE_NPH_LOCATION_LOCATION,PhysicalTypeCode,Back end database value representing the display name usually short hand or numeric
_MDD_JCT_X_CREDIBLE_NPH_LOCATION_LOCATION,PhysicalTypeCodeDisplayName,The physical type code display name value sent in the NPH extract.
_MDD_JCT_X_CREDIBLE_NPH_LOCATION_LOCATION,StateLicenseNumber,"License number of location, State specific"
_MDD_JCT_X_CREDIBLE_NPH_LOCATION_LOCATION,StatusCode,Back end database value representing the display name usually short hand or numeric - recommended to use code set 2.16.840.1.113883.4.642.4.333
_MDD_JCT_X_CREDIBLE_NPH_LOCATION_LOCATION,StatusCodeDisplayName,Human Readable: Status of location
_MDD_JCT_X_CREDIBLE_NPH_LOCATION_LOCATION,AddressCity,City mailing address of location
_MDD_JCT_X_CREDIBLE_NPH_LOCATION_LOCATION,AddressCountryCode,Country mailing address of location
_MDD_JCT_X_CREDIBLE_NPH_LOCATION_LOCATION,AddressCountyCode,County mailing address of location
_MDD_JCT_X_CREDIBLE_NPH_LOCATION_LOCATION,AddressStateCode,State mailing address of location
_MDD_JCT_X_CREDIBLE_NPH_LOCATION_LOCATION,AddressStreet1,Primary Street address of location
_MDD_JCT_X_CREDIBLE_NPH_LOCATION_LOCATION,AddressStreet2,Secondary Street address of location
_MDD_JCT_X_CREDIBLE_NPH_LOCATION_LOCATION,AddressZipCode,The address zip code value sent in the NPH extract.
_MDD_JCT_X_CREDIBLE_NPH_LOCATION_LOCATION,LocationName,Human Readable: Description of location
_MDD_JCT_X_CREDIBLE_NPH_LOCATION_LOCATION,PhoneNumber,Phone number of location
_MDD_JCT_X_CREDIBLE_NPH_LOCATION_LOCATION,CreatedDate,Day record was created in source system
_MDD_JCT_X_CREDIBLE_NPH_LOCATION_LOCATION,CreatedTime,Time record was created in source system
_MDD_JCT_X_CREDIBLE_NPH_LOCATION_LOCATION,UpdatedDate,The updated date value sent in the NPH extract.
_MDD_JCT_X_CREDIBLE_NPH_LOCATION_LOCATION,UpdatedTime,Day record was created in source system if applicable
_MDD_JCT_X_CREDIBLE_NPH_MEDICATIONORDER_MEDICATIONORDER,OrderID,Unique ID of the Order Item.
_MDD_JCT_X_CREDIBLE_NPH_MEDICATIONORDER_MEDICATIONORDER,ClientID,Unique ID of the Client.
_MDD_JCT_X_CREDIBLE_NPH_MEDICATIONORDER_MEDICATIONORDER,ProgramAdmissionID,Unique ID of the Enrollment.
_MDD_JCT_X_CREDIBLE_NPH_MEDICATIONORDER_MEDICATIONORDER,EndDate,End date of the medication order as it exists in the EHR (the date when a provider intends the medication order to stop being administered or when the treatment period ends).
_MDD_JCT_X_CREDIBLE_NPH_MEDICATIONORDER_MEDICATIONORDER,EndTime,End time of the medication order as it exists in the EHR (the timewhen a provider intends the medication order to stop being administered or when the treatment period ends).
_MDD_JCT_X_CREDIBLE_NPH_MEDICATIONORDER_MEDICATIONORDER,Medication Instructions Combined,"Route per frequency of medication by a prescriber, typcailly associated with medication."
_MDD_JCT_X_CREDIBLE_NPH_MEDICATIONORDER_MEDICATIONORDER,FrequencyCode,Back end database value representing the display name
_MDD_JCT_X_CREDIBLE_NPH_MEDICATIONORDER_MEDICATIONORDER,FrequenceCodeDisplayName,The frequence code display name value sent in the NPH extract.
_MDD_JCT_X_CREDIBLE_NPH_MEDICATIONORDER_MEDICATIONORDER,FrequencyCodeSystem,The frequency code system value sent in the NPH extract.
_MDD_JCT_X_CREDIBLE_NPH_MEDICATIONORDER_MEDICATIONORDER,FrequencyCodeSystemName,Human Readable: the medication ordered for the patient usually related to the vocabulary
_MDD_JCT_X_CREDIBLE_NPH_MEDICATIONORDER_MEDICATIONORDER,FrequencyDescription,"Route per frequency of medication by a prescriber, typcailly associated with medication."
_MDD_JCT_X_CREDIBLE_NPH_MEDICATIONORDER_MEDICATIONORDER,OrderedDate,Date ordered med
_MDD_JCT_X_CREDIBLE_NPH_MEDICATIONORDER_MEDICATIONORDER,OrderedTime,Time ordered med
_MDD_JCT_X_CREDIBLE_NPH_MEDICATIONORDER_MEDICATIONORDER,OrderingProviderID,Back end database value representing provider id
_MDD_JCT_X_CREDIBLE_NPH_MEDICATIONORDER_MEDICATIONORDER,OrderNumber,Order number
_MDD_JCT_X_CREDIBLE_NPH_MEDICATIONORDER_MEDICATIONORDER,PrescriberName,The ordering prescriber's name.
_MDD_JCT_X_CREDIBLE_NPH_MEDICATIONORDER_MEDICATIONORDER,StartDate,Begin date of med order
_MDD_JCT_X_CREDIBLE_NPH_MEDICATIONORDER_MEDICATIONORDER,StartTime,Begin time of med order
_MDD_JCT_X_CREDIBLE_NPH_MEDICATIONORDER_MEDICATIONORDER,StatusCode,The status of the order as shaped by this module. This status is determined by module logic using whether the order end date is missing or in the future.
_MDD_JCT_X_CREDIBLE_NPH_MEDICATIONORDER_MEDICATIONORDER,StatusCodeDisplayName,The status of the order as shaped by this module. This status is determined by module logic using whether the order end date is missing or in the future.
_MDD_JCT_X_CREDIBLE_NPH_MEDICATIONORDER_MEDICATIONORDER,VisitID,Foreign key to Visit collection
_MDD_JCT_X_CREDIBLE_NPH_MEDICATIONORDER_MEDICATIONORDER,CreatedDate,Day record was created in source system
_MDD_JCT_X_CREDIBLE_NPH_MEDICATIONORDER_MEDICATIONORDER,CreatedTime,Time record was created in source system
_MDD_JCT_X_CREDIBLE_NPH_MEDICATIONORDER_MEDICATIONORDER,UpdatedDate,The updated date value sent in the NPH extract.
_MDD_JCT_X_CREDIBLE_NPH_MEDICATIONORDER_MEDICATIONORDER,UpdatedTime,Day record was created in source system if applicable
_MDD_JCT_X_CREDIBLE_NPH_MEDICATIONORDER_MEDICATIONORDERPRESCRIPTION,OrderID,Unique ID of the Order Item.
_MDD_JCT_X_CREDIBLE_NPH_MEDICATIONORDER_MEDICATIONORDERPRESCRIPTION,PrescriptionID,Unique ID of the Order Item.
_MDD_JCT_X_CREDIBLE_NPH_MEDICATIONORDER_MEDICATIONORDERPRESCRIPTION,ClientID,Unique ID of the Client.
_MDD_JCT_X_CREDIBLE_NPH_MEDICATIONORDER_MEDICATIONORDERPRESCRIPTION,ProgramAdmissionID,Unique ID of the Enrollment.
_MDD_JCT_X_CREDIBLE_NPH_MEDICATIONORDER_MEDICATIONORDERPRESCRIPTION,DiscontinueReasonCode,Credible infoschema doesn't reveal any fields that suggest that this is stored. back end database value representing the display name
_MDD_JCT_X_CREDIBLE_NPH_MEDICATIONORDER_MEDICATIONORDERPRESCRIPTION,DiscontinueReasonCodeDisplayName,Credible infoschema doesn't reveal any fields that suggest that this is stored. Human Readable: Reason for medication being discontinued
_MDD_JCT_X_CREDIBLE_NPH_MEDICATIONORDER_MEDICATIONORDERPRESCRIPTION,DispenseQuantityUnit,"There are a variety of data that this could be, but I'm not sure if we're reporting that amount that WAS dispensed (Inpatient would have that? But not most of our KS agencies) or the amount TO dispense from the pharma."
_MDD_JCT_X_CREDIBLE_NPH_MEDICATIONORDER_MEDICATIONORDERPRESCRIPTION,DispenseQuantityUnitCode,Same as previous field
_MDD_JCT_X_CREDIBLE_NPH_MEDICATIONORDER_MEDICATIONORDERPRESCRIPTION,DispenseQuantityUnitCodeSystem,Same as previous field
_MDD_JCT_X_CREDIBLE_NPH_MEDICATIONORDER_MEDICATIONORDERPRESCRIPTION,DispenseQuantityUnitCodeDisplayName,Same as previous field
_MDD_JCT_X_CREDIBLE_NPH_MEDICATIONORDER_MEDICATIONORDERPRESCRIPTION,DispenseQuantityValue,Same as previous field
_MDD_JCT_X_CREDIBLE_NPH_MEDICATIONORDER_MEDICATIONORDERPRESCRIPTION,DurationInDays,I'm sending what the Meds system in Credible would call the number of days suppy requested as part of the Rx Duration in number of days medication prescription is active
_MDD_JCT_X_CREDIBLE_NPH_MEDICATIONORDER_MEDICATIONORDERPRESCRIPTION,EarliestFillDate,"Not sure where I'd pull this; but, I can offer the date_created or the start_date First Date Medication  can be filled"
_MDD_JCT_X_CREDIBLE_NPH_MEDICATIONORDER_MEDICATIONORDERPRESCRIPTION,EarliestFillTime,Same as above.
_MDD_JCT_X_CREDIBLE_NPH_MEDICATIONORDER_MEDICATIONORDERPRESCRIPTION,FormCode,Don't know the definition of this field. Structure of medication usually
_MDD_JCT_X_CREDIBLE_NPH_MEDICATIONORDER_MEDICATIONORDERPRESCRIPTION,FormCodeSystem,Don't know the definition of this field. back end database value representing the display name
_MDD_JCT_X_CREDIBLE_NPH_MEDICATIONORDER_MEDICATIONORDERPRESCRIPTION,FormCodeSystemName,Don't know the definition of this field. back end database value representing the system name oid
_MDD_JCT_X_CREDIBLE_NPH_MEDICATIONORDER_MEDICATIONORDERPRESCRIPTION,FormCodeDisplayName,"Don't know the definition of this field. Human Readable: End user friendly description of Form Pill, Injectable, Topical"
_MDD_JCT_X_CREDIBLE_NPH_MEDICATIONORDER_MEDICATIONORDERPRESCRIPTION,ExpirationDate,"I don't see data in Credible's Medication table(s) that would indicate the expiration of an Rx. I see end date, but not associated with Meds specifically, but a medication schedule for inpatient. Date Medication expires"
_MDD_JCT_X_CREDIBLE_NPH_MEDICATIONORDER_MEDICATIONORDERPRESCRIPTION,ExpirationTime,Same comment as Expiration Date Time Medication expires
_MDD_JCT_X_CREDIBLE_NPH_MEDICATIONORDER_MEDICATIONORDERPRESCRIPTION,LotNumber,Lot number data exist in Credible only in the context of immunizations and inplantable devices Lot number if available from order
_MDD_JCT_X_CREDIBLE_NPH_MEDICATIONORDER_MEDICATIONORDERPRESCRIPTION,MedicationName,Name of Medication
_MDD_JCT_X_CREDIBLE_NPH_MEDICATIONORDER_MEDICATIONORDERPRESCRIPTION,NumberOfRefills,Number of Refills allowed on order
_MDD_JCT_X_CREDIBLE_NPH_MEDICATIONORDER_MEDICATIONORDERPRESCRIPTION,RouteCode,"Route of medication by a prescriber, typcailly associated with medication."
_MDD_JCT_X_CREDIBLE_NPH_MEDICATIONORDER_MEDICATIONORDERPRESCRIPTION,RouteCodeSystem,"Guessing this is the wrong datapoint. We have [Medication... Instructions Route Per, Instructions Route Time, and Instructions Route] Route of administration"
_MDD_JCT_X_CREDIBLE_NPH_MEDICATIONORDER_MEDICATIONORDERPRESCRIPTION,RouteCodeSystemName,"Guessing this is the wrong datapoint. We have [Medication... Instructions Route Per, Instructions Route Time, and Instructions Route] Route of administration"
_MDD_JCT_X_CREDIBLE_NPH_MEDICATIONORDER_MEDICATIONORDERPRESCRIPTION,RouteCodeDisplayName,"Route of medication by a prescriber, typcailly associated with medication."
_MDD_JCT_X_CREDIBLE_NPH_MEDICATIONORDER_MEDICATIONORDERPRESCRIPTION,StartDate,Start Date of Medication
_MDD_JCT_X_CREDIBLE_NPH_MEDICATIONORDER_MEDICATIONORDERPRESCRIPTION,StartTime,The start time value sent in the NPH extract.
_MDD_JCT_X_CREDIBLE_NPH_MEDICATIONORDER_MEDICATIONORDERPRESCRIPTION,StatusCode,"The individual's status in the system, typically ""active"", ""inactive"", or ""pending"". The client status value as recorded."
_MDD_JCT_X_CREDIBLE_NPH_MEDICATIONORDER_MEDICATIONORDERPRESCRIPTION,StatusCodeDisplayName,"The individual's status in the system, typically ""active"", ""inactive"", or ""pending"". The client status value as recorded."
_MDD_JCT_X_CREDIBLE_NPH_MEDICATIONORDER_MEDICATIONORDERPRESCRIPTION,StrengthValueUnit,This is a best-effort parsed unit value and may not be fully accurate in all cases. The unit parsed from the strength text.
_MDD_JCT_X_CREDIBLE_NPH_MEDICATIONORDER_MEDICATIONORDERPRESCRIPTION,StrengthValueUnitCode,This is a best-effort parsed unit value and may not be fully accurate in all cases. The unit parsed from the strength text.
_MDD_JCT_X_CREDIBLE_NPH_MEDICATIONORDER_MEDICATIONORDERPRESCRIPTION,StrengthValue,This is a best-effort parsed strength value and may not be fully accurate in all cases. The medication strength in a cleaned-up form.
_MDD_JCT_X_CREDIBLE_NPH_MEDICATIONORDER_MEDICATIONORDERPRESCRIPTION,StrengthValueUnitCodeSystem,Not sure what to put here until I see the data back end database value representing the system name oid
_MDD_JCT_X_CREDIBLE_NPH_MEDICATIONORDER_MEDICATIONORDERPRESCRIPTION,StrengthValueUnitCodeSystemName,Not sure what to put here until I see the data Human Readable: industry standard categorization name of service if applicable
_MDD_JCT_X_CREDIBLE_NPH_MEDICATIONORDER_MEDICATIONORDERPRESCRIPTION,StrengthValueUnitCodeDisplayName,Not sure what to put here until I see the data Human Readable: end user friendly strength description
_MDD_JCT_X_CREDIBLE_NPH_MEDICATIONORDER_MEDICATIONORDERPRESCRIPTIONMEDICATION_VOCABULARY,ParentKey,The parent key value sent in the NPH extract.
_MDD_JCT_X_CREDIBLE_NPH_MEDICATIONORDER_MEDICATIONORDERPRESCRIPTIONMEDICATION_VOCABULARY,CodedEntryID,The coded entry id value sent in the NPH extract.
_MDD_JCT_X_CREDIBLE_NPH_MEDICATIONORDER_MEDICATIONORDERPRESCRIPTIONMEDICATION_VOCABULARY,Code,The code value sent in the NPH extract.
_MDD_JCT_X_CREDIBLE_NPH_MEDICATIONORDER_MEDICATIONORDERPRESCRIPTIONMEDICATION_VOCABULARY,CodeSystem,The code system value sent in the NPH extract.
_MDD_JCT_X_CREDIBLE_NPH_MEDICATIONORDER_MEDICATIONORDERPRESCRIPTIONMEDICATION_VOCABULARY,CodeSystemName,The code system name value sent in the NPH extract.
_MDD_JCT_X_CREDIBLE_NPH_MEDICATIONORDER_MEDICATIONORDERPRESCRIPTIONMEDICATION_VOCABULARY,DisplayName,The display name value sent in the NPH extract.
_MDD_JCT_X_CREDIBLE_NPH_MEDICATIONORDER_MEDICATIONORDERREASONCODE,ParentKey,Unique ID of the Order Item.
_MDD_JCT_X_CREDIBLE_NPH_MEDICATIONORDER_MEDICATIONORDERREASONCODE,CodedEntryID,Unique ID of the Order Item.
_MDD_JCT_X_CREDIBLE_NPH_MEDICATIONORDER_MEDICATIONORDERREASONCODE,Code,Back end database value representing the display name usually short hand or numeric
_MDD_JCT_X_CREDIBLE_NPH_MEDICATIONORDER_MEDICATIONORDERREASONCODE,CodeSystem,Back end database value representing the system name oid
_MDD_JCT_X_CREDIBLE_NPH_MEDICATIONORDER_MEDICATIONORDERREASONCODE,CodeSystemName,The code system name value sent in the NPH extract.
_MDD_JCT_X_CREDIBLE_NPH_MEDICATIONORDER_MEDICATIONORDERREASONCODE,DisplayName,Human Readable: Reason for ordering the Medication
_MDD_JCT_X_CREDIBLE_NPH_PHQ,EHR Assessment Result ID,The ehr assessment result id value sent in the NPH extract.
_MDD_JCT_X_CREDIBLE_NPH_PHQ,Appointment ID,The appointment id value sent in the NPH extract.
_MDD_JCT_X_CREDIBLE_NPH_PHQ,PHQ Assessment Type,The phq assessment type value sent in the NPH extract.
_MDD_JCT_X_CREDIBLE_NPH_PHQ,Score,Some agencies have varchars with error messages
_MDD_JCT_X_CREDIBLE_NPH_PHQ,EHR Assessment Type Code,Event measure type used downstream.
_MDD_JCT_X_CREDIBLE_NPH_PHQ_AND_FUP,Appointment Start,"The start of the time span, as a date or datetime value."
_MDD_JCT_X_CREDIBLE_NPH_PHQ_AND_FUP,Follow-up Plan Appointment ID,The follow-up plan appointment id value sent in the NPH extract.
_MDD_JCT_X_CREDIBLE_NPH_PROGRAMADMISSION_PROGRAMADMISSION,ClientID,Unique ID of the Client.
_MDD_JCT_X_CREDIBLE_NPH_PROGRAMADMISSION_PROGRAMADMISSION,AdmissionDate,The date associated with the admission or start. The date the client was admitted.
_MDD_JCT_X_CREDIBLE_NPH_PROGRAMADMISSION_PROGRAMADMISSION,AdmissionTime,Begin time for record
_MDD_JCT_X_CREDIBLE_NPH_PROGRAMADMISSION_PROGRAMADMISSION,TreatmentSettingCode,Back end database value representing the display name usually short hand or numeric
_MDD_JCT_X_CREDIBLE_NPH_PROGRAMADMISSION_PROGRAMADMISSION,TreatmentSettingCodeDisplayName,Human Readable: Location of care provision typically represented as inpatient/outpatient
_MDD_JCT_X_CREDIBLE_NPH_PROGRAMADMISSION_PROGRAMADMISSION,TypeCode,The type of admission.
_MDD_JCT_X_CREDIBLE_NPH_PROGRAMADMISSION_PROGRAMADMISSION,TypeCodeDisplayName,The type of admission.
_MDD_JCT_X_CREDIBLE_NPH_PROGRAMADMISSION_PROGRAMADMISSION,ProgramCode,Unique ID of the Program.
_MDD_JCT_X_CREDIBLE_NPH_PROGRAMADMISSION_PROGRAMADMISSION,ProgramCodeDisplayName,The program code display name value sent in the NPH extract.
_MDD_JCT_X_CREDIBLE_NPH_PROGRAMADMISSION_PROGRAMADMISSION,ProgramID,Unique ID of the Program.
_MDD_JCT_X_CREDIBLE_NPH_PROGRAMADMISSION_PROGRAMADMISSION,CreatedDate,Day record was created in source system
_MDD_JCT_X_CREDIBLE_NPH_PROGRAMADMISSION_PROGRAMADMISSION,CreatedTime,Time record was created in source system
_MDD_JCT_X_CREDIBLE_NPH_PROGRAMADMISSION_PROGRAMADMISSION,UpdatedDate,Day record was updated in source system if applicable
_MDD_JCT_X_CREDIBLE_NPH_PROGRAMADMISSION_PROGRAMADMISSION,UpdatedTime,Day record was created in source system if applicable
_MDD_JCT_X_CREDIBLE_NPH_PROGRAMADMISSION_REASONCODE,CodedEntryID,Internal ID used to identify a unique reason
_MDD_JCT_X_CREDIBLE_NPH_PROGRAMADMISSION_REASONCODE,Code,Back end database value representing the display name usually short hand or numeric
_MDD_JCT_X_CREDIBLE_NPH_PROGRAMADMISSION_REASONCODE,DisplayName,List of primary concern presented at admission
_MDD_JCT_X_CREDIBLE_NPH_PROGRAMDISCHARGE_PROGRAMDISCHARGE,ClientID,Unique ID of the Client.
_MDD_JCT_X_CREDIBLE_NPH_PROGRAMDISCHARGE_PROGRAMDISCHARGE,DischargeDate,The date the individual was discharged. The date the client was discharged.
_MDD_JCT_X_CREDIBLE_NPH_PROGRAMDISCHARGE_PROGRAMDISCHARGE,DischargeTime,End time for record
_MDD_JCT_X_CREDIBLE_NPH_PROGRAMDISCHARGE_PROGRAMDISCHARGE,ProgramID,Unique ID of the Program.
_MDD_JCT_X_CREDIBLE_NPH_PROGRAMDISCHARGE_PROGRAMDISCHARGE,RelatedProgramAdmissionID,Unique ID of the Enrollment.
_MDD_JCT_X_CREDIBLE_NPH_PROGRAMDISCHARGE_PROGRAMDISCHARGE,TypeCode,Back end database value representing the display name usually short hand or numeric
_MDD_JCT_X_CREDIBLE_NPH_PROGRAMDISCHARGE_PROGRAMDISCHARGE,TypeCodeDisplayName,Human Readable: break out of programs into different sub categorizations
_MDD_JCT_X_CREDIBLE_NPH_PROGRAMDISCHARGE_PROGRAMDISCHARGE,ProgramCode,Unique ID of the Program.
_MDD_JCT_X_CREDIBLE_NPH_PROGRAMDISCHARGE_PROGRAMDISCHARGE,ProgramCodeDisplayName,The program code display name value sent in the NPH extract.
_MDD_JCT_X_CREDIBLE_NPH_PROGRAMDISCHARGE_PROGRAMDISCHARGE,CreatedDate,Day record was created in source system
_MDD_JCT_X_CREDIBLE_NPH_PROGRAMDISCHARGE_PROGRAMDISCHARGE,CreatedTime,Time record was created in source system
_MDD_JCT_X_CREDIBLE_NPH_PROGRAMDISCHARGE_PROGRAMDISCHARGE,UpdatedDate,Day record was updated in source system if applicable
_MDD_JCT_X_CREDIBLE_NPH_PROGRAMDISCHARGE_PROGRAMDISCHARGE,UpdatedTime,Day record was created in source system if applicable
_MDD_JCT_X_CREDIBLE_NPH_PROGRAMDISCHARGE_REASONCODE,ParentKey,Unique ID of the Enrollment.
_MDD_JCT_X_CREDIBLE_NPH_PROGRAMDISCHARGE_REASONCODE,CodedEntryID,Unique ID of the Enrollment.
_MDD_JCT_X_CREDIBLE_NPH_PROGRAMDISCHARGE_REASONCODE,Code,The code value sent in the NPH extract.
_MDD_JCT_X_CREDIBLE_NPH_PROGRAMDISCHARGE_REASONCODE,Enrollment Outcome,The enrollment outcome value sent in the NPH extract.
_MDD_JCT_X_CREDIBLE_NPH_PROGRAMDISCHARGE_REASONCODE,DisplayName,The display name value sent in the NPH extract.
_MDD_JCT_X_CREDIBLE_NPH_PROGRAM_PROGRAM,ProgramCode,Unique ID of the Program.
_MDD_JCT_X_CREDIBLE_NPH_PROGRAM_PROGRAM,ProgramCodeDisplayName,The program code display name value sent in the NPH extract.
_MDD_JCT_X_CREDIBLE_NPH_PROGRAM_PROGRAM,ProgramTypeCode,The program type code value sent in the NPH extract.
_MDD_JCT_X_CREDIBLE_NPH_PROGRAM_PROGRAM,ProgramTypeCodeDisplayName,The program type code display name value sent in the NPH extract.
_MDD_JCT_X_CREDIBLE_NPH_PROGRAM_PROGRAM,CreatedDate,The date the Program record was created.
_MDD_JCT_X_CREDIBLE_NPH_PROGRAM_PROGRAM,CreatedTime,The date the Program record was created.
_MDD_JCT_X_CREDIBLE_NPH_PROGRAM_PROGRAM,UpdatedDate,The date the Program record was last updated.
_MDD_JCT_X_CREDIBLE_NPH_PROGRAM_PROGRAM,UpdatedTime,The date the Program record was last updated.
_MDD_JCT_X_CREDIBLE_NPH_PROVIDER_IDENTIFICATION,ParentKey,Unique ID of the User.
_MDD_JCT_X_CREDIBLE_NPH_PROVIDER_IDENTIFICATION,IdentificationID,Unique ID of the User.
_MDD_JCT_X_CREDIBLE_NPH_PROVIDER_IDENTIFICATION,Type,Back end database value to represent identification
_MDD_JCT_X_CREDIBLE_NPH_PROVIDER_IDENTIFICATION,Value,Unique ID of the User.
_MDD_JCT_X_CREDIBLE_NPH_PROVIDER_PROVIDER,FirstName,First Name of the Provider
_MDD_JCT_X_CREDIBLE_NPH_PROVIDER_PROVIDER,LastName,Last Name of the Provider
_MDD_JCT_X_CREDIBLE_NPH_PROVIDER_PROVIDER,NPI,"NPI Identifier for the provider, numeric"
_MDD_JCT_X_CREDIBLE_NPH_PROVIDER_PROVIDER,SpecialityTypeCode,The speciality type code value sent in the NPH extract.
_MDD_JCT_X_CREDIBLE_NPH_PROVIDER_PROVIDER,SpecialityTypeCodeDisplayName,The speciality type code display name value sent in the NPH extract.
_MDD_JCT_X_CREDIBLE_NPH_PROVIDER_PROVIDER,TaxIdentificationNumber,"TIN number for the provider, numeric"
_MDD_JCT_X_CREDIBLE_NPH_PROVIDER_PROVIDER,GenderCode,Back end database value representing the display name usually short hand or numeric
_MDD_JCT_X_CREDIBLE_NPH_PROVIDER_PROVIDER,GenderCodeDisplayName,Human Readable: Gender of Provider
_MDD_JCT_X_CREDIBLE_NPH_PROVIDER_PROVIDER,CreatedDate,Day record was created in source system
_MDD_JCT_X_CREDIBLE_NPH_PROVIDER_PROVIDER,CreatedTime,Time record was created in source system
_MDD_JCT_X_CREDIBLE_NPH_PROVIDER_PROVIDER,UpdatedDate,The updated date value sent in the NPH extract.
_MDD_JCT_X_CREDIBLE_NPH_PROVIDER_PROVIDER,UpdatedTime,Day record was created in source system if applicable
_MDD_JCT_X_CREDIBLE_NPH_SDOH,EHR Assessment Result ID,The ehr assessment result id value sent in the NPH extract.
_MDD_JCT_X_CREDIBLE_NPH_SDOH,Appointment ID,The appointment id value sent in the NPH extract.
_MDD_JCT_X_CREDIBLE_NPH_SDOH,Score,There is no score for SDOH
_MDD_JCT_X_CREDIBLE_NPH_SDOH,EHR Assessment Type Code,The ehr assessment type code value sent in the NPH extract.
_MDD_JCT_X_CREDIBLE_NPH_SERVICE_SERVICE,ClientID,Unique ID of the Client.
_MDD_JCT_X_CREDIBLE_NPH_SERVICE_SERVICE,DurationUnit,Number of units identified
_MDD_JCT_X_CREDIBLE_NPH_SERVICE_SERVICE,DurationUnitCode,Back end database value representing the display name usually short hand or numeric
_MDD_JCT_X_CREDIBLE_NPH_SERVICE_SERVICE,DurationUnitCodeDisplayName,Human Readable: description of the kind of units used in duration unit
_MDD_JCT_X_CREDIBLE_NPH_SERVICE_SERVICE,DurationValue,The duration of the time span in minutes.
_MDD_JCT_X_CREDIBLE_NPH_SERVICE_SERVICE,ServiceCode,Unique ID of the Appointment Type.
_MDD_JCT_X_CREDIBLE_NPH_SERVICE_SERVICE,ServiceCodeSystem,Back end database value representing the system name oid
_MDD_JCT_X_CREDIBLE_NPH_SERVICE_SERVICE,ServiceCodeSystemName,Human Readable: industry standard categorization name of service if applicable
_MDD_JCT_X_CREDIBLE_NPH_SERVICE_SERVICE,ServiceCodeDisplayName,Human Readable: the actual activity that was performed with the patient
_MDD_JCT_X_CREDIBLE_NPH_SERVICE_SERVICE,ServiceProgramCode,Unique ID of the Program.
_MDD_JCT_X_CREDIBLE_NPH_SERVICE_SERVICE,ServiceProgramCodeDisplayName,The service program code display name value sent in the NPH extract.
_MDD_JCT_X_CREDIBLE_NPH_SERVICE_SERVICE,VisitID,Unique ID of the Appointment.
_MDD_JCT_X_CREDIBLE_NPH_SERVICE_SERVICE,EndDate,"The end of the time span, as a date or datetime value."
_MDD_JCT_X_CREDIBLE_NPH_SERVICE_SERVICE,EndTime,"The end of the time span, as a date or datetime value."
_MDD_JCT_X_CREDIBLE_NPH_SERVICE_SERVICE,StartDate,"The start of the time span, as a date or datetime value."
_MDD_JCT_X_CREDIBLE_NPH_SERVICE_SERVICE,StartTime,"The start of the time span, as a date or datetime value."
_MDD_JCT_X_CREDIBLE_NPH_SERVICE_SERVICE,CreatedDate,The date the Appointment record was created.
_MDD_JCT_X_CREDIBLE_NPH_SERVICE_SERVICE,CreatedTime,The date the Appointment record was created.
_MDD_JCT_X_CREDIBLE_NPH_SERVICE_SERVICE,UpdatedDate,The date the Appointment record was last updated.
_MDD_JCT_X_CREDIBLE_NPH_SERVICE_SERVICE,UpdatedTime,The date the Appointment record was last updated.
_MDD_JCT_X_CREDIBLE_NPH_SERVICE_VOCABULARY,ParentKey,The parent key value sent in the NPH extract.
_MDD_JCT_X_CREDIBLE_NPH_SERVICE_VOCABULARY,CodedEntryID,The coded entry id value sent in the NPH extract.
_MDD_JCT_X_CREDIBLE_NPH_SERVICE_VOCABULARY,Code,The code value sent in the NPH extract.
_MDD_JCT_X_CREDIBLE_NPH_SERVICE_VOCABULARY,CodeSystem,The code system value sent in the NPH extract.
_MDD_JCT_X_CREDIBLE_NPH_SERVICE_VOCABULARY,DisplayName,The display name value sent in the NPH extract.
_MDD_JCT_X_CREDIBLE_NPH_SERVICE_VOCABULARY,CodeSystemName,The code system name value sent in the NPH extract.
_MDD_JCT_X_CREDIBLE_NPH_STAFFMEMBER_ROLE,SystemRoleID,Unique ID of the User.
_MDD_JCT_X_CREDIBLE_NPH_STAFFMEMBER_ROLE,RoleName,The individual's role within the system.
_MDD_JCT_X_CREDIBLE_NPH_STAFFMEMBER_STAFFMEMBER,ActivatedDate,Data Staff brought on at organization
_MDD_JCT_X_CREDIBLE_NPH_STAFFMEMBER_STAFFMEMBER,ActivatedTime,Time Staff brought on at organization
_MDD_JCT_X_CREDIBLE_NPH_STAFFMEMBER_STAFFMEMBER,AssociatedProviderID,Unique ID of the User.
_MDD_JCT_X_CREDIBLE_NPH_STAFFMEMBER_STAFFMEMBER,FunctionCode,The individual's job title.
_MDD_JCT_X_CREDIBLE_NPH_STAFFMEMBER_STAFFMEMBER,FunctionCodeDisplayName,The individual's job title.
_MDD_JCT_X_CREDIBLE_NPH_STAFFMEMBER_STAFFMEMBER,GenderCode,Back end database value representing the display name usually short hand or numeric
_MDD_JCT_X_CREDIBLE_NPH_STAFFMEMBER_STAFFMEMBER,GenderCodeDisplayName,Human Readable: Gender of Staff
_MDD_JCT_X_CREDIBLE_NPH_STAFFMEMBER_STAFFMEMBER,NPI,"NPI Identifier for the provider, numeric"
_MDD_JCT_X_CREDIBLE_NPH_STAFFMEMBER_STAFFMEMBER,FirstName,First name of the Staff
_MDD_JCT_X_CREDIBLE_NPH_STAFFMEMBER_STAFFMEMBER,LastName,Last Name of the Staff
_MDD_JCT_X_CREDIBLE_NPH_STAFFMEMBER_STAFFMEMBER,TaxIdentificationNumber,"TIN number for the provider, numeric"
_MDD_JCT_X_CREDIBLE_NPH_STAFFMEMBER_STAFFMEMBER,TerminatedDate,Date Expiration of staff employment
_MDD_JCT_X_CREDIBLE_NPH_STAFFMEMBER_STAFFMEMBER,TerminatedTime,Time Expiration of staff employment
_MDD_JCT_X_CREDIBLE_NPH_STAFFMEMBER_STAFFMEMBER,CreatedDate,Day record was created in source system
_MDD_JCT_X_CREDIBLE_NPH_STAFFMEMBER_STAFFMEMBER,CreatedTime,Time record was created in source system
_MDD_JCT_X_CREDIBLE_NPH_STAFFMEMBER_STAFFMEMBER,UpdatedDate,Day record was updated in source system if applicable
_MDD_JCT_X_CREDIBLE_NPH_STAFFMEMBER_STAFFMEMBER,UpdatedTime,Day record was created in source system if applicable
_MDD_JCT_X_CREDIBLE_NPH_VISIT_MODIFIER,CodedEntryID,Unique ID of the Appointment.
_MDD_JCT_X_CREDIBLE_NPH_VISIT_MODIFIER,Code,Back end database value representing the display name usually short hand or numeric
_MDD_JCT_X_CREDIBLE_NPH_VISIT_MODIFIER,DisplayName,Human Readable: the actual modifier that was performed with the patient usually related to the vocabulary
_MDD_JCT_X_CREDIBLE_NPH_VISIT_MODIFIER,CodeSystem,The code system value sent in the NPH extract.
_MDD_JCT_X_CREDIBLE_NPH_VISIT_MODIFIER,CodeSystemName,The code system name value sent in the NPH extract.
_MDD_JCT_X_CREDIBLE_NPH_VISIT_VISIT,POS ID CMS,The pos id cms value sent in the NPH extract.
_MDD_JCT_X_CREDIBLE_NPH_VISIT_VISIT,PlaceOfServiceCodeDisplayName,"Human Readable: location the visit was performed typically, OFFICE, School, Home, etc."
_MDD_JCT_X_CREDIBLE_NPH_VISIT_VISIT,CreatedDate,Day record was created in source system
_MDD_JCT_X_CREDIBLE_NPH_VISIT_VISIT,CreatedTime,Time record was created in source system
_MDD_JCT_X_CREDIBLE_NPH_VISIT_VISIT,UpdatedDate,Day record was updated in source system if applicable
_MDD_JCT_X_CREDIBLE_NPH_VISIT_VISIT,UpdatedTime,Day record was created in source system if applicable
_MDD_JCT_X_CREDIBLE_NPH_VISIT_VOCABULARY,ParentKey,The parent key value sent in the NPH extract.
_MDD_JCT_X_CREDIBLE_NPH_VISIT_VOCABULARY,CodedEntryID,The coded entry id value sent in the NPH extract.
_MDD_JCT_X_CREDIBLE_NPH_VISIT_VOCABULARY,Code,The code value sent in the NPH extract.
_MDD_JCT_X_CREDIBLE_NPH_VISIT_VOCABULARY,CodeSystem,The code system value sent in the NPH extract.
_MDD_JCT_X_CREDIBLE_NPH_VISIT_VOCABULARY,DisplayName,The display name value sent in the NPH extract.
_MDD_JCT_X_CREDIBLE_NPH_VISIT_VOCABULARY,CodeSystemName,The code system name value sent in the NPH extract.
_MDD_JCT_X_CREDIBLE_NPH_VITALSIGNSET_VITALSIGN,VitalSignID,Internal ID used to identify an individual vital reading
_MDD_JCT_X_CREDIBLE_NPH_VITALSIGNSET_VITALSIGN,ClientID,Unique ID of the Client.
_MDD_JCT_X_CREDIBLE_NPH_VITALSIGNSET_VITALSIGN,VitalSignName,Name of Vitals Sign taken
_MDD_JCT_X_CREDIBLE_NPH_VITALSIGNSET_VITALSIGN,ObservationUnit,"Back end database value representing the display name usually short hand or numeric, usually SNOMED"
_MDD_JCT_X_CREDIBLE_NPH_VITALSIGNSET_VITALSIGN,ObservationUnitCode,"Back end database value representing the display name usually short hand or numeric, usually SNOMED"
_MDD_JCT_X_CREDIBLE_NPH_VITALSIGNSET_VITALSIGN,ObservationUnitCodeSystem,Back end database value representing the system name oid
_MDD_JCT_X_CREDIBLE_NPH_VITALSIGNSET_VITALSIGN,ObservationUnitCodeSystemName,Human Readable: industry standard categorization name of unit if applicable
_MDD_JCT_X_CREDIBLE_NPH_VITALSIGNSET_VITALSIGN,ObservationUnitCodeDisplayName,The observation unit code display name value sent in the NPH extract.
_MDD_JCT_X_CREDIBLE_NPH_VITALSIGNSET_VITALSIGN,ObservationValue,Entry observed usually a numeric value
_MDD_JCT_X_CREDIBLE_NPH_VITALSIGNSET_VITALSIGN,ObservedDate,Date Vital Sign observed
_MDD_JCT_X_CREDIBLE_NPH_VITALSIGNSET_VITALSIGN,ObservedTime,Time Vital sign observed
_MDD_JCT_X_CREDIBLE_NPH_VITALSIGNSET_VITALSIGN,ObservingProviderID,Foreign key to Provider Collection
_MDD_JCT_X_CREDIBLE_NPH_VITALSIGNSET_VITALSIGN,ResultRangeDescription,Range acceptable result for observation
_MDD_JCT_X_CREDIBLE_NPH_VITALSIGNSET_VITALSIGN,ResultStatusCode,Back end database value representing the display name usually short hand or numeric
_MDD_JCT_X_CREDIBLE_NPH_VITALSIGNSET_VITALSIGN,ResultStatusCodeSystem,Human Readable: Status of Vital Reading
_MDD_JCT_X_CREDIBLE_NPH_VITALSIGNSET_VITALSIGN,ResultStatusCodeSystemName,Back end database value representing the system name oid
_MDD_JCT_X_CREDIBLE_NPH_VITALSIGNSET_VITALSIGN,ResultStatusCodeDisplayName,Human Readable: industry standard categorization name of the vital result status if applicable
_MDD_JCT_X_CREDIBLE_NPH_VITALSIGNSET_VITALSIGN,CreatedDate,Day record was created in source system
_MDD_JCT_X_CREDIBLE_NPH_VITALSIGNSET_VITALSIGN,CreatedTime,Time record was created in source system
_MDD_JCT_X_CREDIBLE_NPH_VITALSIGNSET_VITALSIGN,UpdatedDate,The updated date value sent in the NPH extract.
_MDD_JCT_X_CREDIBLE_NPH_VITALSIGNSET_VITALSIGN,UpdatedTime,Day record was created in source system if applicable
_MDD_JCT_X_CREDIBLE_NPH_VITALSIGNSET_VITALSIGNSET,ClientID,Unique ID of the Client.
_MDD_JCT_X_CREDIBLE_NPH_VITALSIGNSET_VITALSIGNSET,ObservedDate,Date Vitals Observed
_MDD_JCT_X_CREDIBLE_NPH_VITALSIGNSET_VITALSIGNSET,ObservedTime,Time Vitals Observed
_MDD_JCT_X_CREDIBLE_NPH_VITALSIGNSET_VITALSIGNSET,ObservingProviderID,Foreign key to Provider collection
_MDD_JCT_X_CREDIBLE_NPH_VITALSIGNSET_VITALSIGNSET,ProgramAdmissionID,Foreign key to Program Admission collection
_MDD_JCT_X_CREDIBLE_NPH_VITALSIGNSET_VITALSIGNSET,VisitID,Foreign key to Visit collection
_MDD_JCT_X_CREDIBLE_NPH_VITALSIGNSET_VITALSIGNSET,CreatedDate,Day record was created in source system
_MDD_JCT_X_CREDIBLE_NPH_VITALSIGNSET_VITALSIGNSET,CreatedTime,Time record was created in source system
_MDD_JCT_X_CREDIBLE_NPH_VITALSIGNSET_VITALSIGNSET,UpdatedDate,Day record was updated in source system if applicable
_MDD_JCT_X_CREDIBLE_NPH_VITALSIGNSET_VITALSIGNSET,UpdatedTime,Day record was created in source system if applicable
_MDD_JCT_X_CREDIBLE_NPH_VITALSIGNSET_VOCABULARY,CodedEntryID,Unique ID of the Vitals.
_MDD_JCT_X_CREDIBLE_NPH_VITALSIGNSET_VOCABULARY,Code,The loinc code mapped for the measure type.
_MDD_JCT_X_CREDIBLE_NPH_VITALSIGNSET_VOCABULARY,CodeSystem,The code system value sent in the NPH extract.
_MDD_JCT_X_CREDIBLE_NPH_VITALSIGNSET_VOCABULARY,DisplayName,A human-friendly name for the measure type.
_MDD_JCT_X_CREDIBLE_NPH_VITALSIGNSET_VOCABULARY,CodeSystemName,The code system name value sent in the NPH extract.
_MDD_JCT_X_MYRC_CLIENTS,Client ID,Unique identifier of the client in the agency's MyRC extract.
_MDD_JCT_X_MYRC_CLIENTS,Client Name First,Client given name supplied in the MyRC extract.
_MDD_JCT_X_MYRC_CLIENTS,Client Name Middle,Client middle name or middle initial supplied in the MyRC extract.
_MDD_JCT_X_MYRC_CLIENTS,Client Name Last,Client family name supplied in the MyRC extract.
_MDD_JCT_X_MYRC_CLIENTS,Client SSN,Client Social Security number supplied in the MyRC extract.
_MDD_JCT_X_MYRC_CLIENTS,Client Date of Birth,Birth date of the client.
_MDD_JCT_X_MYRC_CLIENTS,Client MyRC ROI Expiration Date,The date the client's release of information for MyRC expires.
_MDD_JCT_X_MYRC_CLIENTS,Client Is Eligible for MyRC,Indicates whether the client's MyRC ROI expiration date is on or after the extension execution date.
_MDD_JCT_X_MYRC_CLIENT_ADDRESSES,Client Address ID,Deterministic identifier of the client address row.
_MDD_JCT_X_MYRC_CLIENT_ADDRESSES,Client ID,Unique identifier of the client in the agency's MyRC extract.
_MDD_JCT_X_MYRC_CLIENT_ADDRESSES,Client Address ID Source,"Agency-supplied source identifier for the client address, when available."
_MDD_JCT_X_MYRC_CLIENT_ADDRESSES,Client Address Type,Address type supplied for the client address.
_MDD_JCT_X_MYRC_CLIENT_ADDRESSES,Client Address Line 1,Primary street line of the client address.
_MDD_JCT_X_MYRC_CLIENT_ADDRESSES,Client Address Line 2,Secondary street line of the client address.
_MDD_JCT_X_MYRC_CLIENT_ADDRESSES,Client Address City,City of the client address.
_MDD_JCT_X_MYRC_CLIENT_ADDRESSES,Client Address State,State or province of the client address.
_MDD_JCT_X_MYRC_CLIENT_ADDRESSES,Client Address Postal Code,Postal code of the client address.
_MDD_JCT_X_MYRC_CLIENT_ADDRESSES,Client Address County,County of the client address.
_MDD_JCT_X_MYRC_CLIENT_ADDRESSES,Client Address Is Primary,Indicates whether the source row marked the address as primary.
_MDD_JCT_X_MYRC_CLIENT_PHONES,Client Phone ID,Deterministic identifier of the client phone row.
_MDD_JCT_X_MYRC_CLIENT_PHONES,Client ID,Unique identifier of the client in the agency's MyRC extract.
_MDD_JCT_X_MYRC_CLIENT_PHONES,Client Phone ID Source,"Agency-supplied source identifier for the client phone, when available."
_MDD_JCT_X_MYRC_CLIENT_PHONES,Client Phone Type,Phone type supplied for the client phone.
_MDD_JCT_X_MYRC_CLIENT_PHONES,Client Phone Number,Phone number value supplied for the client phone.
_MDD_JCT_X_MYRC_CLIENT_PHONES,Client Phone Notes,Notes supplied for the client phone.
_MDD_JCT_X_MYRC_CLIENT_PHONES,Client Phone Is Primary,Indicates whether the source row marked the phone as primary.
_MDD_JCT_X_MYRC_CLIENT_RACES,Client Race ID,Deterministic identifier of the client race row.
_MDD_JCT_X_MYRC_CLIENT_RACES,Client ID,Unique identifier of the client in the agency's MyRC extract.
_MDD_JCT_X_MYRC_CLIENT_RACES,Client Race ID Source,"Agency-supplied source identifier for the client race, when available."
_MDD_JCT_X_MYRC_CLIENT_RACES,Client Race,Race value associated with the client.
_MDD_JCT_X_MYRC_CLIENT_RACES,Client Race Is Primary,Indicates whether the source row marked the race value as primary.
_MDD_JCT_X_MYRC_CLIENT_GENDERS,Client Gender ID,Deterministic identifier of the client gender row.
_MDD_JCT_X_MYRC_CLIENT_GENDERS,Client ID,Unique identifier of the client in the agency's MyRC extract.
_MDD_JCT_X_MYRC_CLIENT_GENDERS,Client Gender ID Source,"Agency-supplied source identifier for the client gender value, when available."
_MDD_JCT_X_MYRC_CLIENT_GENDERS,Client Gender,Gender value associated with the client.
_MDD_JCT_X_MYRC_CLIENT_GENDERS,Client Gender Is Primary,Indicates whether the source row marked the gender value as primary.
_MDD_JCT_X_MYRC_PROGRAMS,Program ID,Unique identifier of the program in the agency's MyRC extract.
_MDD_JCT_X_MYRC_PROGRAMS,Program Name,Name of the program supplied by the agency to avoid MyRC-side translation of program IDs.
_MDD_JCT_X_MYRC_ENROLLMENTS,Enrollment ID,Unique identifier of the enrollment or program episode in the agency's MyRC extract.
_MDD_JCT_X_MYRC_ENROLLMENTS,Client ID,Unique identifier of the client in the agency's MyRC extract.
_MDD_JCT_X_MYRC_ENROLLMENTS,Program ID,Unique identifier of the program in the agency's MyRC extract.
_MDD_JCT_X_MYRC_ENROLLMENTS,Enrollment Intake Date,The date the enrollment or service began.
_MDD_JCT_X_MYRC_ENROLLMENTS,Enrollment Status Change Date,The source-system date on which the enrollment status changed.
_MDD_JCT_X_MYRC_ENROLLMENTS,Enrollment Discharge Date,The source-system discharge date for the enrollment.
_MDD_JCT_X_MYRC_ENROLLMENTS,Enrollment End Date,"The date the enrollment or service ended, derived from Enrollment Status, Enrollment Discharge Date, and Enrollment Status Change Date."
_MDD_JCT_X_MYRC_ENROLLMENTS,Enrollment Status,Current status value supplied for the enrollment.
_MDD_JCT_X_MYRC_ENROLLMENTS,Enrollment Is Eligible for MyRC,Indicates whether the enrollment's client is currently eligible for MyRC.
_MDD_JCT_X_MYRC_ENROLLMENT_PROVIDERS,Enrollment Provider ID,Deterministic identifier of the enrollment-provider relationship row.
_MDD_JCT_X_MYRC_ENROLLMENT_PROVIDERS,Enrollment ID,Unique identifier of the enrollment or program episode in the agency's MyRC extract.
_MDD_JCT_X_MYRC_ENROLLMENT_PROVIDERS,Provider ID,"Agency-supplied source identifier for the provider, when available."
_MDD_JCT_X_MYRC_ENROLLMENT_PROVIDERS,Provider Name First,Provider given name supplied in the MyRC extract.
_MDD_JCT_X_MYRC_ENROLLMENT_PROVIDERS,Provider Name Middle,Provider middle name supplied in the MyRC extract.
_MDD_JCT_X_MYRC_ENROLLMENT_PROVIDERS,Provider Name Last,Provider family name supplied in the MyRC extract.
_MDD_JCT_X_MYRC_ENROLLMENT_PROVIDERS,Provider Name,Full provider name derived from the available provider name components.
_MDD_JCT_X_MYRC_ENROLLMENT_PROVIDERS,Provider Role,Role value supplied for the provider assignment.
_MDD_JCT_X_MYRC_ENROLLMENT_PROVIDERS,Provider Is Primary,Indicates whether the source row marked the provider assignment as primary.
_MDD_JCT_X_MYRC_ENROLLMENT_REFERRALS,Enrollment Referral ID,Deterministic identifier of the enrollment-referral relationship row.
_MDD_JCT_X_MYRC_ENROLLMENT_REFERRALS,Enrollment ID,Unique identifier of the enrollment or program episode in the agency's MyRC extract.
_MDD_JCT_X_MYRC_ENROLLMENT_REFERRALS,Referral ID,"Agency-supplied source identifier for the referral, when available."
_MDD_JCT_X_MYRC_ENROLLMENT_REFERRALS,Referral Agency,Agency or organization associated with the referral.
_MDD_JCT_X_MYRC_ENROLLMENT_REFERRALS,Referring Provider ID,"Agency-supplied source identifier for the referring provider, when available."
_MDD_JCT_X_MYRC_ENROLLMENT_REFERRALS,Referring Provider Name First,Referring provider given name supplied in the MyRC extract.
_MDD_JCT_X_MYRC_ENROLLMENT_REFERRALS,Referring Provider Name Last,Referring provider family name supplied in the MyRC extract.
_MDD_JCT_X_MYRC_ENROLLMENT_REFERRALS,Referring Provider Name,Full referring provider name derived from the available first and last name components.
_MDD_JCT_X_MYRC_ENROLLMENT_REFERRALS,Referring Provider Address,Address supplied for the referring provider.
_MDD_JCT_X_MYRC_ENROLLMENT_REFERRALS,Referring Provider Phone,Phone value supplied for the referring provider.
_MDD_JCT_X_MYRC_ENROLLMENT_REFERRALS,Referral Information,Free-form referral information supplied in the MyRC extract.
